date_time,28563608,28563621,28563607,28563613,28563601,28563612,28563611,28563615,28563614,28563610
201808010626,4,2,4,2,4,3,4,2,4,3
201808010632,9,4,5,4,5,6,9,4,9,5
201808010634,8,6,7,6,6,9,8,6,8,6
201808010637,8,8,9,8,7,8,8,8,8,8
201808010638,8,8,8,7,8,8,8,8,8,7
201808010639,7,8,7,7,8,7,7,8,7,7
201808010640,7,8,7,7,7,8,8,7,8,7
201808010641,8,8,8,8,8,8,8,8,8,7
201808010642,8,8,8,8,8,8,8,8,8,8
201808010643,9,9,9,8,9,8,9,9,9,8
201808010644,9,9,9,9,9,10,10,9,9,9
201808010645,10,10,10,10,10,10,10,10,10,10
201808010646,10,11,10,10,10,10,10,11,10,10
201808010647,11,11,11,11,11,11,11,11,11,11
201808010648,11,12,11,11,12,11,12,12,11,11
201808010649,12,12,12,11,12,12,12,12,12,12
201808010705,15,15,15,15,13,15,15,15,15,15
201808010720,13,13,13,13,13,13,13,13,13,13
201808010721,19,18,18,18,18,19,19,18,18,18
201808010722,19,19,19,19,19,19,19,20,20,19
201808010723,20,20,19,20,20,20,20,20,20,19
201808010724,20,20,20,20,20,20,21,20,20,20
201808010725,20,20,20,20,20,20,20,20,20,20
201808010741,21,21,21,21,26,21,21,21,21,21
201808010756,27,28,27,27,32,27,27,27,27,26
201808010811,47,49,49,46,38,49,49,48,48,47
201808010826,44,48,44,43,44,44,45,44,44,44
201808010841,42,45,42,41,42,42,43,42,42,41
201808010856,31,34,32,31,31,32,32,31,32,31
201808010911,59,43,61,41,59,43,61,42,43,59
201808010926,52,53,53,51,53,54,54,52,54,51
201808010941,48,49,48,47,48,50,49,48,49,47
201808010956,35,36,35,34,35,36,36,35,35,35
201808011011,25,26,26,25,26,26,26,25,25,25
201808011026,35,36,36,35,35,36,36,36,35,35
201808011041,30,31,32,30,31,30,31,31,30,31
201808011056,27,27,27,26,27,27,27,27,27,26
201808011112,25,36,25,25,25,26,26,35,25,25
201808011126,45,44,46,32,44,31,47,43,44,44
201808011141,39,40,39,38,39,36,40,40,39,38
201808011156,40,41,39,40,40,41,38,41,40,31
201808011212,25,38,25,37,37,38,35,38,37,25
201808011227,49,35,50,34,34,35,33,34,34,26
201808011242,55,31,54,31,30,32,31,31,31,26
201808011256,28,28,34,27,27,28,29,28,28,27
201808011326,14,14,14,14,24,14,14,14,14,14
201808011341,16,16,16,16,20,16,16,16,16,16
201808011356,10,10,10,10,17,10,10,10,10,10
201808011411,11,11,11,11,14,11,11,11,11,11
201808011412,8,11,8,8,11,8,8,8,8,8
201808011413,8,9,9,9,8,9,9,9,9,9
201808011414,9,9,9,9,9,9,9,9,9,9
201808011415,9,10,9,9,9,9,9,10,9,9
201808011416,8,9,8,9,8,9,9,9,9,9
201808011417,8,8,8,8,8,8,8,7,8,8
201808011432,8,8,8,8,8,8,8,8,8,8
201808011447,11,8,11,11,11,11,12,11,11,11
201808011503,7,8,7,7,9,7,8,7,8,7
201808011517,7,12,7,7,7,7,7,14,14,7
201808011532,15,16,15,16,15,17,17,20,20,15
201808011548,26,21,21,26,21,26,26,26,26,25
201808011549,23,22,23,24,23,24,24,22,22,23
201808011550,27,25,26,26,26,27,27,27,27,26
201808011551,28,29,28,28,28,29,29,29,29,28
201808011552,29,30,29,29,29,30,30,30,30,29
201808011553,29,28,29,28,27,29,29,28,28,28
201808011608,25,26,25,25,25,28,42,25,25,25
201808011624,55,35,57,26,34,29,56,27,27,53
201808011639,93,44,90,28,44,30,50,28,28,89
201808011654,79,54,76,29,53,31,45,30,30,70
201808011709,67,63,56,31,63,32,39,31,31,51
201808011723,32,33,39,32,57,33,33,33,33,32
201808011738,23,23,23,23,51,23,23,23,23,22
201808011753,17,17,17,17,45,17,17,17,17,16
201808011808,13,13,13,13,39,13,13,13,13,13
201808011823,11,14,10,10,33,11,11,11,10,10
201808011838,11,15,10,11,27,11,11,11,10,10
201808011853,37,16,34,37,21,37,36,37,36,34
201808011909,18,17,21,17,15,18,18,18,17,16
201808011923,9,12,8,12,9,9,9,12,11,8
201808011938,4,7,4,7,4,5,6,7,6,4
201808011954,2,2,2,2,1,0,2,2,0,0
201808011955,1,1,1,1,1,0,2,1,0,0
201808011956,1,1,1,1,1,0,2,1,0,0
201808011957,1,1,1,1,1,0,2,1,0,0
201808011958,1,1,1,1,1,0,1,1,0,0
201808011959,1,1,1,1,1,0,1,1,0,0
201808012000,1,1,1,1,1,0,1,1,0,0
201808012001,1,1,1,0,0,0,1,1,0,0
201808012002,1,1,1,0,0,0,1,1,0,0
201808012003,0,1,1,2,0,0,0,3,2,0
201808020610,2,4,4,4,4,4,6,5,5,3
201808020617,7,7,7,7,7,7,7,7,7,7
201808020618,6,6,7,6,7,6,6,6,6,6
201808020619,6,5,5,5,6,5,6,5,5,5
201808020620,5,5,5,5,5,5,5,5,5,5
201808020621,5,5,5,5,5,5,5,5,5,5
201808020622,5,6,6,6,6,6,6,6,6,5
201808020623,6,7,7,6,7,6,6,6,6,6
201808020624,7,7,7,7,7,8,8,7,7,7
201808020625,8,8,8,8,8,8,8,8,8,8
201808020626,8,8,8,8,8,8,9,9,9,8
201808020627,9,9,9,9,9,9,9,9,9,9
201808020628,10,10,9,10,9,10,10,10,10,9
201808020629,10,11,10,10,11,11,11,11,10,10
201808020645,11,11,11,11,12,11,11,11,11,11
201808020700,15,15,15,15,14,15,15,15,15,15
201808020715,16,23,16,16,16,16,17,16,16,16
201808020730,30,31,31,29,30,31,32,30,30,30
201808020745,21,22,22,21,21,22,22,21,21,21
201808020800,30,31,30,29,29,31,31,30,30,29
201808020815,48,27,49,46,47,54,51,48,46,46
201808020830,43,23,44,42,43,44,44,43,42,42
201808020845,18,18,18,17,18,18,19,18,17,17
201808020900,29,29,29,29,29,29,30,30,29,29
201808020916,66,88,94,54,86,93,95,71,56,78
201808020930,140,148,149,39,143,150,151,144,55,145
201808020945,161,163,164,102,159,164,166,158,156,158
201808021000,183,187,184,173,180,181,183,188,185,177
201808021015,151,150,150,149,147,149,151,150,148,147
201808021030,83,83,82,81,82,83,84,82,83,81
201808021045,144,144,145,140,141,142,147,141,143,141
201808021100,181,179,180,173,177,177,178,175,178,175
201808021101,265,237,238,232,227,235,240,230,238,232
201808021102,240,245,242,247,237,245,246,238,251,238
201808021104,253,261,268,273,258,258,259,253,272,249
201808021105,260,294,260,258,247,278,293,258,266,258
201808021106,241,250,233,237,228,269,249,235,244,235
201808021121,218,221,220,217,214,219,221,214,219,213
201808021136,243,250,245,244,239,248,248,242,247,239
201808021151,253,253,253,252,207,256,256,250,254,248
201808021206,176,177,178,176,175,179,179,176,178,174
201808021221,165,173,172,165,164,170,176,165,168,164
201808021236,112,108,107,108,108,110,111,111,108,106
201808021251,151,154,151,151,150,152,153,151,152,151
201808021321,174,179,173,173,169,179,177,172,174,169
201808021336,153,147,146,148,146,148,149,147,147,145
201808021351,74,74,73,74,73,75,75,73,74,72
201808021406,72,74,72,72,74,74,74,72,73,70
201808021407,125,73,119,149,88,149,142,157,151,135
201808021408,200,214,203,204,212,200,203,207,210,191
201808021409,202,169,201,187,214,192,191,188,189,192
201808021410,142,109,144,136,114,141,149,128,133,141
201808021411,96,134,101,89,122,89,93,142,146,90
201808021412,103,92,100,101,98,103,103,102,103,97
201808021413,99,95,97,100,96,101,101,68,99,97
201808021428,142,89,138,139,139,141,141,52,73,138
201808021443,82,82,80,80,82,82,83,37,47,82
201808021458,48,50,47,21,49,22,49,21,21,46
201808021459,20,20,20,20,20,20,20,20,20,19
201808021500,19,19,19,19,19,19,20,19,19,19
201808021501,17,18,18,19,18,19,19,18,18,18
201808021502,16,17,16,17,17,17,16,17,18,16
201808021504,15,15,15,15,14,15,15,15,15,15
201808021505,14,14,14,14,13,14,14,14,14,14
201808021506,13,13,13,14,13,13,13,13,13,13
201808021507,12,13,12,13,12,12,13,13,13,12
201808021508,13,13,13,13,12,12,13,13,13,12
201808021509,13,14,13,14,13,14,14,14,14,13
201808021510,15,16,15,16,15,15,15,16,16,15
201808021511,18,18,16,18,18,17,18,18,18,17
201808021512,21,19,20,19,20,19,21,19,19,20
201808021513,23,22,23,23,22,23,23,23,23,22
201808021514,24,24,24,23,24,24,25,24,23,23
201808021515,23,23,23,22,23,24,23,23,23,23
201808021516,21,22,21,21,20,22,22,21,21,21
201808021517,20,20,18,19,18,20,20,19,19,19
201808021518,18,18,17,17,17,18,18,18,17,17
201808021533,35,36,35,35,35,36,36,36,35,34
201808021548,11,12,11,11,11,11,11,11,10,10
201808021549,6,6,6,6,6,6,6,6,6,6
201808021550,6,6,6,6,6,6,6,6,6,6
201808021551,6,7,6,7,6,6,6,7,6,6
201808021552,7,7,7,7,6,6,7,7,7,6
201808021553,7,8,7,8,8,7,7,7,7,7
201808021554,8,9,9,8,8,8,8,8,8,8
201808021555,8,9,9,9,9,8,9,9,9,8
201808021556,8,9,9,8,8,8,8,8,9,8
201808021557,8,9,8,8,8,8,8,8,8,8
201808021558,8,9,9,8,8,8,8,8,8,8
201808021559,8,9,9,9,8,8,9,8,9,8
201808021600,8,9,8,9,8,8,8,9,9,8
201808021601,7,8,8,7,8,8,7,7,8,7
201808021602,7,7,7,7,7,7,7,7,7,6
201808021603,7,7,7,7,6,7,7,7,7,6
201808021604,7,8,7,8,7,8,8,8,8,7
201808021605,11,10,11,10,11,9,10,10,10,9
201808021606,13,12,12,12,12,13,13,12,12,12
201808021621,21,15,20,21,21,21,21,21,20,20
201808021636,9,19,9,8,9,9,9,9,8,8
201808021651,7,22,7,7,7,7,8,11,11,7
201808021707,13,26,12,13,12,13,13,13,13,12
201808021721,29,29,29,29,29,28,29,29,29,27
201808021737,45,27,42,45,29,44,46,45,45,42
201808021752,28,24,26,28,29,27,28,28,27,26
201808021807,45,22,40,44,28,43,44,44,43,40
201808021822,44,19,38,43,28,41,42,44,41,40
201808021837,29,16,27,28,28,28,29,29,28,27
201808021852,18,14,16,18,18,18,18,23,18,16
201808021907,12,11,10,14,11,15,16,16,14,14
201808021922,14,10,12,10,13,13,13,10,10,12
201808021923,11,10,10,11,10,10,11,11,11,10
201808021924,10,10,10,10,9,10,10,10,10,10
201808021925,9,8,7,9,7,9,9,8,8,8
201808021926,5,6,5,7,6,5,5,7,7,5
201808021927,4,5,4,4,5,4,4,4,4,4
201808021942,5,5,4,5,5,5,5,5,4,4
201808021943,3,3,3,4,5,3,4,3,2,3
201808021944,3,3,3,3,3,2,3,3,1,3
201808021945,3,3,3,3,3,3,3,3,1,3
201808021946,3,3,2,3,3,3,3,3,0,3
201808021947,2,2,2,2,2,2,2,3,0,2
201808021948,2,2,2,2,2,1,2,2,0,0
201808021949,2,2,2,2,2,0,2,2,0,0
201808021950,2,2,2,2,2,0,2,2,0,0
201808021951,2,2,2,2,2,0,2,2,0,0
201808021952,2,2,2,2,2,0,2,2,0,0
201808021953,2,2,2,2,2,0,2,2,0,0
201808021954,2,2,2,2,2,0,2,2,0,0
201808021955,1,1,2,2,2,0,2,2,0,0
201808021956,1,1,1,1,2,0,2,1,0,0
201808021957,1,1,1,1,1,0,1,1,0,0
201808021958,1,1,1,1,1,0,1,1,0,0
201808021959,1,1,1,1,1,0,1,1,0,0
201808022000,1,1,1,1,1,0,1,1,0,0
201808022001,1,1,1,1,1,0,1,1,0,0
201808022002,0,1,1,0,0,0,1,1,0,0
201808022003,0,1,1,0,0,0,1,1,0,0
201808022004,0,1,2,0,1,0,1,1,0,0
201808030613,2,2,4,2,4,3,2,3,0,3
201808030620,4,4,5,4,5,4,4,4,3,5
201808030622,6,6,6,6,6,6,6,6,6,6
201808030623,6,7,6,6,6,6,6,6,6,6
201808030624,7,7,8,6,7,7,7,7,7,6
201808030625,7,8,7,7,7,7,8,7,7,7
201808030626,7,7,7,7,7,7,8,7,7,7
201808030627,7,8,8,7,7,7,8,8,7,7
201808030628,8,8,8,7,7,8,8,8,8,7
201808030629,8,8,8,7,8,7,8,8,8,8
201808030630,8,9,8,8,8,8,9,8,8,8
201808030631,11,13,10,10,11,11,11,11,11,11
201808030632,13,13,14,13,11,13,14,13,13,13
201808030633,10,10,9,10,9,10,11,10,10,10
201808030634,9,9,10,9,9,8,10,9,9,9
201808030649,11,13,12,11,11,11,12,11,11,11
201808030705,15,16,16,15,17,15,16,16,15,15
201808030719,22,17,23,16,22,16,17,17,16,16
201808030734,24,18,24,17,24,17,18,18,17,17
201808030750,19,19,19,18,28,18,19,19,19,18
201808030805,13,14,13,13,33,13,14,14,14,13
201808030820,19,20,19,19,37,19,20,20,19,19
201808030835,42,26,42,42,42,42,43,43,42,42
201808030850,36,32,35,35,36,35,36,36,35,35
201808030905,31,38,30,28,31,27,32,28,28,30
201808030920,21,44,21,20,21,20,21,21,21,20
201808030935,38,50,37,37,37,37,38,38,37,36
201808030950,54,56,54,53,54,53,55,47,54,54
201808031005,31,31,31,31,31,31,32,56,60,31
201808031020,55,55,55,51,54,54,56,65,66,55
201808031035,74,75,74,71,74,119,76,73,72,72
201808031050,185,186,185,182,183,184,190,183,184,182
201808031106,194,192,192,188,192,190,194,190,191,188
201808031120,202,199,199,195,197,195,198,197,198,195
201808031135,216,225,225,217,214,217,220,213,219,210
201808031150,267,266,268,266,259,269,267,262,267,262
201808031205,106,108,106,107,107,108,109,107,108,105
201808031220,71,70,72,70,64,71,72,71,70,70
201808031221,49,52,48,50,53,48,50,50,50,47
201808031222,69,60,64,60,63,55,57,59,59,66
201808031223,85,71,82,90,77,86,88,90,89,83
201808031224,107,115,102,108,100,108,107,110,110,103
201808031225,124,132,123,128,120,128,130,131,130,123
201808031226,140,141,137,138,153,141,140,138,137,138
201808031241,173,177,173,173,171,174,176,174,175,172
201808031256,156,152,155,153,155,155,156,153,153,152
201808031326,84,84,80,82,81,83,84,82,81,79
201808031341,172,172,170,171,169,171,172,171,171,169
201808031356,65,64,65,63,67,64,66,64,65,64
201808031411,14,14,13,14,14,14,14,14,14,13
201808031412,28,27,25,28,26,28,28,28,26,25
201808031413,28,28,25,28,28,28,28,28,26,26
201808031414,29,29,26,28,29,29,29,29,27,26
201808031415,31,31,31,31,32,31,31,31,29,28
201808031416,35,34,33,33,34,35,36,33,32,34
201808031417,39,36,37,38,37,37,38,39,37,37
201808031418,38,37,37,38,38,36,38,38,36,38
201808031419,36,26,36,26,37,35,37,26,24,36
201808031434,35,14,36,14,36,18,37,14,12,35
201808031449,19,2,20,2,19,1,2,2,0,18
201808031450,3,3,3,3,3,2,3,3,1,1
201808031451,4,4,4,4,4,4,4,4,1,3
201808031452,4,5,5,5,5,4,5,5,3,4
201808031453,6,5,6,5,6,6,6,5,5,5
201808031454,6,6,6,6,6,6,6,6,6,6
201808031455,7,6,7,7,7,7,7,7,7,7
201808031456,8,9,8,8,8,8,8,9,9,8
201808031511,44,23,44,44,45,43,45,23,22,43
201808031526,36,37,35,36,35,35,37,37,36,35
201808031541,69,70,69,69,69,68,70,69,69,68
201808031556,21,54,21,20,21,20,21,21,20,20
201808031611,4,38,4,4,4,4,4,4,4,4
201808031626,6,22,6,6,6,6,6,5,6,6
201808031627,9,6,9,9,9,9,10,6,10,9
201808031628,9,10,10,9,10,9,10,10,10,9
201808031629,9,9,10,9,10,9,9,10,9,9
201808031630,9,9,9,9,9,9,9,9,9,9
201808031631,8,8,9,8,8,8,8,8,8,8
201808031632,7,8,7,7,7,8,8,8,8,7
201808031647,8,8,8,8,8,8,8,9,9,8
201808031702,14,14,14,11,14,11,14,12,11,13
201808031703,15,15,14,14,15,13,15,14,14,14
201808031704,15,15,15,15,15,15,15,15,15,15
201808031706,16,16,15,16,17,16,16,16,16,15
201808031707,17,17,17,17,17,17,17,17,17,16
201808031708,17,18,17,17,17,17,17,18,17,17
201808031709,18,17,17,13,17,13,11,15,15,17
201808031724,11,12,12,9,12,8,8,12,12,10
201808031739,4,4,4,4,4,4,4,4,3,4
201808031753,1,3,3,3,3,2,3,3,1,2
201808031754,1,1,1,1,1,0,1,1,0,0
201808031755,0,1,1,1,0,0,0,1,0,0
201808031757,0,1,1,0,0,0,0,1,0,0
201808031800,0,1,1,0,0,0,0,1,0,0
201808031827,0,1,1,0,0,0,0,1,0,0
201808031829,0,1,1,1,1,0,0,1,0,0
201808031835,1,2,2,2,2,0,0,1,0,0
201808031836,2,2,2,2,2,0,1,1,0,0
201808031837,2,2,2,2,2,0,2,1,0,0
201808031838,2,2,2,2,2,1,2,1,0,1
201808031839,2,2,2,2,2,1,3,2,0,0
201808031840,3,2,3,3,3,1,3,2,0,0
201808031841,3,2,3,3,3,3,3,3,1,0
201808031842,3,3,3,3,3,3,3,4,1,1
201808031843,4,3,4,4,4,3,4,4,1,2
201808031844,4,4,4,4,4,4,4,4,3,4
201808031845,5,5,5,5,5,5,5,5,5,4
201808031846,5,6,5,6,6,5,6,6,6,5
201808031847,6,6,7,6,7,6,6,6,6,6
201808031848,8,7,7,7,7,7,8,7,7,7
201808031849,9,8,8,9,8,9,9,9,9,8
201808031850,9,9,9,10,9,9,9,10,10,9
201808031905,13,10,12,13,9,12,13,10,13,12
201808031907,10,10,10,10,10,10,10,10,10,10
201808031908,10,10,9,9,9,9,10,10,10,9
201808031909,9,9,9,9,9,9,9,9,10,9
201808031910,9,9,9,9,9,9,9,9,9,9
201808031911,8,9,9,8,9,8,9,8,9,8
201808031912,8,8,8,8,8,8,8,8,8,8
201808031913,8,8,8,8,8,8,8,8,8,8
201808031914,7,8,7,7,7,7,7,7,7,7
201808031915,7,7,7,7,7,7,7,7,7,7
201808031930,4,4,4,4,4,4,4,4,3,4
201808031931,1,2,2,2,2,0,2,1,0,0
201808031932,1,1,1,1,2,0,2,1,0,0
201808031933,1,1,1,1,2,0,2,1,0,0
201808031934,1,1,1,1,1,0,2,1,0,0
201808031935,1,1,1,1,1,0,2,1,0,0
201808031936,1,1,1,1,1,0,1,1,0,0
201808031937,1,1,1,1,1,0,1,1,0,0
201808031938,1,1,1,1,0,0,1,1,0,0
201808031939,1,1,1,1,0,0,1,1,0,0
201808031940,1,1,1,1,0,0,1,1,0,0
201808031941,0,1,1,1,1,0,0,1,0,0
201808040637,0,2,1,0,1,0,0,2,0,0
201808040643,2,2,1,1,2,0,2,2,0,0
201808040645,2,1,2,1,2,0,2,2,0,0
201808040647,1,1,2,2,1,0,2,1,0,0
201808040648,1,1,1,1,1,0,1,1,0,0
201808040649,1,1,1,1,2,0,1,1,0,0
201808040650,1,2,2,2,2,0,2,2,0,0
201808040651,4,3,4,3,4,1,3,3,0,0
201808040652,5,4,5,4,5,3,4,4,1,5
201808040653,6,6,6,6,6,6,6,5,6,6
201808040654,7,7,7,7,7,7,7,7,7,7
201808040655,7,8,7,7,7,7,8,8,8,7
201808040656,7,8,8,8,8,7,8,8,8,7
201808040657,8,8,8,8,8,8,8,8,8,7
201808040658,8,8,8,8,8,8,8,8,8,8
201808040659,8,8,8,8,7,8,8,8,8,8
201808040714,7,9,7,7,7,7,7,7,7,7
201808040729,7,11,7,7,8,7,8,8,8,7
201808040744,8,12,8,8,8,8,9,9,8,8
201808040759,9,14,9,9,9,9,9,9,9,9
201808040800,15,16,14,15,16,15,15,15,15,14
201808040801,17,18,19,17,19,17,17,18,17,16
201808040802,23,21,21,21,22,23,23,21,21,22
201808040803,26,24,25,27,26,27,27,27,27,25
201808040804,29,30,28,29,28,29,30,30,29,28
201808040805,31,28,31,28,31,27,28,28,27,28
201808040820,31,26,30,26,32,25,26,26,26,26
201808040834,24,24,29,24,43,24,24,24,24,23
201808040849,28,29,28,28,54,28,29,30,29,28
201808040904,22,45,22,22,64,22,23,23,23,22
201808040919,25,61,25,30,75,30,26,30,30,25
201808040934,37,77,37,39,86,37,38,38,37,37
201808040949,50,93,49,50,97,49,51,63,49,48
201808041004,90,109,90,79,108,79,92,88,80,89
201808041019,118,126,120,107,118,110,117,113,110,113
201808041035,138,142,98,135,103,140,142,139,140,137
201808041050,76,77,76,75,88,76,77,76,77,75
201808041105,71,71,72,69,72,71,72,70,71,70
201808041120,57,91,57,57,57,58,59,58,57,56
201808041135,104,112,102,107,101,106,107,108,107,102
201808041150,88,83,89,84,91,87,88,85,86,87
201808041205,61,62,59,60,60,60,62,61,60,60
201808041220,78,80,77,77,78,76,80,79,75,77
201808041221,97,101,98,95,94,96,98,99,98,94
201808041222,104,110,104,105,114,105,107,107,107,102
201808041223,158,133,160,124,148,124,169,125,127,162
201808041238,155,158,155,154,155,155,157,190,157,153
201808041253,225,223,225,225,222,226,227,205,226,222
201808041324,223,222,221,221,203,221,222,219,221,219
201808041339,96,221,93,97,185,96,97,218,97,94
201808041354,141,220,140,140,166,141,142,218,114,139
201808041409,75,219,72,152,147,75,76,217,131,71
201808041424,131,218,130,165,128,103,134,216,148,129
201808041439,119,217,116,177,119,132,155,215,165,115
201808041454,182,216,180,189,181,160,176,214,182,146
201808041510,223,216,226,202,149,189,197,213,199,178
201808041523,212,215,137,214,116,217,218,212,215,210
201808041538,52,133,49,52,84,51,52,51,51,48
201808041539,109,51,106,139,52,136,131,153,147,122
201808041540,257,260,255,258,236,263,260,252,257,248
201808041541,248,252,250,251,244,249,252,246,251,246
201808041542,246,246,242,245,242,249,246,244,252,240
201808041543,237,240,235,239,234,237,239,239,241,231
201808041544,231,242,233,232,233,233,237,231,235,226
201808041545,226,226,227,228,227,231,228,224,233,224
201808041546,228,229,227,224,247,227,231,253,229,251
201808041547,268,227,223,224,221,227,228,219,226,220
201808041548,220,229,223,223,220,228,228,224,225,215
201808041549,198,200,200,239,195,205,206,202,219,196
201808041604,196,155,199,200,193,198,202,194,201,190
201808041619,196,109,173,196,193,199,199,194,198,191
201808041634,177,64,22,188,135,180,180,135,99,61
201808041649,119,19,15,105,20,125,59,76,59,17
201808041705,19,17,16,22,22,19,18,17,19,15
201808041720,24,16,18,44,24,23,24,24,52,20
201808041735,19,14,12,33,18,17,18,18,19,13
201808041750,20,12,11,19,12,19,17,20,15,11
201808041751,18,12,11,15,12,19,15,16,13,11
201808041752,17,12,11,16,13,19,15,15,13,11
201808041753,17,13,11,16,13,21,14,14,13,11
201808041754,17,13,11,15,13,20,14,14,13,11
201808041755,17,13,11,15,13,19,14,14,13,11
201808041756,17,13,11,16,14,18,14,14,13,12
201808041757,16,13,12,16,14,17,14,15,13,12
201808041812,15,12,11,15,12,14,14,14,12,12
201808041827,19,11,19,13,11,13,20,12,11,19
201808041842,12,10,12,11,10,11,15,11,10,11
201808041858,9,9,9,9,9,9,9,9,9,8
201808041913,7,8,7,8,7,7,8,8,8,7
201808041928,10,10,10,10,5,10,10,10,10,10
201808041929,5,5,5,5,5,5,5,5,5,5
201808041930,5,5,5,5,5,5,5,5,5,4
201808041931,5,5,4,5,5,5,5,5,5,4
201808041932,5,5,4,5,5,5,5,5,5,4
201808041933,5,5,4,5,5,5,5,5,5,4
201808041934,5,5,5,5,5,5,5,5,5,4
201808041949,5,5,4,5,5,5,5,5,4,4
201808041950,3,5,3,5,3,5,5,5,4,4
201808041951,3,3,3,3,3,3,3,3,0,3
201808041952,3,3,3,3,3,2,3,2,0,2
201808041953,2,2,2,2,2,2,2,2,0,1
201808041954,2,2,2,2,2,1,2,2,0,0
201808041955,2,2,2,2,2,1,2,2,0,0
201808041956,2,2,2,2,2,0,2,2,0,0
201808041957,2,2,2,2,2,0,2,2,0,0
201808041958,2,2,2,2,2,0,2,2,0,0
201808041959,2,2,2,2,2,0,2,2,0,0
201808042000,2,2,2,2,2,0,2,2,0,0
201808042001,2,2,2,2,2,0,2,2,0,0
201808042002,1,2,1,2,2,0,2,2,0,0
201808042003,1,1,1,1,1,0,1,1,0,0
201808042004,1,1,1,1,1,0,1,1,0,0
201808042005,1,1,1,1,1,0,1,1,0,0
201808042006,1,1,1,1,1,0,1,1,0,0
201808042007,1,1,1,1,1,0,1,1,0,0
201808050628,2,2,2,2,2,2,2,2,1,2
201808050634,5,4,3,4,3,4,6,4,6,3
201808050636,7,5,5,5,4,6,7,5,6,5
201808050639,6,6,6,6,5,6,6,6,6,6
201808050640,7,7,7,7,7,7,7,7,7,7
201808050641,8,8,8,8,7,8,8,8,8,7
201808050642,8,9,8,8,8,8,8,8,8,8
201808050643,8,9,8,8,8,8,9,8,8,8
201808050644,8,9,8,8,8,8,9,8,9,8
201808050645,8,9,8,8,8,8,9,8,9,8
201808050646,8,9,9,8,9,8,9,9,9,8
201808050647,9,9,9,9,9,9,10,9,9,9
201808050648,10,10,10,10,10,10,10,10,9,10
201808050649,11,11,11,11,11,11,11,11,11,11
201808050650,12,12,12,11,12,11,12,12,12,12
201808050651,12,14,12,12,12,12,12,12,13,12
201808050706,14,18,15,14,14,14,15,15,15,14
201808050721,21,22,22,20,21,21,22,21,21,21
201808050736,28,29,29,27,28,28,29,28,28,28
201808050737,32,34,34,31,32,33,34,32,32,33
201808050738,31,34,34,30,32,31,34,32,32,32
201808050739,31,35,33,32,32,33,34,33,33,32
201808050740,30,33,32,28,31,30,31,31,31,30
201808050741,31,32,32,29,30,31,32,31,30,31
201808050742,31,35,33,35,32,40,42,37,37,32
201808050757,34,37,36,42,34,48,49,44,44,41
201808050812,38,39,39,48,38,57,57,51,50,50
201808050826,59,59,49,55,59,66,64,58,57,59
201808050841,55,79,60,52,79,61,63,62,54,55
201808050856,65,99,93,56,100,91,93,66,47,65
201808050912,49,118,114,38,120,115,116,70,40,64
201808050927,130,146,134,39,140,144,146,133,49,141
201808050942,150,154,154,68,150,151,154,149,143,149
201808050957,165,169,168,161,165,166,169,164,168,164
201808051012,177,181,180,176,176,179,182,176,180,175
201808051027,203,191,191,187,192,189,191,202,191,195
201808051042,196,200,199,202,194,198,200,195,207,193
201808051057,206,218,216,206,204,235,226,205,209,204
201808051112,209,219,213,210,207,213,215,209,213,208
201808051127,217,221,219,217,213,219,220,215,219,214
201808051142,224,228,228,225,221,227,228,223,227,222
201808051157,229,235,234,232,226,232,233,229,233,228
201808051212,233,238,238,235,230,235,237,232,237,231
201808051227,236,243,241,238,233,240,241,235,239,235
201808051242,241,244,246,244,238,245,245,240,244,240
201808051257,240,246,244,244,238,245,245,239,244,238
201808051328,238,245,242,240,236,244,243,236,240,235
201808051342,239,245,243,237,235,241,244,233,238,236
201808051357,234,240,239,234,231,238,239,230,235,232
201808051413,230,236,234,232,227,235,234,228,233,228
201808051428,231,231,233,233,223,235,233,222,234,227
201808051443,223,227,226,225,220,228,227,216,227,220
201808051458,220,223,222,218,216,225,224,210,220,215
201808051513,215,218,216,211,210,217,216,204,213,209
201808051528,207,194,209,205,203,209,208,198,206,202
201808051543,200,170,202,198,197,201,200,192,199,194
201808051558,192,146,192,191,188,193,192,186,191,186
201808051612,182,122,132,184,165,185,184,180,184,177
201808051627,173,98,72,174,142,183,175,171,161,124
201808051642,160,74,26,108,119,162,125,123,38,30
201808051657,40,50,24,69,96,44,31,75,43,24
201808051713,27,26,22,30,73,28,27,27,47,25
201808051727,27,24,21,28,50,27,27,27,37,22
201808051743,27,22,19,27,27,27,26,28,26,20
201808051758,28,19,17,23,23,24,22,25,20,18
201808051813,20,17,16,20,19,19,18,19,18,16
201808051828,17,15,14,17,15,16,16,16,16,14
201808051843,15,13,12,15,13,14,14,14,14,12
201808051858,12,11,10,12,12,12,12,12,12,10
201808051913,10,9,8,10,10,10,10,10,10,9
201808051928,8,7,7,8,7,8,8,8,8,7
201808051943,5,5,4,5,5,5,5,5,4,4
201808051944,3,3,3,3,3,3,3,3,1,3
201808051945,3,3,3,3,3,3,3,3,1,3
201808051946,3,3,2,3,3,3,3,3,0,3
201808051947,3,3,2,3,3,3,3,3,0,2
201808051948,3,3,2,3,3,3,3,3,0,2
201808051949,3,3,2,3,3,2,3,3,0,2
201808051950,2,2,2,2,2,2,3,2,0,1
201808051951,2,3,2,2,2,2,2,2,0,1
201808060618,1,3,1,3,3,2,1,3,0,2
201808060619,3,4,3,3,3,3,3,4,1,3
201808060621,3,5,4,4,4,4,3,4,1,4
201808060628,4,5,5,5,5,5,5,5,3,5
201808060629,5,5,5,5,5,5,5,5,5,5
201808060630,5,6,5,5,5,5,6,6,5,5
201808060631,5,6,6,5,6,6,6,6,6,5
201808060632,6,6,6,6,6,6,6,6,6,5
201808060633,5,6,5,5,6,5,6,6,6,5
201808060634,5,6,6,6,5,6,6,6,6,5
201808060635,6,6,6,6,6,6,6,6,6,5
201808060636,6,6,6,6,6,6,6,6,6,6
201808060637,6,7,6,6,6,6,6,6,6,6
201808060638,6,7,6,6,6,6,7,7,7,6
201808060653,10,11,10,10,10,10,10,10,10,10
201808060708,17,17,17,16,17,17,17,17,17,17
201808060709,22,22,22,21,22,22,23,22,22,22
201808060710,22,22,22,22,21,22,22,22,22,22
201808060711,21,21,21,21,20,21,21,21,21,21
201808060712,19,19,20,18,20,19,20,19,19,19
201808060713,19,19,19,18,18,19,19,19,19,18
201808060714,20,21,20,20,20,20,21,21,21,20
201808060715,21,22,21,20,24,22,22,21,21,21
201808060730,21,21,21,20,27,21,21,21,21,21
201808060745,27,28,27,26,29,27,28,27,27,27
201808060800,32,33,33,31,32,33,33,32,32,32
201808060815,37,38,37,35,36,37,37,37,39,36
201808060830,54,58,57,52,54,58,59,55,54,54
201808060845,48,96,95,41,46,96,96,46,42,46
201808060900,35,119,118,31,36,118,119,36,32,36
201808060915,54,131,131,33,57,131,132,88,49,88
201808060930,140,144,144,34,141,144,145,141,66,141
201808060931,148,151,151,37,146,148,149,145,151,148
201808060932,147,151,151,37,147,152,151,147,151,148
201808060933,149,153,150,40,148,151,153,150,153,146
201808060934,152,157,154,41,151,155,157,149,155,151
201808060935,152,154,153,61,152,154,157,150,163,152
201808060936,155,157,155,113,153,156,157,160,165,149
201808060951,159,162,162,145,158,167,163,167,172,158
201808061006,171,174,174,177,169,177,182,174,179,169
201808061007,177,179,181,175,205,176,179,177,178,175
201808061008,178,182,180,179,193,181,182,174,180,183
201808061009,188,181,181,176,176,179,179,180,182,181
201808061010,242,183,184,178,178,177,184,220,180,238
201808061011,179,182,183,179,175,179,183,219,182,202
201808061012,180,184,181,180,177,183,186,181,182,177
201808061027,184,189,188,187,185,186,189,184,190,183
201808061042,193,207,207,193,192,203,208,192,201,190
201808061057,201,206,205,201,199,207,205,200,205,199
201808061112,207,208,212,208,206,212,212,206,211,205
201808061127,214,210,218,215,212,217,218,213,217,212
201808061142,219,212,224,221,217,223,224,218,223,218
201808061157,224,214,229,226,222,228,229,217,221,222
201808061212,229,216,234,222,226,225,234,216,220,227
201808061227,224,218,229,219,221,222,227,214,218,220
201808061243,215,220,218,215,224,220,219,213,217,213
201808061258,238,242,239,237,228,244,241,234,240,234
201808061328,238,239,239,236,232,245,242,234,240,233
201808061343,219,235,220,217,216,223,221,214,220,214
201808061358,234,232,237,236,228,242,240,233,239,231
201808061413,204,229,206,204,200,210,209,202,206,200
201808061428,225,225,227,225,220,231,230,222,227,220
201808061443,218,222,220,219,214,224,222,216,220,213
201808061458,218,221,219,218,213,224,222,212,219,212
201808061514,212,215,212,213,206,218,216,208,214,207
201808061528,203,208,204,203,199,208,207,204,208,198
201808061543,191,195,192,193,187,198,194,191,194,186
201808061558,187,187,186,185,183,190,190,184,188,182
201808061613,178,179,175,178,173,185,181,176,180,173
201808061628,166,167,70,166,162,181,168,164,153,118
201808061643,156,66,39,120,52,173,124,112,50,39
201808061658,46,40,35,44,37,56,41,39,43,32
201808061713,36,39,31,40,36,39,37,36,50,32
201808061728,36,37,28,49,36,40,37,37,41,30
201808061743,34,28,24,34,32,34,33,35,33,25
201808061758,33,23,20,26,27,27,25,30,24,21
201808061813,22,19,17,22,22,21,20,21,20,18
201808061828,19,17,15,19,17,18,18,18,18,15
201808061843,15,14,13,16,14,15,15,15,15,13
201808061858,13,12,11,13,12,13,13,13,12,11
201808061913,10,10,9,11,10,10,10,10,10,9
201808061915,8,8,7,8,8,8,8,8,8,7
201808061916,8,8,7,8,8,8,8,8,8,7
201808061917,8,8,7,8,8,8,8,8,8,7
201808061918,8,8,7,8,8,7,8,8,8,6
201808061919,7,7,7,7,7,7,7,8,8,6
201808061920,7,7,7,7,7,7,7,7,7,6
201808061921,7,7,6,7,7,7,7,7,7,6
201808061922,7,5,6,7,6,7,7,7,7,6
201808061937,5,3,5,5,5,5,5,5,5,5
201808061952,1,0,1,1,1,1,1,1,4,0
201808070615,2,2,2,2,2,2,3,3,4,2
201808070621,5,4,3,3,3,4,5,4,3,3
201808070624,6,5,4,4,4,5,6,5,6,4
201808070626,6,7,5,6,5,6,6,6,6,5
201808070627,6,7,7,6,7,7,6,7,7,6
201808070628,7,7,7,7,7,7,7,7,7,7
201808070629,7,8,7,7,8,7,8,7,7,7
201808070630,8,8,8,7,8,8,8,8,8,7
201808070631,8,9,9,8,8,8,8,8,8,8
201808070632,8,9,9,8,8,9,9,9,8,8
201808070633,9,9,9,9,9,9,9,9,9,8
201808070634,9,9,9,9,9,9,10,9,9,9
201808070635,9,10,9,9,9,10,10,9,9,9
201808070636,9,10,10,9,9,10,10,10,9,9
201808070651,11,12,11,11,11,12,12,11,11,11
201808070706,13,14,14,13,12,14,14,14,13,13
201808070721,14,15,14,14,14,15,15,15,14,13
201808070723,15,16,16,15,15,16,16,15,15,15
201808070724,16,16,16,15,16,17,17,16,15,15
201808070725,16,17,16,15,16,17,17,16,15,15
201808070726,16,17,16,15,16,17,17,16,16,15
201808070727,16,16,16,15,16,17,17,16,15,15
201808070728,15,16,16,14,15,16,17,16,15,14
201808070729,15,15,15,14,15,16,16,15,15,14
201808070744,18,20,18,18,18,21,21,19,19,18
201808070800,23,26,25,22,21,26,26,24,23,23
201808070815,27,31,30,25,25,63,34,27,26,26
201808070830,30,36,36,27,29,84,55,30,27,28
201808070845,32,57,91,28,30,94,95,32,28,31
201808070900,33,78,106,30,38,104,106,36,31,36
201808070915,60,98,125,35,61,121,122,86,53,77
201808070930,134,119,138,39,135,137,139,135,74,136
201808070945,149,139,154,114,149,152,154,149,154,149
201808071000,161,160,161,157,160,160,161,157,161,157
201808071015,169,172,172,169,168,170,172,168,173,177
201808071030,181,191,193,183,178,191,201,180,184,178
201808071045,192,195,196,184,189,194,196,191,196,190
201808071100,186,190,190,185,183,188,190,186,190,183
201808071116,186,203,193,198,183,202,204,199,204,184
201808071130,209,216,212,211,207,217,218,212,218,209
201808071145,173,173,177,167,170,173,173,168,173,166
201808071200,168,174,172,169,167,176,175,169,179,168
201808071215,182,186,184,180,177,186,187,180,189,179
201808071230,189,191,190,187,187,194,192,186,191,184
201808071245,201,201,201,200,192,205,204,198,203,196
201808071300,186,190,186,185,186,191,189,184,188,181
201808071330,153,154,154,151,144,158,156,150,153,148
201808071345,105,103,102,102,102,103,104,102,107,100
201808071400,114,117,110,114,112,115,116,119,114,115
201808071415,224,224,225,223,223,226,227,221,225,219
201808071430,76,174,76,75,76,76,76,74,75,74
201808071445,51,124,52,51,51,52,53,52,52,51
201808071500,41,73,41,40,41,41,41,40,41,40
201808071516,23,23,23,23,28,23,23,23,23,23
201808071517,16,16,16,16,16,16,16,16,16,15
201808071518,16,16,15,15,15,16,16,16,16,15
201808071519,15,16,16,15,15,16,16,16,16,15
201808071520,15,15,15,16,15,16,16,15,15,15
201808071521,14,15,15,14,14,14,15,15,14,14
201808071522,13,14,14,13,14,14,14,13,14,14
201808071523,13,9,13,13,13,13,14,13,13,13
201808071538,9,3,10,10,10,10,10,9,10,9
201808071539,4,4,3,4,4,4,4,4,3,4
201808071540,3,3,3,3,3,3,3,3,2,3
201808071541,3,3,3,3,3,3,3,3,1,3
201808071542,2,3,2,3,2,3,2,3,0,2
201808071543,2,2,2,2,2,0,2,2,0,1
201808071544,1,1,1,1,1,0,1,1,0,0
201808071545,1,1,1,1,1,0,1,1,0,0
201808071610,3,3,3,4,5,4,3,3,1,4
201808071617,6,6,6,8,8,8,7,6,7,7
201808071619,11,8,9,11,12,11,11,8,11,10
201808071620,13,13,13,14,14,13,13,14,13,12
201808071621,17,15,15,16,16,15,15,16,15,16
201808071622,20,17,17,18,19,18,20,18,17,18
201808071623,21,19,19,21,20,21,21,22,21,19
201808071624,23,21,20,24,22,23,23,23,23,21
201808071625,25,23,21,25,24,25,25,25,25,22
201808071626,27,25,24,28,26,27,28,28,27,25
201808071627,32,32,26,32,29,32,31,32,30,27
201808071628,36,37,29,37,34,37,36,38,35,31
201808071629,42,42,33,42,44,41,42,43,39,35
201808071630,52,48,41,47,48,48,47,48,45,39
201808071631,61,52,45,62,54,61,62,61,56,48
201808071646,69,64,59,69,63,54,54,69,63,60
201808071701,46,46,46,46,45,48,47,46,45,55
201808071717,44,45,44,46,44,47,46,47,45,49
201808071731,46,43,46,47,48,46,46,48,45,43
201808071746,30,30,29,29,29,30,30,30,29,29
201808071801,22,22,22,22,22,22,22,22,22,21
201808071816,23,23,22,23,23,23,23,23,22,22
201808071831,28,27,26,27,28,28,28,28,27,26
201808071846,28,26,26,26,27,26,27,28,27,27
201808071901,12,12,12,12,12,12,12,12,12,12
201808071916,15,9,14,15,15,15,15,15,15,14
201808071931,7,7,7,7,7,7,7,7,7,6
201808071946,2,2,2,2,3,2,3,2,1,2
201808080625,1,2,1,0,1,2,1,2,1,0
201808080627,1,2,2,1,2,1,0,2,0,0
201808080635,2,2,2,2,3,1,2,3,0,0
201808080636,3,2,3,3,3,2,3,3,0,0
201808080637,3,3,3,3,3,2,3,3,0,1
201808080638,3,3,3,3,3,3,4,3,1,3
201808080639,3,3,3,3,3,3,4,3,1,3
,,,,,,,,,,
,,,,,,,,,,
,,,,,,,,,,
,,,,,,,,,,
,,,,,,,,,,
,,,,,,,,,,
,,,,,,,,,,
,,,,,,,,,,
,,,,,,,,,,
,,,,,,,,,,
,,,,,,,,,,
,,,,,,,,,,
,,,,,,,,,,
,,,,,,,,,,
,,,,,,,,,,
,,,,,,,,,,
,,,,,,,,,,
,,,,,,,,,,
,,,,,,,,,,
,,,,,,,,,,
,,,,,,,,,,
,,,,,,,,,,
,,,,,,,,,,
,,,,,,,,,,
,,,,,,,,,,
,,,,,,,,,,
,,,,,,,,,,
,,,,,,,,,,
,,,,,,,,,,
,,,,,,,,,,
,,,,,,,,,,
,,,,,,,,,,
,,,,,,,,,,
,,,,,,,,,,
,,,,,,,,,,
,,,,,,,,,,
,,,,,,,,,,
,,,,,,,,,,
,,,,,,,,,,
,,,,,,,,,,
,,,,,,,,,,
,,,,,,,,,,
,,,,,,,,,,
,,,,,,,,,,
,,,,,,,,,,
,,,,,,,,,,
,,,,,,,,,,
,,,,,,,,,,
,,,,,,,,,,
,,,,,,,,,,
,,,,,,,,,,
,,,,,,,,,,
,,,,,,,,,,
,,,,,,,,,,
,,,,,,,,,,
,,,,,,,,,,
,,,,,,,,,,
,,,,,,,,,,
,,,,,,,,,,
,,,,,,,,,,
,,,,,,,,,,
,,,,,,,,,,
,,,,,,,,,,
,,,,,,,,,,
,,,,,,,,,,
,,,,,,,,,,
,,,,,,,,,,
,,,,,,,,,,
,,,,,,,,,,
,,,,,,,,,,
,,,,,,,,,,
,,,,,,,,,,
,,,,,,,,,,
,,,,,,,,,,
,,,,,,,,,,
,,,,,,,,,,
,,,,,,,,,,
,,,,,,,,,,
,,,,,,,,,,
,,,,,,,,,,
,,,,,,,,,,
,,,,,,,,,,
,,,,,,,,,,
,,,,,,,,,,
,,,,,,,,,,
,,,,,,,,,,
,,,,,,,,,,
,,,,,,,,,,
,,,,,,,,,,
,,,,,,,,,,
,,,,,,,,,,
,,,,,,,,,,
,,,,,,,,,,
,,,,,,,,,,
,,,,,,,,,,
,,,,,,,,,,
,,,,,,,,,,
,,,,,,,,,,
,,,,,,,,,,
,,,,,,,,,,
,,,,,,,,,,
,,,,,,,,,,
,,,,,,,,,,
,,,,,,,,,,
,,,,,,,,,,
,,,,,,,,,,
,,,,,,,,,,
,,,,,,,,,,
,,,,,,,,,,
,,,,,,,,,,
,,,,,,,,,,
,,,,,,,,,,
,,,,,,,,,,
,,,,,,,,,,
,,,,,,,,,,
,,,,,,,,,,
,,,,,,,,,,
,,,,,,,,,,
,,,,,,,,,,
,,,,,,,,,,
,,,,,,,,,,
,,,,,,,,,,
,,,,,,,,,,
,,,,,,,,,,
,,,,,,,,,,
,,,,,,,,,,
,,,,,,,,,,
,,,,,,,,,,
,,,,,,,,,,
,,,,,,,,,,
,,,,,,,,,,
,,,,,,,,,,
,,,,,,,,,,
,,,,,,,,,,
,,,,,,,,,,
,,,,,,,,,,
,,,,,,,,,,
,,,,,,,,,,
,,,,,,,,,,
,,,,,,,,,,
,,,,,,,,,,
,,,,,,,,,,
,,,,,,,,,,
,,,,,,,,,,
,,,,,,,,,,
,,,,,,,,,,
,,,,,,,,,,
,,,,,,,,,,
,,,,,,,,,,
,,,,,,,,,,
,,,,,,,,,,
,,,,,,,,,,
,,,,,,,,,,
,,,,,,,,,,
,,,,,,,,,,
,,,,,,,,,,
,,,,,,,,,,
,,,,,,,,,,
,,,,,,,,,,
,,,,,,,,,,
,,,,,,,,,,
,,,,,,,,,,
,,,,,,,,,,
,,,,,,,,,,
,,,,,,,,,,
,,,,,,,,,,
,,,,,,,,,,
,,,,,,,,,,
,,,,,,,,,,
,,,,,,,,,,
,,,,,,,,,,
,,,,,,,,,,
,,,,,,,,,,
,,,,,,,,,,
,,,,,,,,,,
,,,,,,,,,,
,,,,,,,,,,
,,,,,,,,,,
,,,,,,,,,,
,,,,,,,,,,
,,,,,,,,,,
,,,,,,,,,,
,,,,,,,,,,
,,,,,,,,,,
,,,,,,,,,,
,,,,,,,,,,
,,,,,,,,,,
,,,,,,,,,,
,,,,,,,,,,
,,,,,,,,,,
,,,,,,,,,,
,,,,,,,,,,
,,,,,,,,,,
,,,,,,,,,,