date_time,28563593,28563619,28563618,28563623,28563600,28563609,28563598
201709120701,5,5,5,5,5,1,1
201709120801,22,25,23,22,22,1,1
201709120901,57,60,60,59,58,1,58
201709121000,105,106,107,108,103,106,105
201709121201,180,186,185,184,181,183,183
201709121301,199,208,206,203,200,202,203
201709121401,207,217,215,212,207,211,210
201709121501,195,202,200,198,194,195,197
201709130700,4,5,4,4,4,1,1
201709130701,5,5,5,5,5,1,1
201709130801,20,21,21,21,20,1,10
201709130901,49,51,52,50,50,21,50
201709131400,45,50,49,48,46,47,46
201709131500,161,167,165,165,153,158,155
201709131600,173,38,40,42,172,73,177
201709160700,2,3,3,3,3,1,1
201709160701,3,3,3,3,3,1,1
201709170700,3,3,3,3,3,1,1
201709170701,3,3,3,3,3,1,1
201709170801,14,15,15,15,18,1,1
201709190700,3,4,4,4,4,1,1
201709190701,4,4,4,4,4,1,1
201709210700,3,3,3,3,2,1,1
201709210701,3,3,3,3,3,1,1
201709220700,4,4,5,4,4,1,1
201709220800,18,18,18,18,18,1,1
201709221001,70,64,64,64,62,60,59
201709221100,62,91,89,66,63,74,65
201709221200,100,105,100,104,101,102,102
201709221301,195,206,204,203,195,199,198
201709221400,230,238,236,234,147,148,155
201709221501,83,88,87,85,91,90,84
201709221601,43,44,44,44,43,44,43
201709221801,13,14,13,13,13,13,13
201709230700,2,2,3,2,2,1,1
201709230701,2,3,3,3,2,1,1
201709240700,2,2,2,2,2,1,1
201709240701,2,3,3,2,2,1,1
201709240800,11,11,14,11,11,1,1
201709241000,75,78,78,77,77,1,53
201709241101,124,128,127,127,124,29,126
201709241201,158,162,161,161,157,138,160
201709241401,178,186,184,183,179,182,182
201709241501,169,176,174,172,169,171,172
201709241601,139,40,92,132,146,141,137
201709241701,23,16,16,25,50,24,36
201709241801,8,8,8,7,8,13,8
201709250700,2,2,2,2,2,1,1
201709250701,2,2,3,2,2,1,1
201709260700,3,4,4,4,4,1,1
201709260701,4,4,4,4,4,1,1
201709270701,1,1,8,2,1,1,2
201709270801,17,18,17,17,17,1,1
201709271001,69,71,70,71,69,70,70
201709271101,117,121,121,120,118,120,120
201709271201,150,155,154,153,150,152,152
201709271301,171,176,175,174,170,144,173
201709271401,106,110,108,108,177,102,180
201709271801,8,7,7,6,6,6,7
201709280700,0,1,1,1,1,1,1
201709280800,9,9,9,9,9,9,9
201709281001,80,83,83,82,78,79,80
201709281100,113,142,139,129,116,117,118
201709281200,169,176,167,172,169,155,171
201709281301,191,193,192,194,190,193,193
201709281401,197,203,201,200,196,198,199
201709281501,187,194,193,190,177,191,180
201709281601,133,68,97,116,139,147,129
201709291000,76,78,78,78,72,58,77
201709291300,187,198,193,191,187,190,190
201709291400,196,204,201,200,195,198,198
201709291500,188,195,193,191,187,190,190
201709291600,91,96,110,126,126,149,151
201709291700,19,13,18,68,73,50,55
201709291801,7,7,6,6,16,22,7
201710050801,9,9,9,9,13,9,9
201710050900,24,22,22,21,24,22,24
201710051001,38,40,40,39,38,39,39
201710051101,109,114,114,113,109,109,110
201710051201,98,103,102,102,100,102,101
201710051301,178,183,182,181,177,180,180
201710051401,162,169,168,168,183,167,180
201710051701,12,18,26,67,31,26,17
201710051801,4,4,9,4,8,6,5
201710060801,9,9,9,9,10,1,1
201710060901,34,35,35,35,33,1,1
201710061001,46,50,49,48,47,48,47
201710061101,28,29,29,28,28,29,28
201710061201,67,70,69,69,68,40,68
201710061301,107,113,111,110,66,40,109
201710080801,3,3,3,4,3,1,1
201710080901,3,3,3,3,3,1,1
201710081001,16,17,16,16,16,23,1
201710081101,66,69,68,68,56,66,56
201710081501,120,63,62,62,61,62,61
201710090900,18,19,17,18,18,9,17
201710091000,28,30,28,29,33,31,33
201710091101,45,49,48,47,45,46,45
201710091201,47,48,48,48,47,47,47
201710091301,36,38,37,37,37,36,37
201710091401,30,32,31,31,30,31,30
201710091501,34,36,35,35,35,35,34
201710091701,16,18,12,16,16,9,16
201710091801,4,5,5,4,4,5,4
201710110901,12,23,27,13,13,1,1
201710111001,42,45,45,43,43,33,1
201710121200,146,149,148,149,146,145,148
201710121300,169,175,173,173,169,167,172
201710121400,17,183,182,181,171,169,140
201710121500,170,174,173,172,169,170,70
201710121600,15,57,75,100,49,99,18
201710121700,10,44,48,27,12,16,11
201710121800,3,3,3,3,3,3,3
201710160800,8,8,8,8,8,1,1
201710160801,7,7,7,7,7,1,1
201710220900,17,18,18,18,17,1,17
201710220901,17,18,18,18,17,1,17
201710240800,6,7,7,7,6,1,1
201710240801,6,6,6,6,6,1,1
201710251400,33,35,34,34,72,33,52
201710271200,64,129,128,128,96,109,91
201710271600,24,52,41,30,27,26,26
201710271700,19,24,22,22,19,12,19
201710280801,5,5,5,5,5,1,1
201710280901,10,11,11,10,10,1,3
201711020800,7,7,7,7,7,1,1
201711020801,7,8,8,8,8,1,1
201711030800,3,3,3,3,3,1,1
201711030801,3,4,4,4,4,1,1
201711040800,6,6,6,6,6,1,6
201711040801,6,6,7,6,6,1,6
201711040901,17,17,17,17,17,1,17
201711041001,32,39,38,37,36,14,34
201711041101,59,60,60,61,59,60,60
201711041501,67,47,54,72,60,54,59
201711060800,9,9,9,9,9,1,1
201711070800,20,22,21,21,21,20,18
201711070801,21,24,23,23,22,21,22
201711090700,3,4,4,4,4,1,1
201711090701,4,4,4,4,4,1,1
201711110700,4,5,5,5,4,1,4
201711120800,19,20,20,19,19,2,20
201711120801,20,21,22,21,20,2,20
201711150701,3,4,4,3,3,1,1
201711161000,17,19,18,18,18,1,16
201711161001,16,17,17,16,16,1,16
201711201600,1,2,2,1,1,0,1
201711220901,8,9,9,8,8,1,8
201711221101,17,18,18,17,17,1,17
201711221201,31,33,32,32,40,39,41
201711221301,23,24,24,24,9,19,24
201711240700,0,3,2,2,2,2,2
201711241100,59,84,83,83,76,83,62
201711241101,44,63,59,66,54,65,47
201711270801,11,12,12,11,13,2,11
201711280800,7,7,7,7,7,1,7
201711280801,7,8,7,7,7,1,7
201711290800,9,8,7,9,9,1,1
201711290900,13,14,14,13,19,21,1
201711291001,36,50,50,50,43,49,39
201711291101,43,71,73,71,59,66,47
201711291201,46,47,47,47,47,47,47
201711291301,11,11,11,11,11,10,11
201711291401,41,51,50,50,47,49,42
201711291601,4,5,6,4,4,4,4
201712041200,22,23,23,23,22,1,22
201712041300,25,25,26,28,28,41,29
201712041400,25,37,36,39,24,32,23
201712041500,25,18,17,18,27,21,40
201712041601,2,3,6,2,8,6,18
201712051500,1,2,1,1,1,1,1
201712090800,6,6,6,6,6,1,5
201712090801,5,6,6,5,6,1,6
201712101300,2,2,2,3,2,1,1
201712101301,2,2,2,3,3,1,1
201712101400,1,1,1,1,1,1,1
201712101401,1,2,2,2,1,1,1
201712111300,0,1,1,1,0,1,1
201712200801,5,2,1,1,0,1,1
201712200900,12,6,2,3,3,2,5
201712200901,12,6,2,3,4,2,6
201712201000,21,10,5,5,6,5,9
201712201001,21,10,5,4,6,5,10
201712201500,21,16,6,5,6,4,14
201712221101,2,2,2,0,2,0,1
201712230900,7,7,3,0,0,1,2
201712230901,7,7,3,0,0,1,2
201712231500,1,2,1,1,2,1,1
201712240801,8,8,8,8,8,1,8
201712240901,17,17,17,17,18,1,18
201712241001,34,35,35,35,34,2,36
201712301300,0,1,0,2,0,0,0
201801060801,0,0,0,1,1,2,0
201801080801,1,0,0,0,0,1,1
201801080901,8,4,3,5,5,6,7
201801081001,16,6,7,8,8,8,14
201801081100,8,3,5,5,6,6,8
201801081200,9,4,6,5,7,6,9
201801081401,6,3,3,3,4,3,6
201801081500,2,0,0,0,2,1,1
201801090900,5,2,2,2,3,1,1
201801091000,5,2,2,3,4,2,3
201801091301,22,6,11,9,14,11,27
201801091400,44,6,22,14,17,22,43
201801091500,36,5,26,13,20,22,36
201801091600,11,2,10,5,8,9,11
201801091601,11,2,9,5,7,9,11
201801101200,18,2,17,15,14,25,18
201801101301,19,4,20,19,23,43,20
201801101400,22,15,21,21,38,30,35
201801101501,37,5,13,21,37,31,44
201801101601,7,3,8,7,7,7,7
201801110800,6,5,6,6,6,1,1
201801110901,17,17,17,17,17,1,17
201801111001,40,43,43,43,42,2,42
201801111100,49,50,49,50,49,50,50
201801111101,51,53,52,52,52,51,51
201801111201,60,64,63,63,61,61,61
201801111300,65,71,71,68,66,67,67
201801111401,47,50,50,49,48,56,48
201801111500,31,32,32,32,31,32,32
201801111501,31,32,32,32,32,31,32
201801111601,10,11,10,11,10,10,10
201801120900,12,8,8,13,13,1,3
201801121000,4,4,4,4,4,1,2
201801121100,4,5,5,5,4,1,1
201801121200,12,12,12,12,12,1,1
201801121300,13,14,13,13,13,13,13
201801121400,7,8,8,8,7,7,8
201801121500,5,5,5,5,5,5,5
201801121600,1,2,2,2,2,1,1
201801130801,3,2,3,1,2,1,2
201801131600,4,3,3,3,4,3,3
201801131601,4,3,3,3,3,2,3
201801160800,5,4,4,4,5,1,1
201801160801,5,4,4,4,5,1,1
201801211300,2,2,2,2,0,1,1
201801211301,2,2,2,2,0,1,1
201801221200,4,4,4,4,4,1,3
201801221201,4,4,3,4,4,1,3
201801250800,5,5,5,5,5,1,5
201801250801,5,5,5,5,5,1,5
201801250900,11,11,11,11,10,6,10
201801251500,44,25,19,17,30,23,44
201801251600,10,14,13,12,10,11,11
201801251601,10,13,14,13,10,11,10
201801270900,18,20,20,20,19,20,19
201801270901,18,20,20,20,18,20,19
201801280800,18,19,19,19,19,18,19
201801280901,15,15,15,15,15,12,15
201801281000,16,17,17,17,16,16,16
201801281001,17,18,18,17,17,18,17
201801290800,4,5,5,4,4,2,3
201801290801,4,5,5,5,4,4,5
201801291501,77,44,44,52,67,57,73
201801291601,20,23,22,21,21,24,21
201801300800,5,6,6,6,6,3,6
201801310800,4,7,1,4,1,0,2
201801310801,4,7,2,4,1,0,2
201801310900,9,16,8,6,7,8,7
201801310901,9,16,8,7,8,8,7
201801311001,19,41,16,17,15,17,19
201802011000,0,0,1,0,0,0,0
201802011100,3,0,3,3,3,0,0
201802011101,3,0,3,3,3,0,0
201802011200,5,5,5,5,5,5,5
201802011201,5,5,5,5,5,5,5
201802011300,4,4,3,4,4,3,4
201802011301,4,4,3,4,4,4,3
201802011400,5,4,5,4,4,4,4
201802011401,5,4,4,3,4,4,4
201802020900,3,0,0,3,3,0,0
201802020901,3,0,0,3,3,0,0
201802021000,4,0,3,3,4,1,3
201802021001,7,2,4,5,7,4,8
201802021100,9,5,7,8,10,6,10
201802021101,10,5,7,8,10,7,10
201802021300,16,10,12,14,17,14,13
201802021301,13,9,10,12,14,13,13
201802021400,16,10,8,10,11,9,17
201802021401,12,7,7,8,9,6,11
201802021601,4,0,1,3,4,1,4
201802030900,5,0,4,4,5,0,4
201802030901,5,0,4,5,5,0,4
201802031100,21,12,14,17,22,17,22
201802031101,21,12,14,18,21,15,21
201802031601,5,1,4,4,5,4,3
201802040900,5,0,4,5,6,3,6
201802040901,5,0,4,5,6,3,6
201802041000,11,5,8,9,11,9,13
201802041001,11,5,8,8,11,8,13
201802041100,12,6,8,10,10,9,13
201802041101,12,6,8,9,12,9,12
201802041300,6,0,4,6,7,5,9
201802041301,7,0,5,6,7,5,7
201802041400,7,3,5,5,6,5,7
201802041401,7,3,5,5,6,4,7
201802041501,2,0,2,2,2,0,0
201802050901,10,12,11,11,10,8,9
201802051000,17,22,21,19,19,20,18
201802051001,24,27,26,24,23,22,19
201802051200,6,24,16,14,10,10,7
201802051400,21,33,23,8,10,8,8
201802051401,22,33,18,6,10,8,7
201802051500,9,15,10,9,5,4,8
201802051501,9,15,9,7,3,4,7
201802060900,3,1,4,3,3,0,0
201802060901,3,2,4,3,3,0,0
201802061000,6,5,6,6,5,3,4
201802061001,5,5,6,6,5,4,4
201802061100,8,8,8,8,7,6,7
201802061101,7,8,8,8,7,6,7
201802061400,5,4,5,5,5,4,4
201802061401,5,4,5,5,5,4,4
201802061601,0,0,2,0,0,0,0
201802070900,1,0,0,0,0,0,0
201802081401,1,0,2,0,0,0,0
201802101300,3,0,0,0,0,0,0
201802101301,3,0,0,0,0,0,0
201802111000,13,2,3,1,0,0,4
201802111301,30,28,12,6,8,5,30
201802111500,8,9,10,7,9,9,9
201802111501,9,10,9,7,9,9,9
201802111600,4,4,4,4,3,4,2
201802111601,3,3,3,3,3,0,3
201802111701,2,2,3,2,2,5,2
201802121700,5,5,5,5,4,5,5
201802121701,5,5,5,5,5,5,5
201802130800,16,17,16,16,18,16,18
201802130900,36,34,34,35,33,34,32
201802130901,34,37,38,38,36,38,36
201802140800,6,6,7,6,6,6,6
201802140801,6,7,7,7,6,7,6
201802141600,22,31,30,27,23,25,44
201802141700,9,9,9,9,9,9,9
201802141701,8,9,9,9,8,9,9
201802151700,6,6,7,6,6,6,7
201802151701,6,6,7,6,6,6,6
201802160800,3,2,3,3,3,0,2
201802161400,9,10,10,9,9,9,9
201802161401,8,9,9,8,8,8,8
201802161700,5,5,5,5,5,5,5
201802161701,5,6,5,6,6,6,6
201802170800,11,11,11,11,11,11,11
201802170801,11,11,11,11,11,11,11
201802170901,30,32,32,32,31,32,31
201802171001,75,76,78,78,75,77,75
201802171101,127,132,131,131,127,130,129
201802171201,101,139,137,136,114,133,107
201802171700,3,3,3,3,3,2,2
201802171701,3,2,3,3,3,0,2
201802181001,1,0,1,1,1,0,0
201802181100,0,0,0,0,0,0,0
201802181101,0,0,0,0,0,0,0
201802191200,3,0,3,3,3,0,0
201802191201,3,0,3,3,3,0,0
201802191400,1,0,2,2,2,0,0
201802191401,1,0,2,2,2,0,0
201802220800,10,10,11,11,11,10,11
201802220801,11,12,11,11,11,11,11
201802230900,2,0,2,2,2,0,0
201802230901,2,0,2,2,2,0,0
201802231000,5,5,5,5,5,5,5
201802231001,5,5,5,5,5,5,4
201802231100,5,5,6,5,5,5,5
201802231101,6,5,6,6,6,5,5
201802231201,0,0,3,3,3,0,0
201802231400,0,1,2,2,2,0,0
201802231401,0,2,2,2,2,0,0
201802240700,1,3,3,3,3,1,0
201802240800,11,12,12,12,11,12,11
201802240801,11,12,12,12,11,12,11
201802250800,1,0,2,1,1,0,0
201802250801,1,0,2,1,1,0,0
201802250900,3,0,3,3,3,0,2
201802250901,3,0,3,3,3,0,2
201802251100,8,6,6,6,7,6,7
201802251101,7,5,6,6,6,6,6
201802251200,21,20,18,18,18,18,19
201802251700,4,4,4,4,4,4,4
201802251701,4,4,4,4,4,4,4
201802261700,11,10,8,8,19,16,12
201802261701,10,8,8,8,16,12,13
201802271700,14,12,12,11,21,17,17
201802271701,14,12,12,11,20,16,18
201802281700,9,10,10,10,10,9,10
201802281701,8,10,10,10,10,9,10
201803010801,17,17,17,17,17,20,17
201803010901,50,51,52,51,50,51,51
201803011101,129,133,136,133,129,132,131
201803011401,89,98,89,91,99,109,90
201803011501,58,60,60,59,58,77,58
201803020901,0,4,4,3,3,3,3
201803031201,1,0,0,0,1,0,0
201803031300,2,0,0,0,0,0,0
201803031301,2,0,0,0,0,0,0
201803040901,0,0,0,1,1,0,0
201803041000,2,0,3,3,3,0,0
201803041100,5,0,4,4,4,0,3
201803041101,4,0,4,5,5,1,3
201803041200,0,0,1,2,0,0,0
201803041201,0,0,1,2,0,0,0
201803041400,1,0,0,2,3,0,0
201803041401,1,0,0,2,3,0,0
201803041500,0,0,0,0,0,0,0
201803041501,0,0,0,0,0,0,0
201803050900,1,0,0,3,3,0,0
201803050901,2,0,0,3,3,0,0
201803051101,2,0,3,3,4,0,0
201803051200,4,0,3,3,4,0,2
201803051300,3,0,3,3,3,0,0
201803051400,1,0,2,1,0,0,0
201803060900,1,0,0,2,0,0,0
201803060901,1,0,0,2,0,0,0
201803061000,5,0,3,4,5,0,4
201803061001,5,0,3,4,5,0,4
201803061200,11,4,5,7,9,8,8
201803061201,11,4,7,7,8,8,8
201803061300,15,6,8,8,9,10,9
201803061301,15,6,8,9,11,10,8
201803061400,20,7,9,11,11,12,11
201803061401,20,6,8,10,12,13,12
201803061500,24,7,10,9,17,16,17
201803061501,26,7,10,8,17,15,17
201803061600,5,5,9,10,7,10,3
201803061601,6,5,9,8,9,8,4
201803061700,4,0,0,2,3,0,0
201803061701,6,0,0,2,3,0,0
201803071000,1,0,0,2,2,0,0
201803071100,1,0,0,1,2,0,0
201803071200,1,0,0,0,2,0,0
201803071201,1,0,0,0,1,0,0
201803191500,0,0,0,0,0,0,0
201803191501,0,0,0,0,0,0,0
201803221300,1,0,0,0,0,0,0
201803221301,0,0,0,0,0,0,0
201803221400,1,0,0,0,0,0,0
201803221401,1,0,0,0,0,0,0
201803221500,1,0,3,3,3,0,0
201803221501,1,0,3,3,3,0,0
201803221600,1,0,2,0,2,0,0
201803221601,1,0,2,0,2,0,0
201803231100,1,0,3,1,1,0,0
201803231101,1,0,2,2,1,0,0
201803231200,2,0,3,3,4,0,2
201803231201,2,0,3,3,4,0,2
201803231300,3,0,3,3,4,0,3
201803231301,3,0,3,3,4,0,3
201803231400,3,0,4,3,5,1,3
201803231500,4,0,3,3,5,1,4
201803231501,5,0,4,4,5,1,4
201803231600,3,0,2,2,4,0,4
201803231700,3,0,2,2,4,0,4
201803231701,4,0,2,2,4,0,4
201803241000,2,0,0,0,1,0,0
201803241001,2,0,0,0,1,0,0
201803241100,4,0,4,4,5,2,4
201803241101,4,0,4,4,5,2,5
201803241400,14,5,5,7,7,10,9
201803241401,14,5,5,7,9,13,9
201803241700,10,0,2,3,5,8,8
201803251001,1,0,0,2,3,0,0
201803251100,5,0,4,4,5,5,7
201803251101,6,0,4,5,5,5,7
201803251200,11,0,4,5,6,5,7
201803251201,12,0,4,5,7,5,8
201803251300,15,0,4,5,7,6,8
201803251301,15,0,5,5,7,6,7
201803251500,233,14,17,20,35,31,48
201803251501,241,14,17,20,36,32,49
201803251600,227,7,12,17,32,27,49
201803251601,244,9,14,19,34,29,52
201803251700,32,0,3,3,7,4,9
201803251701,31,0,3,3,7,4,10
201803260900,41,0,3,4,10,6,15
201803260901,42,0,3,4,10,5,16
201803261200,200,12,15,20,56,39,200
201803261201,195,12,15,20,56,40,194
201803261700,139,16,23,20,117,88,137
201803261800,20,5,8,16,30,39,13
201803261801,21,5,8,17,30,40,13
201803271900,2,0,2,1,0,1,0
201803280800,9,10,9,9,10,10,10
201803280801,10,11,10,10,10,10,10
201803291000,59,60,60,60,57,59,59
201803291001,61,59,58,58,58,59,58
201803291501,19,20,19,19,19,19,19
201803291701,12,15,14,12,12,12,12
201803300900,4,4,4,4,4,4,4
201803300901,4,4,4,4,4,4,4
201803301400,49,53,51,51,49,48,49
201803301401,46,44,45,46,44,45,45
201803301700,8,8,8,8,8,7,7
201803301701,7,8,8,8,7,8,7
201803301901,2,0,2,2,2,0,0
201803311001,100,82,101,104,101,100,102
201803311101,158,163,170,161,157,154,162
201803311900,3,3,3,3,3,2,1
201803311901,3,1,3,3,3,2,3
201804011600,225,126,146,190,222,214,226
201804011700,149,112,66,33,82,87,146
201804011800,65,34,32,29,28,29,46
201804011900,4,5,5,4,4,4,5
201804011901,4,4,4,4,4,4,4
201804020800,3,3,3,3,3,0,3
201804020801,3,2,3,3,3,0,2
201804020900,6,5,6,5,5,5,6
201804020901,5,5,6,4,4,5,6
201804021000,11,11,11,11,11,11,11
201804021100,30,28,28,28,29,29,29
201804021101,33,29,16,31,28,23,31
201804021300,75,211,175,79,167,171,170
201804021600,206,126,165,175,204,177,208
201804021700,145,110,72,31,81,78,143
201804021800,56,34,30,28,26,30,33
201804021900,5,5,4,5,5,5,5
201804021901,5,5,5,5,5,5,5
201804031800,6,7,7,7,6,7,6
201804031801,6,7,7,6,6,6,6
201804040800,13,14,14,13,14,13,14
201804040801,13,14,14,13,13,13,13
201804041101,36,61,61,37,58,59,59
201804041600,94,90,90,90,94,95,95
201804041900,1,1,2,2,4,1,2
201804050701,3,3,2,4,5,3,3
201804051900,5,5,6,5,5,5,5
201804051901,4,5,5,5,5,5,5
201804060800,27,28,28,27,27,28,27
201804060801,28,29,29,30,28,28,29
201804060901,55,57,57,56,55,56,56
201804061001,95,98,97,97,95,97,96
201804061101,74,77,77,76,74,90,75
201804061201,90,94,93,92,65,91,69
201804061601,55,58,57,56,56,57,56
201804061800,29,30,20,30,29,30,30
201804070800,12,10,17,8,9,10,11
201804070801,13,11,17,12,9,8,11
201804071900,5,7,7,6,7,7,6
201804071901,5,6,5,5,5,5,5
201804081900,3,2,3,3,3,3,3
201804081901,3,3,3,3,2,2,3
201804090700,5,5,5,4,5,5,5
201804090701,5,5,5,5,5,4,5
201804090800,9,9,9,9,9,9,9
201804090801,9,9,9,9,9,9,9
201804091900,6,6,7,6,6,7,5
201804091901,6,6,7,6,6,6,6
201804101900,7,7,7,6,7,7,7
201804101901,6,7,7,7,7,6,7
201804110700,12,12,12,12,12,12,12
201804110701,12,12,12,12,12,12,12
201804111900,8,9,8,8,8,7,9
201804111901,9,9,9,9,9,9,9
201804120700,9,9,9,10,9,9,9
201804120701,10,10,10,10,9,10,10
201804120801,31,29,32,27,31,32,31
201804121601,38,38,38,39,37,44,38
201804121700,8,8,7,8,8,7,7
201804121701,7,6,6,7,6,6,7
201804121801,1,0,1,1,0,3,0
201804130700,18,18,18,18,18,18,18
201804130701,20,20,20,20,20,19,20
201804131900,8,9,9,8,8,8,9
201804131901,8,8,8,8,8,8,8
201804140700,11,12,12,12,12,12,11
201804140701,11,12,12,12,11,11,12
201804150800,6,7,7,7,6,6,7
201804150801,7,7,8,7,7,7,7
201804151700,17,18,18,18,17,18,17
201804151701,17,18,17,18,17,18,18
201804151800,5,5,4,5,5,5,5
201804151801,5,5,5,5,5,5,5
201804151900,0,0,2,0,2,0,0
201804151901,0,0,2,0,2,0,0
201804160800,5,2,4,4,4,0,4
201804160801,5,2,4,4,4,0,4
201804160900,10,8,8,9,9,9,10
201804160901,10,8,7,9,10,10,10
201804161000,8,6,6,6,7,6,8
201804161001,8,5,6,6,7,5,7
201804161200,31,27,32,31,30,31,31
201804161300,41,41,32,42,41,41,41
201804161400,24,25,25,25,24,37,25
201804161500,81,83,82,82,71,34,71
201804161601,51,50,50,49,49,30,51
201804161701,26,27,27,26,25,27,26
201804180800,6,7,7,7,6,6,7
201804180801,6,6,7,6,6,6,5
201804180900,11,11,11,11,11,11,11
201804180901,12,12,11,11,11,12,12
201804181800,10,10,10,10,10,9,10
201804181801,10,11,10,10,10,10,10
201804181900,3,0,3,3,3,0,2
201804181901,2,0,3,3,3,0,1
201804190700,2,4,5,2,2,2,2
201804191800,9,9,9,9,8,8,9
201804191801,8,9,8,8,8,8,8
201804191900,6,4,5,5,5,4,5
201804191901,6,5,5,5,5,5,4
201804200800,6,5,6,6,6,6,6
201804200801,6,6,6,6,6,6,4
201804201000,13,14,13,14,13,14,13
201804201001,13,14,13,14,13,13,13
201804201201,235,227,203,195,165,166,170
201804201300,230,229,236,228,227,175,232
201804201400,163,169,168,166,215,145,216
201804201501,168,172,158,172,178,171,171
201804201601,139,137,136,137,133,134,137
201804210700,10,10,10,10,10,10,10
201804210701,10,10,10,10,10,10,10
201804211800,29,30,44,33,29,38,25
201804211801,29,30,42,34,28,36,27
201804211900,22,9,7,19,20,19,22
201804211901,23,9,9,18,19,18,20
201804220700,10,10,10,10,10,10,10
201804220701,10,10,10,10,10,10,10
201804221801,38,38,43,42,31,36,28
201804221900,25,10,9,20,21,18,20
201804221901,23,9,9,21,22,20,17
201804230700,10,10,10,10,10,10,10
201804230701,10,10,10,10,10,10,10
201804231801,39,39,43,45,26,38,28
201804231900,23,9,9,20,22,19,20
201804231901,23,9,9,19,21,18,19
201804240700,12,13,13,13,12,13,13
201804240701,13,13,13,13,13,13,13
201804250700,8,9,9,9,8,9,8
201804250701,8,8,9,8,8,9,8
201804250900,12,12,12,12,12,11,12
201804250901,12,13,13,12,12,13,13
201804251700,12,13,12,13,13,13,14
201804251701,12,13,12,12,13,12,13
201804251901,5,6,6,5,5,5,5
201804260700,5,6,6,5,5,6,5
201804260701,6,6,6,6,6,6,6
201804261800,13,14,14,13,15,14,13
201804261801,12,13,13,13,13,13,12
201804270900,59,41,41,60,58,59,59
201804271000,31,32,31,32,31,51,32
201804271100,68,70,69,69,68,68,69
201804271200,37,39,39,38,38,38,38
201804271301,24,32,32,31,31,32,31
201804271800,4,3,4,4,4,3,3
201804271801,3,3,3,3,3,3,3
201804280700,18,18,17,18,16,17,16
201804280701,24,24,24,24,26,21,26
201804281900,5,5,5,5,5,5,5
201804281901,5,5,5,5,5,5,5
201804290800,9,9,9,9,9,10,9
201804290801,10,11,11,10,11,11,10
201804290900,7,8,8,8,8,8,8
201804290901,7,7,8,7,7,7,7
201804291000,16,17,17,16,16,16,16
201804291001,18,19,18,18,18,18,18
201804300800,14,17,15,15,14,14,14
201804301900,13,13,13,13,13,13,13
201804301901,14,15,14,14,14,14,14
201805011900,11,10,9,10,10,9,9
201805011901,9,10,8,9,8,10,8
201805030800,32,35,34,33,33,33,33
201805030900,59,59,62,60,60,61,61
201805031000,88,88,91,90,88,84,90
201805031100,166,171,169,168,165,109,168
201805031200,49,52,51,50,73,51,75
201805031301,35,37,37,36,35,73,36
201805031401,150,157,156,153,43,99,74
201805031501,127,134,132,130,51,132,63
201805031601,50,55,54,57,51,52,51
201805031701,17,18,18,17,17,17,17
201805050800,11,12,12,12,12,11,12
201805050801,13,14,14,14,14,14,13
201805051700,43,82,100,118,92,161,108
201805051701,41,79,95,100,103,146,114
201805051801,47,44,51,47,51,52,52
201805051901,20,21,20,19,19,28,20
201805060700,5,6,6,6,6,6,6
201805060701,5,6,6,6,6,6,6
201805060800,13,14,13,13,13,14,13
201805060801,13,14,14,14,13,13,14
201805061000,23,24,23,23,24,24,23
201805061001,23,24,24,24,25,27,24
201805061101,38,40,39,39,30,41,30
201805061200,33,44,40,33,28,39,23
201805061301,29,42,37,29,29,29,29
201805061401,47,48,48,47,47,42,48
201805061501,20,21,21,20,20,20,20
201805061701,16,17,16,16,20,16,16
201805061800,8,8,8,8,8,8,8
201805061801,8,8,8,8,8,8,8
201805070700,8,8,9,9,8,8,8
201805070701,8,8,9,8,8,8,8
201805071900,19,26,17,16,20,20,19
201805071901,18,25,16,16,20,20,19
201805080700,11,11,11,11,11,11,12
201805080701,12,11,11,11,12,12,12
201805090700,12,11,12,12,11,12,12
201805090701,12,12,12,12,12,12,12
201805102000,1,0,1,1,1,0,0
201805102001,1,0,1,1,1,0,0
201805110601,5,6,5,5,5,4,6
201805110700,15,15,15,15,15,15,15
201805110701,10,10,11,11,10,10,10
201805110800,46,50,47,47,47,47,47
201805111200,237,246,242,240,236,240,240
201805111300,258,268,265,262,258,261,262
201805111400,267,278,273,270,266,269,271
201805111500,245,256,252,249,218,248,219
201805111601,92,185,144,102,95,116,90
201805111701,84,76,79,96,68,61,57
201805111800,40,49,47,40,39,50,40
201805111900,13,16,14,13,13,14,13
201805111901,12,16,14,14,13,14,13
201805120700,7,7,7,7,7,7,7
201805120701,7,8,7,8,8,7,8
201805120900,12,13,13,13,12,13,12
201805120901,12,13,13,13,13,13,12
201805121601,25,25,25,25,25,26,25
201805121701,23,25,24,24,22,22,24
201805121900,9,9,10,9,9,9,9
201805121901,9,9,9,9,9,9,9
201805130601,3,6,6,3,6,5,7
201805131000,153,156,157,156,154,156,156
201805131100,169,175,173,172,168,171,171
201805131200,230,237,235,232,228,231,233
201805131300,252,260,257,264,259,253,254
201805131401,269,265,261,258,254,263,269
201805131500,260,259,235,257,250,253,283
201805131600,37,240,136,48,32,151,33
201805131700,24,19,24,41,45,49,49
201805131800,16,16,16,15,15,15,17
201805131801,15,16,16,15,15,15,17
201805131900,10,12,11,10,10,11,10
201805131901,10,11,11,10,9,11,9
201805132001,0,1,1,1,1,1,1
201805140700,11,12,12,11,11,11,12
201805140701,11,12,12,12,11,12,11
201805142000,1,0,1,1,1,0,0
201805142001,1,0,1,1,1,0,0
201805150700,14,14,14,14,13,14,13
201805150701,13,14,14,14,13,14,13
201805151901,15,17,17,16,14,16,15
201805160700,14,15,15,14,14,14,14
201805160701,15,16,15,15,15,16,15
201805171800,26,28,26,26,26,25,26
201805171900,20,23,22,21,20,21,20
201805172000,3,2,3,3,3,5,2
201805172001,1,0,2,2,2,2,0
201805180601,4,3,4,8,3,3,3
201805180900,100,78,110,103,101,96,103
201805181000,154,154,158,157,154,159,156
201805181100,204,212,210,208,204,207,207
201805181200,230,232,229,227,230,261,227
201805181300,230,236,235,236,228,234,234
201805181400,253,265,260,254,251,253,273
201805181500,242,260,248,245,240,243,246
201805181600,58,194,77,62,65,131,62
201805181701,51,42,38,42,48,51,44
201805190600,3,3,4,5,5,6,7
201805191400,18,23,23,19,18,18,18
201805191500,27,28,28,28,22,20,23
201805191800,18,20,19,19,18,18,19
201805191801,17,19,19,18,17,18,17
201805191900,5,5,6,5,5,5,5
201805200800,8,9,10,9,9,10,9
201805200801,10,11,10,10,10,10,10
201805220700,8,9,8,8,8,8,8
201805220701,8,8,7,8,8,8,7
201805220800,7,7,7,7,7,7,7
201805220801,7,8,8,8,8,8,8
201805221701,16,18,17,17,15,21,17
201805221800,8,9,8,8,8,9,8
201805221801,8,9,9,9,9,9,9
201805230700,5,5,5,5,5,5,5
201805230701,6,6,6,6,6,6,6
201805230800,27,29,28,28,27,29,28
201805230900,113,89,114,115,113,115,115
201805231000,165,165,167,167,160,164,167
201805231100,200,207,205,203,199,202,203
201805231200,241,235,233,236,239,236,233
201805231300,240,251,247,244,239,231,243
201805231400,237,252,245,241,232,224,237
201805231501,241,245,230,242,238,183,244
201805231601,57,181,142,75,58,42,60
201805232000,2,2,2,2,2,0,2
201805232001,2,0,2,2,2,0,0
201805240600,4,5,5,4,4,4,4
201805240601,4,5,5,5,4,5,4
201805241901,11,12,12,11,11,11,11
201805242000,2,0,2,2,2,0,1
201805242001,2,0,2,2,2,0,0
201805250600,7,5,6,7,7,7,5
201805250601,8,7,7,7,7,7,7
201805250700,10,10,10,10,9,10,9
201805250701,9,10,10,10,9,10,10
201805260601,2,0,3,3,2,2,1
201805260701,6,6,6,6,6,6,6
201805262000,3,2,3,3,3,2,3
201805262001,2,1,2,2,2,1,2
201805270900,8,8,8,7,8,8,8
201805270901,6,7,7,6,7,7,7
201805271001,16,17,17,17,16,17,17
201805271800,7,8,7,7,7,8,7
201805271801,7,7,7,7,7,7,7
201805271900,4,5,5,5,4,4,4
201805280700,10,11,11,11,11,10,10
201805280701,10,11,10,10,10,10,10
201805290600,8,8,8,8,8,8,8
201805290601,8,9,8,8,8,8,8
201805291900,9,11,10,10,9,9,10
201805291901,9,11,10,10,9,9,10
201805292000,2,0,3,3,2,0,1
201805292001,2,0,2,2,2,0,1
201805300600,7,7,8,6,6,8,7
201805300700,16,15,16,16,18,17,17
201805300701,16,16,16,16,18,17,17
201805311500,112,119,117,116,73,76,114
201805311600,36,44,43,38,46,47,46
201805311900,5,6,6,5,5,5,5
201806011500,43,47,45,44,68,43,60
201806020601,7,8,8,7,7,6,7
201806020800,9,9,9,16,9,9,9
201806021900,10,11,10,10,10,10,10
201806021901,10,11,10,10,10,10,10
201806022000,4,5,5,4,4,4,4
201806030601,7,7,5,4,3,5,7
201806030700,14,14,14,13,19,16,17
201806030701,11,11,11,11,13,11,12
201806030801,50,51,53,63,37,59,38
201806031201,209,239,239,245,212,182,212
201806031301,248,255,261,251,239,224,240
201806040701,3,3,4,3,4,2,4
201806040800,17,17,17,17,17,18,17
201806040801,18,19,19,19,19,19,19
201806040900,20,21,22,20,20,21,20
201806040901,21,22,22,22,21,22,21
201806050600,7,6,6,7,6,6,7
201806050601,6,6,6,6,6,6,6
201806050700,13,14,14,13,13,13,14
201806050701,13,15,15,14,13,14,14
201806051800,19,21,21,20,20,21,20
201806051801,21,23,22,21,21,22,21
201806051901,22,22,22,23,22,22,22
201806052000,6,7,7,6,7,7,7
201806052001,6,6,6,6,6,6,6
201806060600,6,6,7,6,6,6,6
201806060601,6,7,7,7,6,7,7
201806070600,8,9,9,8,9,8,9
201806070601,8,10,10,9,9,8,8
201806070900,43,53,52,44,43,112,44
201806071000,102,108,106,105,103,150,104
201806071100,177,187,184,181,176,182,179
201806071200,77,82,80,79,79,79,79
201806071300,176,178,178,175,177,176,177
201806071400,106,114,111,109,107,109,108
201806071500,126,134,130,130,128,132,129
201806071600,98,113,110,107,100,112,100
201806071700,79,77,78,102,79,91,79
201806071801,38,37,36,35,34,54,36
201806071901,25,28,27,26,21,25,25
201806080600,11,11,12,11,11,11,11
201806080601,11,12,12,11,11,12,12
201806090600,7,8,8,7,6,8,7
201806090601,6,6,6,6,6,6,6
201806090701,22,25,27,25,22,23,22
201806101800,37,36,36,38,32,37,34
201806101801,36,36,35,37,32,33,33
201806110600,9,5,9,9,9,9,6
201806110900,113,82,119,115,114,101,116
201806111000,164,171,169,166,163,102,166
201806111100,214,222,220,216,211,216,142
201806111300,252,273,259,252,249,254,255
201806111400,263,278,271,264,260,266,266
201806111500,253,270,273,256,252,257,256
201806111600,25,246,241,234,28,45,23
201806111701,19,19,38,75,21,59,20
201806111801,15,15,15,14,13,14,15
201806111900,10,10,10,10,10,10,10
201806111901,10,11,10,10,9,10,10
201806120600,3,1,2,2,4,3,2
201806130600,7,7,6,6,6,7,6
201806130601,7,7,6,7,7,7,7
201806130700,14,13,13,13,15,13,14
201806130701,14,14,14,14,16,15,16
201806140600,5,5,5,5,4,5,4
201806140601,6,6,6,6,5,5,6
201806140700,13,12,12,13,14,13,14
201806140701,13,12,12,13,15,13,14
201806140901,117,70,119,119,118,120,120
201806141001,166,170,169,167,166,167,168
201806141900,2,0,2,3,3,0,1
201806141901,2,0,2,2,2,0,0
201806150700,13,14,14,14,13,13,13
201806150701,14,15,15,14,14,14,14
201806150800,25,27,27,26,26,26,26
201806151100,103,111,109,106,103,106,105
201806151200,203,207,206,206,206,130,206
201806151300,116,123,121,119,116,118,117
201806151400,184,195,191,188,184,188,186
201806151500,238,243,239,238,236,242,244
201806151600,25,222,136,261,32,51,24
201806151700,19,57,40,98,24,57,20
201806151701,20,16,16,17,26,25,19
201806151800,14,13,12,13,12,13,14
201806151801,14,13,12,13,12,12,13
201806151900,10,10,9,10,9,10,10
201806151901,9,10,9,10,9,9,9
201806160601,7,7,7,7,7,7,7
201806160701,14,13,13,13,15,14,15
201806160801,25,37,41,55,55,50,45
201806161101,199,196,194,219,201,187,201
201806161201,201,211,206,203,207,215,215
201806162000,3,3,4,3,3,3,3
201806162001,3,3,3,3,3,3,3
201806170700,13,13,13,13,15,13,15
201806170701,14,13,13,13,15,14,15
201806180600,7,7,7,7,7,7,6
201806180601,7,7,7,7,7,7,7
201806181701,77,45,45,84,78,79,79
201806181801,25,28,26,26,25,28,25
201806190600,2,3,2,2,2,1,1
201806192000,4,5,5,4,4,4,4
201806192001,4,6,5,5,4,4,4
201806200700,13,12,12,12,14,13,14
201806200701,13,12,12,12,14,13,14
201806211900,11,13,12,12,11,12,11
201806211901,11,12,12,12,11,12,11
201806220600,6,4,5,5,5,4,4
201806220700,13,12,12,12,14,13,14
201806220701,13,12,13,13,14,13,15
201806220800,24,40,49,61,21,53,24
201806220801,24,41,52,63,21,54,24
201806231000,40,37,44,42,41,44,41
201806231100,107,114,112,110,108,53,109
201806231200,60,63,62,61,61,61,60
201806231300,36,38,38,38,36,37,36
201806231400,65,68,67,66,65,66,65
201806231500,23,25,25,24,24,24,24
201806231600,36,38,37,37,37,40,37
201806231700,25,27,26,26,27,34,26
201806231801,20,19,18,21,20,22,20
201806231900,7,7,7,7,7,7,7
201806231901,7,7,7,7,7,7,7
201806240600,6,6,6,6,6,6,6
201806240601,6,6,6,6,6,6,6
201806241300,29,32,32,30,123,30,29
201806241301,28,30,30,30,29,29,29
201806250700,14,9,9,15,15,15,15
201806251600,25,253,244,245,29,44,28
201806251601,24,256,248,240,29,53,24
201806251701,21,23,50,104,21,72,21
201806251900,10,10,9,10,9,10,10
201806251901,9,10,9,10,9,10,10
201806260601,5,3,5,5,5,5,5
201806270600,7,6,6,5,3,3,3
201806270700,21,22,22,21,22,21,22
201806270801,48,53,51,50,49,50,49
201806270901,77,80,80,80,75,79,77
201806271001,93,98,97,96,93,95,96
201806271101,142,148,146,145,142,144,144
201806271201,123,132,142,127,125,127,126
201806271301,79,87,85,83,80,81,80
201806271401,41,45,43,42,41,35,41
201806271501,30,33,32,32,46,31,39
201806271900,5,5,5,5,5,5,5
201806271901,4,5,5,5,4,4,4
201806280801,34,37,36,36,27,27,27
201806290700,15,15,15,15,16,15,17
201806290701,15,15,15,15,17,15,16
201806300600,7,7,7,7,7,7,7
201806300601,7,7,7,7,7,7,7
201806302000,5,6,6,5,5,5,5
201806302001,4,5,5,5,4,5,4
201807010600,6,5,6,5,6,6,4
201807010601,6,7,7,6,6,6,5
201807010800,46,43,48,57,52,45,45
201807022000,1,0,2,1,1,0,0
201807022001,1,0,2,1,1,0,0
201807032000,9,12,11,10,9,10,9
201807040600,5,5,5,5,5,4,5
201807040700,14,13,13,13,15,13,15
201807040701,14,13,13,14,14,14,14
201807050600,5,5,5,5,4,4,5
201807050601,5,5,5,5,5,5,5
201807060700,8,8,8,8,8,9,8
201807060701,11,11,11,11,11,12,11
201807061900,11,13,12,12,10,11,10
201807061901,11,14,12,12,11,11,12
201807070600,3,2,3,3,3,0,2
201807070700,12,12,12,12,13,12,13
201807070701,13,12,12,12,14,13,14
201807070801,23,32,33,37,22,39,22
201807070900,115,64,116,115,114,115,117
201807070901,118,65,117,117,116,117,118
201807071001,160,160,163,162,160,161,162
201807071301,252,252,261,251,252,245,266
201807071900,9,10,10,10,9,9,9
201807071901,9,10,9,10,8,9,10
201807080600,3,2,3,4,3,0,3
201807080601,3,2,4,4,4,1,3
201807080700,12,12,12,12,13,12,13
201807080701,12,12,12,12,14,13,13
201807090700,12,13,13,12,14,13,14
201807090701,13,13,13,12,14,13,14
201807090800,31,36,35,48,22,45,22
201807090801,31,37,35,49,23,45,22
201807100601,2,1,2,2,2,1,2
201807100700,13,13,13,13,15,14,15
201807100701,14,13,14,14,15,14,15
201807111800,15,15,14,14,13,14,15
201807111801,14,14,14,14,13,14,14
201807111900,10,11,10,10,10,10,10
201807111901,10,11,11,10,10,10,10
201807120700,12,12,12,12,14,12,13
201807120701,12,12,12,12,14,13,13
201807120801,23,30,33,30,25,36,20
201807121700,52,50,52,87,52,61,53
201807122000,2,1,2,2,2,0,2
201807122001,2,0,2,2,2,0,2
201807130600,2,1,2,2,3,1,1
201807130700,14,14,14,13,15,14,15
201807130701,14,14,14,14,16,14,15
201807140800,31,33,32,32,31,31,36
201807140900,37,39,38,38,38,38,39
201807141000,59,63,62,61,60,61,60
201807141100,113,120,118,116,114,117,116
201807141200,104,109,107,106,104,105,106
201807141300,98,105,103,102,147,103,150
201807141401,215,223,223,219,216,73,219
201807160601,2,1,2,2,2,1,2
201807161800,11,13,13,12,11,11,11
201807161801,11,13,13,12,11,11,12
201807161901,20,15,14,20,13,14,20
201807171200,5,6,6,6,6,5,6
201807171201,6,6,6,6,6,7,6
201807171300,24,5,4,25,24,5,24
201807180700,13,12,12,12,12,13,13
201807180701,13,12,12,12,13,13,13
201807180800,39,31,27,32,21,39,22
201807180801,42,32,28,32,21,37,23
201807180901,99,64,94,101,96,87,101
201807181900,12,13,13,12,12,12,13
201807181901,11,12,12,11,11,11,12
201807182000,3,3,4,3,3,2,2
201807182001,3,4,3,3,2,2,2
201807190700,12,11,11,11,12,11,12
201807190701,12,11,11,11,12,11,12
201807200700,11,10,11,10,11,10,11
201807200701,11,11,11,11,11,10,11
201807210700,12,12,13,12,12,12,11
201807210701,11,11,11,11,11,11,10
201807220900,54,64,55,55,54,54,54
201807221000,124,127,127,127,125,128,127
201807221100,110,115,114,113,100,121,112
201807221201,103,62,61,79,103,141,104
201807221301,52,55,54,54,52,157,53
201807221401,236,235,232,233,161,233,238
201807221501,144,149,148,146,143,147,147
201807221601,86,101,99,95,88,88,87
201807221701,56,58,93,63,56,59,56
201807221801,49,54,52,51,49,49,50
201807221901,9,10,10,9,9,13,9
201807231501,172,173,171,172,176,167,176
201807231601,116,181,154,134,134,122,119
201807231701,40,42,42,43,39,40,39
201807240601,1,0,2,3,3,1,0
201807241600,50,185,60,52,44,48,53
201807241601,48,163,57,50,42,45,51
201807242000,0,0,1,1,1,0,0
201807242001,0,0,1,1,1,0,0
201807251100,45,42,41,48,26,40,47
201807251700,40,43,43,42,40,51,40
201807251800,23,26,25,24,27,31,24
201807251901,11,13,12,12,10,12,9
201807260801,10,11,11,10,10,17,10
201807271600,18,19,19,19,24,24,23
201807271701,30,34,32,31,30,29,31
201807271801,4,4,5,4,4,4,4
201807271900,1,0,1,1,1,0,0
201807271901,1,0,1,1,1,0,0
201807280700,24,24,25,24,24,24,24
201807280800,30,33,41,25,24,26,24
201807280900,62,60,65,64,78,66,71
201807281000,111,110,115,114,115,115,119
201807281101,168,177,174,172,173,147,175
201807281201,123,129,127,126,122,129,123
201807281401,220,230,227,223,214,218,216
201807290700,8,8,8,8,8,8,8
201807290701,8,9,8,8,8,8,8
201807291500,249,288,262,259,253,262,258
201807291501,249,258,256,246,242,254,247
201807291600,40,42,41,44,43,43,41
201807291601,39,42,41,44,41,43,40
201807302000,2,0,2,2,2,0,2
201807302001,2,0,2,2,2,0,1
201807310700,21,22,22,21,21,21,21
201807310800,42,44,42,42,41,42,41
201807310900,91,80,93,93,82,76,83
201807311000,111,114,114,114,125,112,113
201807311101,156,163,160,160,158,167,159
201807311201,199,215,207,204,202,192,203
201807311400,240,237,234,233,228,229,229
201807311501,225,232,229,226,225,225,228
201807311601,39,139,77,47,42,42,41
201807311701,30,30,32,35,34,35,33
201807311801,20,22,21,20,20,20,20
201808012000,0,0,1,1,1,0,0
201808012001,0,0,1,1,1,0,0
201808020700,15,16,16,16,23,15,23
201808020900,29,31,31,30,30,30,30
201808021000,148,143,152,152,148,148,150
201808021100,141,145,144,142,143,145,144
201808021101,185,192,192,186,187,178,191
201808021500,18,20,20,19,18,19,18
201808021501,17,19,18,18,17,18,18
201808021600,8,9,9,8,8,8,9
201808021601,7,9,8,8,7,7,8
201808022000,0,0,1,1,1,0,0
201808022001,0,0,1,1,1,0,0
201808040800,16,17,16,16,16,15,16
201808040801,18,20,19,19,19,17,19
201808042000,1,0,2,2,2,0,0
201808042001,1,0,2,2,2,0,0
201808060800,32,33,33,33,32,32,34
201808060900,73,56,72,67,79,74,80
201808071000,118,98,119,120,118,120,120
201808071100,152,156,155,154,151,158,162
201808071200,156,151,152,149,146,151,150
201808071300,169,177,175,171,169,168,172
201808071400,114,118,116,120,111,111,186
201808071501,37,38,38,37,47,39,92
201808071701,50,50,50,49,48,49,50
201808071801,22,24,23,23,22,23,22
201808071901,11,13,12,12,12,12,12
201808080701,2,0,2,2,2,0,1
201808081500,42,47,45,44,43,60,43
201808081501,42,46,44,43,43,43,43
201808081900,7,8,8,7,7,7,7
201808081901,7,8,8,8,7,7,7
201808090700,8,8,8,8,8,8,8
201808090701,7,8,8,7,7,7,7
201808100700,12,11,12,12,12,12,12
201808100701,12,12,12,11,12,12,12
201808101000,122,120,125,124,131,132,133
201808101300,154,211,209,158,155,157,156
201808101400,208,222,218,217,210,215,213
201808101500,144,155,152,149,145,148,147
201808101600,71,76,73,64,63,66,66
201808101700,54,32,37,35,35,33,30
201808101801,16,18,17,16,20,20,19
201808101900,10,8,9,10,9,12,10
201808110700,12,13,12,12,12,12,12
201808110701,12,13,13,13,13,13,12
201808111600,15,16,16,16,16,16,16
201808111601,15,16,16,15,15,15,15
201808160700,1,0,2,2,2,0,0
201808160701,2,0,2,2,2,0,0
201808170700,14,14,14,14,14,14,14
201808171800,14,15,15,14,14,20,14
201808171900,6,7,7,6,13,6,6
201808180700,3,5,3,3,6,4,4
201808180801,17,18,18,17,17,18,17
201808200701,10,9,9,11,9,7,8
201808211900,5,6,6,6,5,5,5
201808211901,5,6,6,5,5,5,5
201808220700,7,7,7,7,7,7,7
201808220701,7,7,7,7,7,7,7
201808220901,18,20,19,19,18,18,18
201808221001,35,37,36,36,35,34,35
201808221500,237,242,240,239,244,237,238
201808221600,110,87,84,83,89,84,144
201808221701,58,57,60,67,47,45,66
201808221800,18,27,27,18,18,18,18
201808230700,10,10,10,10,10,11,10
201808230701,10,12,12,12,11,11,11
201808230900,62,28,45,63,65,62,63
201808231001,122,82,125,124,122,116,124
201808231101,168,173,173,171,152,170,171
201808231301,191,195,193,195,194,196,192
201808240700,9,9,9,9,9,9,9
201808240701,9,9,9,9,9,9,9
201808250700,16,17,17,16,16,16,16
201808250701,16,17,17,17,16,17,17
201808251200,155,131,129,127,118,128,131
201808251601,61,55,58,54,55,54,58
201808260700,9,9,8,9,9,8,9
201808260701,9,9,8,9,9,9,10
201808261200,152,156,163,158,137,164,140
201808271200,184,190,189,187,141,189,141
201808271500,158,123,142,171,166,163,169
201808271600,134,84,80,79,84,78,88
201808271700,41,44,46,43,42,42,42
201808271701,43,45,45,44,42,43,43
201808280700,4,4,4,4,4,4,4
201808280701,4,5,5,4,4,4,5
201808280800,17,18,18,18,17,16,17
201808280900,36,33,37,36,36,37,37
201808281001,65,72,74,74,65,67,66
201808291101,103,113,112,106,106,109,107
201808291201,167,168,169,167,167,100,169
201808291300,145,150,149,145,147,146,155
201808291500,126,135,181,126,128,131,130
201808291600,142,33,32,33,53,41,86
201808291700,24,24,31,28,25,25,24
201808291801,15,16,15,15,14,20,15
201808291900,4,5,6,4,5,5,6
201808291901,4,4,4,4,4,4,4
201808310701,2,0,2,2,3,0,2
201808311700,21,27,25,22,21,24,21
201808311800,7,8,8,7,7,10,7
201809030700,7,7,7,7,7,7,7
201809030701,7,8,7,7,7,7,8
201809031900,0,0,1,1,1,0,0
201809031901,0,0,2,1,1,0,0
201809041900,2,0,2,2,2,0,0
201809041901,2,0,2,2,2,0,0
201809050800,15,14,14,14,15,15,15
201809050801,15,14,14,15,16,15,16
201809051800,9,10,9,9,9,9,9
201809051801,8,10,10,9,9,9,9
201809060700,3,2,3,3,2,1,3
201809060800,12,13,13,13,13,13,13
201809061400,35,37,36,36,25,25,25
201809070701,2,1,1,2,1,1,1
201809081900,3,2,4,3,3,2,2
201809081901,1,0,3,1,1,0,0
201809091000,52,55,54,55,52,54,54
201809091100,67,71,69,69,68,68,67
201809091200,90,96,94,93,90,92,91
201809091300,119,133,118,115,120,122,121
201809091400,146,153,109,150,147,150,149
201809091500,91,97,95,94,92,113,93
201809091601,62,64,64,63,62,63,62
201809091701,32,35,34,33,32,38,33
201809091801,14,15,15,14,14,14,14
201809100800,10,11,11,10,10,11,10
201809100801,10,11,11,11,11,11,10
201809101800,3,4,4,3,3,0,3
201809101801,4,4,4,4,4,1,3
201809110900,10,10,10,10,8,9,8
201809110901,12,13,12,13,11,12,11
201809111200,41,58,57,43,42,54,41
201809111300,72,77,78,75,58,119,71
201809111500,82,62,86,72,82,84,83
201809111600,34,37,36,35,34,35,34
201809111700,16,17,17,16,16,16,16
201809111800,3,3,3,3,3,3,3
201809111801,4,5,5,4,4,4,4
201809130700,3,3,6,3,6,2,3
201809131900,0,0,1,1,1,0,0
201809131901,0,0,1,1,0,0,0
201809140801,18,18,18,18,18,18,18
201809150700,4,4,5,4,5,5,5
201809151700,20,10,11,12,19,12,20
201809151701,22,10,11,12,19,12,20
201809181100,21,31,30,21,21,29,21
201809181101,30,32,31,31,30,30,30
201809181700,25,12,13,13,23,22,22
201809181701,25,12,13,13,23,22,27
201809181800,7,8,8,7,7,7,7
201809181801,7,8,7,7,7,7,7
201809190701,3,6,3,3,3,2,3
201809210800,5,5,5,5,5,5,5
201809210801,5,8,7,6,6,7,6
201809211700,12,18,13,13,13,12,13
201809211701,13,14,14,14,12,13,12
201809221800,12,13,13,13,13,13,13
201809221801,12,13,12,13,12,13,12
201809240800,13,12,13,13,16,15,16
201809250900,7,7,7,7,7,7,7
201809250901,8,8,8,8,8,8,7
201809251300,13,14,14,13,12,12,11
201809251301,12,15,14,13,12,13,13
201809251400,8,8,7,8,8,8,7
201809251401,8,9,8,8,9,8,8
201809251600,10,10,10,10,9,9,10
201809251601,8,9,8,8,7,7,8
201809251700,12,10,9,13,11,10,11
201809251701,8,9,8,8,9,9,9
201809270800,10,10,10,9,8,11,8
201809270801,5,6,5,5,5,6,5
201809271000,82,86,87,78,69,86,80
201809271100,122,129,127,123,92,126,106
201809271300,160,159,166,164,162,163,163
201809271400,94,100,99,97,94,96,95
201809271500,92,99,97,96,93,94,94
201809271600,52,42,54,55,55,56,55
201809271700,39,39,39,41,33,47,34
201809280800,5,5,5,5,5,5,5
201809280801,5,5,5,5,5,5,5
201809290800,17,17,17,17,18,16,18
201809290801,18,19,19,19,18,18,19
201809301800,9,9,9,9,8,9,9
201809301801,8,9,8,8,8,8,8
201810010800,9,10,10,10,9,10,9
201810010801,10,12,11,11,10,11,10
201810010900,16,17,16,16,16,16,16
201810010901,16,17,17,17,16,17,17
201810011500,18,19,19,18,18,18,18
201810011501,17,18,18,17,15,18,14
201810020801,4,4,4,5,3,5,2
201810020900,10,10,10,10,10,10,10
201810020901,10,12,12,10,10,11,11
201810021200,10,10,10,10,10,10,10
201810021201,9,10,9,9,10,10,9
201810021300,13,14,14,14,13,15,13
201810021301,15,16,15,16,16,14,16
201810021500,8,8,8,8,8,8,8
201810021501,7,8,8,7,8,7,7
201810021700,15,17,17,16,15,16,15
201810021701,14,15,15,14,14,14,14
201810030800,3,4,4,4,7,3,7
201810030801,3,3,4,3,4,3,3
201810040800,12,12,13,12,12,12,12
201810040801,12,12,13,12,12,12,12
201810040900,35,37,37,36,33,36,36
201810041000,66,69,69,68,66,66,65
201810041100,64,67,66,65,64,64,65
201810041200,161,169,169,166,161,161,164
201810041300,80,87,86,84,81,62,83
201810041400,41,44,42,42,49,47,49
201810041501,79,84,83,82,82,64,82
201810041601,19,27,27,23,22,28,21
201810041800,0,0,1,1,1,0,0
201810041801,0,0,1,1,1,0,0
201810051700,9,9,7,98,25,47,11
201810051701,10,9,10,108,24,48,11
201810051800,8,8,8,8,8,8,8
201810051801,7,8,7,7,8,8,8
201810060800,11,12,12,12,11,11,11
201810060801,9,10,9,10,9,9,9
201810070800,12,12,12,12,13,11,12
201810070801,14,15,14,14,14,13,15
201810080900,11,12,11,11,11,11,10
201810080901,11,11,11,11,11,11,11
201810101400,53,89,85,86,69,72,58
201810101401,54,63,64,73,89,66,58
201810110801,3,0,2,3,2,0,2
201810111500,7,8,8,8,8,8,7
201810111501,9,10,9,9,8,9,8
201810111700,11,11,11,11,11,11,11
201810111701,10,11,11,11,10,11,10
201810120801,6,6,7,6,6,6,6
201810121600,21,33,30,29,33,42,25
201810121601,29,66,53,44,38,35,33
201810121700,14,15,14,15,15,14,15
201810121701,15,16,16,16,16,17,15
201810121800,3,3,4,3,3,2,3
201810121801,3,3,3,3,3,2,2
201810130800,5,5,5,5,5,5,5
201810130801,5,5,5,5,5,5,5
201810131000,15,19,19,19,18,18,18
201810131400,48,53,96,50,49,50,49
201810131801,3,1,3,3,3,1,2
201810140800,14,14,14,14,14,14,14
201810140801,14,15,15,15,14,15,14
201810141700,10,17,27,15,12,12,11
201810141701,9,9,41,16,12,14,11
201810141800,2,0,2,1,1,0,0
201810141801,2,0,2,2,1,0,0
201810150900,6,6,6,6,6,5,6
201810150901,6,7,6,7,7,6,6
201810151000,10,13,13,12,11,12,11
201810151001,14,15,15,15,14,14,14
201810151100,12,13,13,13,12,14,12
201810151101,10,11,11,10,9,10,10
201810151300,20,21,22,21,20,20,21
201810151301,20,22,21,21,20,20,21
201810151700,12,14,14,13,15,14,16
201810151701,8,9,9,9,11,9,11
201810160800,9,10,9,9,9,9,9
201810160801,10,10,10,10,10,10,10
201810161700,9,25,19,17,11,13,10
201810161701,9,25,19,16,11,13,9
201810161800,1,0,1,0,0,0,0
201810161801,1,0,0,0,0,0,0
201810170800,6,6,6,6,6,7,5
201810170801,7,7,7,7,8,8,8
201810171000,46,48,48,48,47,49,48
201810171100,114,113,112,113,112,123,119
201810171200,102,109,108,104,100,99,102
201810171300,71,77,76,73,72,71,73
201810171400,28,29,28,28,26,27,27
201810180800,8,8,8,9,8,9,9
201810180801,9,9,9,9,8,9,9
201810181500,168,175,175,172,136,161,125
201810181501,158,170,170,170,122,152,120
201810181600,14,44,35,38,23,28,13
201810181601,14,45,41,41,22,28,15
201810181700,9,24,24,17,12,11,9
201810181701,9,14,24,17,11,13,9
201810181800,0,0,1,0,1,0,0
201810181801,0,0,1,0,1,0,0
201810190800,10,11,10,10,10,10,10
201810190801,11,12,11,11,11,11,11
201810200800,4,4,4,4,4,4,4
201810200801,5,5,5,5,5,6,5
201810200900,14,16,16,15,16,15,16
201810200901,13,15,14,14,14,15,13
201810201000,26,27,27,26,24,25,24
201810210800,5,4,3,5,5,2,8
201810210801,8,8,6,8,6,5,10
201810211500,124,150,148,147,129,147,130
201810211700,9,15,13,12,11,12,10
201810211701,9,10,14,12,11,13,10
201810220900,33,35,34,34,33,34,33
201810221000,42,43,43,42,42,46,42
201810221100,62,64,64,63,61,63,63
201810221201,78,84,84,84,80,76,82
201810221301,59,62,61,60,60,78,60
201810221500,32,45,43,37,41,41,42
201810221701,19,20,20,20,19,19,19
201810231300,5,6,6,5,5,5,5
201810231301,5,6,6,5,5,6,6
201810231700,4,4,4,4,4,4,4
201810240801,4,2,2,4,2,2,2
201810240900,7,6,6,7,7,6,6
201810240901,6,6,6,6,6,6,6
201810241000,16,16,15,15,16,15,16
201810241001,14,15,15,14,13,14,14
201810241600,11,11,11,11,11,10,11
201810260800,8,9,9,8,9,8,9
201810260801,9,9,9,9,9,9,9
201810270900,4,4,4,4,3,3,3
201810271200,8,8,10,8,8,9,8
201810271201,11,11,11,11,10,10,10
201810271700,6,6,6,6,6,6,6
201810271701,6,5,5,6,6,6,6
201810280801,3,3,4,4,3,3,2
201810281700,3,2,3,3,3,0,2
201810281701,2,2,3,3,3,0,2
201810290900,5,6,6,5,5,5,5
201810290901,6,6,6,6,5,6,5
201810291000,6,6,6,7,6,6,6
201810291001,6,6,6,6,6,6,6
201810291200,11,12,12,12,11,12,11
201810291201,12,13,13,12,12,12,12
201810291600,8,8,8,8,8,8,8
201810291601,8,7,7,8,7,8,7
201810291700,6,6,6,6,6,7,6
201810291701,7,9,9,7,7,8,8
201810301600,21,26,25,27,24,22,22
201810301601,27,43,40,40,27,28,24
201810301700,7,9,9,8,8,8,8
201810301701,5,6,6,6,6,6,6
201810310800,3,3,4,4,4,3,3
201811010900,3,1,3,3,3,0,1
201811010901,3,2,4,3,3,0,2
201811011200,9,10,9,10,10,10,10
201811011201,11,11,11,11,11,11,11
201811011400,14,16,15,15,14,16,13
201811011401,13,14,14,14,13,14,14
201811011500,11,11,11,12,11,11,12
201811011501,12,12,12,12,12,13,12
201811011600,6,8,7,7,7,7,7
201811011601,6,7,7,7,7,7,7
201811020901,16,20,12,16,14,12,10
201811021000,20,22,21,21,20,21,21
201811021001,21,22,22,21,20,21,21
201811021200,49,51,51,50,50,50,50
201811021300,13,15,14,14,13,14,14
201811021301,13,14,14,14,13,13,14
201811021500,18,19,19,19,16,17,19
201811021501,21,22,22,22,22,21,22
201811021600,16,17,17,16,16,16,16
201811021601,16,17,17,17,16,17,17
201811030900,6,6,6,6,6,6,6
201811030901,6,6,6,6,6,6,6
201811031000,20,21,21,21,19,21,20
201811031001,17,19,19,18,17,19,17
201811031200,7,7,7,7,7,7,7
201811031201,7,7,7,7,8,8,8
201811031600,20,21,21,20,20,15,20
201811031700,9,9,9,9,10,9,9
201811031701,12,12,12,12,13,13,13
201811050900,41,42,41,42,36,37,36
201811050901,49,51,50,50,41,43,42
201811051600,5,6,5,6,5,6,5
201811051601,5,5,5,5,5,5,5
201811061000,15,15,16,15,16,16,16
201811061001,16,15,15,16,15,15,16
201811061100,15,16,16,15,15,15,16
201811061101,15,16,16,16,15,16,16
201811061200,14,15,14,14,13,13,14
201811061201,11,13,13,12,11,11,11
201811061300,17,18,18,17,17,17,17
201811061301,15,16,16,16,17,16,17
201811061500,1,0,0,1,1,0,0
201811061501,1,0,0,1,1,0,0
201811070800,8,8,7,9,8,8,8
201811070801,9,9,9,9,8,9,8
201811071500,22,27,26,23,18,24,19
201811071501,21,27,25,23,17,23,17
201811071600,7,7,7,6,7,7,7
201811071601,5,5,5,5,5,5,5
201811080800,11,12,12,12,12,11,12
201811090800,19,21,20,19,19,19,19
201811090900,29,30,30,30,27,35,29
201811091001,50,41,33,50,50,51,51
201811091101,17,18,18,18,18,46,18
201811091400,6,7,6,7,6,6,7
201811091401,6,6,5,6,6,6,6
201811091500,4,5,5,4,5,5,4
201811091501,5,5,5,5,5,4,5
201811101601,15,18,17,17,16,17,15
201811111600,5,6,6,6,5,6,6
201811111601,6,5,6,6,5,5,5
201811120801,19,20,20,19,19,20,19
201811120901,28,29,27,27,27,35,28
201811121001,59,61,61,62,60,61,60
201811121600,7,7,6,7,6,6,7
201811121601,6,6,6,6,6,6,6
201811130801,4,4,4,4,4,4,4
201811131000,12,12,12,12,12,12,12
201811131001,11,11,11,11,11,11,12
201811131500,4,3,4,4,4,3,4
201811131501,4,4,4,4,4,4,4
201811151600,1,1,2,2,2,0,1
201811151601,0,0,2,0,2,0,0
201811171000,2,0,0,2,0,0,0
201811171200,5,0,3,3,4,0,1
201811171300,7,0,4,4,4,0,4
201811171301,5,0,3,3,4,0,3
201811171400,7,0,3,3,3,0,1
201811171401,7,0,3,3,3,0,1
201811180800,27,3,5,5,5,1,3
201811180801,27,3,5,5,5,1,3
201811180900,34,4,6,5,6,3,9
201811180901,35,4,6,5,6,3,9
201811181000,59,13,9,9,10,6,17
201811181001,55,12,9,9,9,6,11
201811181100,68,23,10,8,10,7,22
201811181101,67,22,10,8,11,7,21
201811181400,38,28,6,5,7,5,30
201811181401,37,27,6,5,6,5,29
201811181500,11,9,3,3,3,0,10
201811181501,10,8,2,2,2,0,10
201811191100,6,4,3,3,3,0,5
201811191101,6,4,3,3,3,0,4
201811191200,10,8,4,3,4,0,7
201811191201,10,8,4,3,4,0,8
201811191300,11,5,3,3,3,0,5
201811191301,11,5,3,3,3,0,4
201811191500,7,2,0,0,0,0,7
201811191501,9,2,0,0,0,0,8
201811201000,4,0,3,1,3,0,4
201811201001,4,0,3,0,3,0,4
201811201100,5,0,3,2,3,0,4
201811201101,5,0,3,2,3,0,4
201811201200,5,3,3,2,3,0,4
201811201201,5,2,3,2,3,0,4
201811201400,5,1,4,3,4,0,4
201811201401,6,3,4,3,4,0,4
201811201500,3,0,2,2,0,0,0
201811201501,3,0,2,2,0,0,0
201811210800,5,4,4,3,4,0,4
201811210900,6,5,5,5,5,5,6
201811210901,6,4,5,5,6,4,7
201811211000,12,11,9,7,9,8,9
201811211001,13,12,9,7,9,8,11
201811211100,14,12,9,7,9,9,13
201811211101,13,11,8,8,8,9,12
201811211200,20,16,13,11,13,11,18
201811211201,23,18,14,11,17,16,21
201811211300,7,4,5,5,5,4,6
201811211301,7,4,5,4,5,4,5
201811211400,13,10,8,7,9,9,11
201811211501,1,0,2,0,0,0,0
201811220800,4,0,0,0,0,0,1
201811220801,4,0,0,0,2,0,1
201811220900,7,4,4,2,5,0,4
201811220901,7,4,4,4,5,0,4
201811221100,24,21,16,14,17,15,22
201811221200,29,15,16,13,16,16,19
201811221201,30,15,15,14,16,16,19
201811221500,5,4,7,5,4,5,4
201811221501,7,4,6,5,3,4,4
201811231100,20,20,9,9,10,10,11
201811231101,16,20,10,9,11,8,10
201811231200,8,8,4,3,4,0,5
201811231201,9,7,4,4,5,0,9
201811231300,17,4,9,13,16,17,21
201811231301,20,4,9,13,14,14,21
201811231400,30,24,19,15,19,15,27
201811231401,28,25,19,14,20,16,27
201811231500,6,4,6,3,4,1,5
201811231501,5,4,6,3,3,1,4
201811240800,7,4,4,4,4,0,4
201811240801,7,4,4,3,3,0,3
201811240900,11,8,6,5,7,5,9
201811240901,11,7,6,6,7,4,9
201811241000,17,16,12,12,11,12,15
201811241001,16,17,13,12,12,11,17
201811241100,26,18,12,11,12,16,13
201811241101,21,16,12,10,12,14,15
201811241200,39,22,16,12,17,16,25
201811241201,39,21,15,11,16,15,23
201811241300,43,22,13,11,16,15,25
201811241301,46,23,15,12,11,15,25
201811241400,14,6,5,4,6,4,9
201811241401,16,9,6,4,6,5,10
201811241500,6,2,3,2,3,0,4
201811241501,6,1,3,2,3,0,4
201811250800,7,8,7,7,7,6,7
201811250801,8,8,8,8,8,7,8
201811251500,7,7,7,7,7,7,7
201811251501,7,7,7,7,7,7,7
201811261100,6,6,6,6,5,6,6
201811261101,5,6,6,5,5,6,5
201811261200,6,6,5,6,6,6,7
201811261201,6,6,6,6,6,6,6
201811261300,13,14,14,14,14,13,14
201811261301,14,15,15,14,13,13,14
201811261500,7,6,7,7,6,7,6
201811261501,6,6,6,6,5,6,5
201811271100,4,0,4,4,3,0,2
201811271101,4,0,4,4,4,0,2
201811271200,4,0,3,3,3,0,1
201811271201,4,0,3,3,3,0,1
201811271300,4,4,5,4,5,4,4
201811271301,4,4,5,4,5,4,4
201811271400,3,3,4,4,5,0,4
201811271401,4,3,4,4,4,0,4
201811271500,3,0,2,2,3,0,0
201811271501,3,0,2,3,3,0,0
201811280901,0,0,1,0,0,0,0
201811281100,4,0,3,4,4,0,3
201811281101,4,0,4,4,4,0,4
201811281200,7,5,6,6,7,5,5
201811281201,6,4,5,6,6,5,5
201811281300,4,0,3,4,4,3,2
201811281301,4,0,3,4,4,3,2
201811281500,4,0,3,3,3,0,0
201811281501,3,0,3,3,3,0,0
201811290900,9,9,8,7,8,8,7
201811290901,9,8,7,5,7,7,7
201811291000,11,10,9,8,10,9,9
201811291001,12,11,9,9,10,9,9
201811291100,18,17,14,15,16,16,17
201811291101,18,17,13,9,16,16,17
201811291200,21,19,15,16,18,19,19
201811291201,22,20,16,16,19,19,19
201811291300,16,15,12,12,13,11,13
201811291301,16,16,12,13,13,14,13
201811291400,20,19,13,12,14,15,17
201811291401,20,19,12,12,6,12,17
201811291500,17,19,9,12,14,14,15
201811291501,17,18,11,12,14,14,14
201811291600,3,3,3,2,3,0,2
201811291601,3,2,3,2,3,0,1
201811300800,8,8,8,7,8,8,8
201811300801,8,8,8,7,7,7,8
201811300900,21,21,20,18,19,20,21
201811300901,21,22,21,19,21,20,21
201811301000,19,19,19,18,19,18,19
201811301001,19,20,20,18,19,19,19
201811301100,23,23,23,22,21,22,22
201811301101,24,25,24,24,24,24,25
201811301201,60,62,61,61,60,60,60
201811301300,21,21,21,21,21,21,21
201811301301,20,21,21,21,20,21,21
201811301500,22,24,24,23,22,23,22
201811301501,22,24,23,23,23,23,23
201811301600,5,5,3,5,5,4,5
201811301601,4,4,5,4,4,4,4
201812010800,8,8,8,8,8,8,8
201812010801,7,8,8,8,7,8,8
201812010900,22,24,23,23,22,24,22
201812011600,3,3,4,3,3,4,3
201812011601,3,3,3,3,3,3,3
201812020801,1,2,3,0,4,4,2
201812020900,3,2,3,3,3,3,3
201812020901,4,3,4,4,4,3,4
201812021000,6,6,6,6,6,6,6
201812021001,6,6,6,6,6,6,6
201812021301,20,21,21,20,20,20,20
201812021400,4,5,5,4,4,4,4
201812021401,4,4,4,4,4,4,4
201812021500,3,3,4,4,4,3,4
201812021501,4,3,4,4,4,3,3
201812030800,5,5,5,5,5,5,5
201812030801,5,5,5,5,5,5,5
201812031200,19,19,19,19,18,18,18
201812031201,22,22,22,22,22,21,22
201812031500,17,17,17,17,17,17,17
201812031501,9,10,10,9,9,9,9
201812031601,7,8,8,8,4,8,5
201812040900,19,14,16,12,14,11,16
201812040901,17,13,15,11,13,11,13
201812041000,29,22,26,18,20,17,24
201812041001,29,22,25,18,21,17,24
201812041300,41,34,43,26,33,25,41
201812041301,42,34,42,27,34,24,43
201812041400,19,37,50,31,21,31,17
201812041401,19,39,54,34,22,33,18
201812041500,9,18,11,8,7,6,8
201812041501,9,18,12,8,7,4,5
201812041600,3,2,3,3,3,0,3
201812041601,3,1,3,3,3,0,3
201812050800,7,7,7,6,7,3,7
201812050801,7,7,7,6,7,3,7
201812050900,10,10,10,7,10,8,10
201812050901,10,10,10,7,10,8,10
201812051000,21,40,40,31,24,28,22
201812051001,21,41,41,31,24,25,23
201812051600,3,3,4,3,3,3,3
201812051601,3,3,3,3,3,2,3
201812060901,24,25,24,24,20,20,20
201812061600,1,0,1,0,0,0,0
201812070900,0,0,0,1,0,0,0
201812070901,1,0,0,0,1,0,0
201812071000,7,4,6,6,6,5,6
201812071001,7,5,6,6,7,5,6
201812071100,7,14,17,15,10,16,5
201812071101,5,14,16,14,10,13,11
201812071200,6,4,5,7,7,6,6
201812071201,7,5,6,6,6,6,7
201812071300,16,13,14,15,15,7,16
201812071301,21,16,17,22,22,33,21
201812071400,11,16,18,20,12,19,11
201812071401,14,15,17,23,15,22,13
201812071500,4,5,4,4,4,3,6
201812071501,5,5,4,5,5,3,5
201812071600,2,0,1,2,0,0,0
201812071601,2,0,1,1,0,0,0
201812080801,3,0,2,3,1,0,3
201812080900,7,2,4,6,7,4,6
201812080901,7,2,4,6,7,4,6
201812081000,15,12,17,17,16,17,14
201812081001,16,12,18,18,15,17,14
201812081200,17,9,10,12,14,13,2
201812081201,17,9,10,11,14,13,0
201812081300,39,18,21,25,30,25,33
201812081301,37,19,21,24,30,25,34
201812081400,19,15,18,22,18,26,17
201812081401,22,18,20,26,23,26,19
201812081500,12,4,5,7,6,7,9
201812081501,11,4,5,6,7,5,9
201812081600,9,2,4,6,7,5,8
201812081601,8,2,4,5,6,5,7
201812090900,14,5,8,8,8,9,13
201812090901,14,5,9,8,10,10,13
201812091000,23,8,15,16,19,17,21
201812091001,23,9,15,16,19,17,21
201812091100,29,17,19,20,25,24,27
201812091101,29,17,19,20,25,24,27
201812091200,49,23,33,38,48,48,46
201812091201,45,22,31,36,42,43,43
201812091300,29,37,40,64,49,38,37
201812091301,31,44,48,88,71,65,51
201812091400,20,30,31,26,20,23,22
201812091401,20,37,33,27,22,25,24
201812091500,16,11,11,13,13,12,15
201812091501,16,12,12,12,15,11,16
201812091600,3,0,3,3,3,0,2
201812091601,2,0,3,3,2,0,2
201812100900,25,20,26,25,25,26,25
201812100901,23,19,25,24,23,23,23
201812101000,34,29,37,36,35,34,35
201812101001,34,29,36,35,34,35,34
201812101100,41,38,42,42,42,41,43
201812101101,44,38,44,44,44,44,44
201812101400,19,36,38,29,20,26,23
201812101401,20,39,34,28,20,23,22
201812101500,13,11,10,12,13,13,15
201812101501,17,14,11,14,17,13,17
201812101600,3,3,4,3,3,3,3
201812101601,3,3,3,3,3,3,3
201812110900,11,10,10,12,12,12,11
201812110901,12,12,12,12,12,12,11
201812111000,19,34,35,39,23,31,21
201812111001,19,35,38,42,23,30,21
201812111100,18,68,68,64,44,48,53
201812111101,17,67,67,63,43,46,32
201812111400,26,26,25,26,25,26,26
201812111401,25,25,25,25,25,25,25
201812111600,2,0,3,2,2,0,1
201812111601,2,0,2,2,2,0,1
201812120801,4,3,3,4,4,0,3
201812120900,13,14,14,13,13,13,13
201812120901,14,14,14,14,14,14,14
201812121000,11,17,17,17,12,15,11
201812121001,11,18,18,18,12,16,11
201812121200,49,52,52,50,49,51,50
201812121201,50,53,53,51,49,51,50
201812121301,43,44,43,43,49,50,43
201812121600,3,3,3,3,3,3,3
201812121601,3,2,3,3,3,2,3
201812130800,7,7,5,7,6,6,7
201812131000,30,31,34,30,28,30,28
201812131100,26,29,28,26,26,28,27
201812131101,31,31,30,30,29,29,28
201812131200,32,33,32,31,32,32,33
201812131400,11,11,11,11,11,11,11
201812131401,11,12,11,11,11,11,11
201812131500,5,5,5,5,4,5,5
201812131501,5,5,5,4,4,5,5
201812150800,12,9,11,13,7,7,8
201812151200,51,55,54,58,53,52,52
201812151300,43,45,45,44,43,46,43
201812151400,31,33,33,33,31,30,32
201812151501,15,16,17,16,15,16,15
201812151600,1,0,2,2,2,0,0
201812151601,1,0,2,2,1,0,0
201812160900,11,12,12,12,11,11,11
201812160901,11,11,11,11,11,11,11
201812161000,11,12,12,12,12,12,12
201812161001,12,13,12,12,12,12,12
201812161100,13,14,14,13,10,13,12
201812161101,9,10,10,9,10,10,10
201812161200,8,8,8,8,8,7,8
201812161201,9,9,9,9,9,8,9
201812161300,5,5,5,5,5,5,5
201812161301,5,5,5,5,5,5,5
201812161500,9,9,9,9,9,9,9
201812161501,9,10,9,9,9,9,9
201812171000,7,7,7,7,7,6,6
201812171001,7,8,7,7,7,7,7
201812171100,4,4,3,3,4,3,3
201812171101,3,4,4,3,3,3,3
201812171200,3,0,3,3,3,0,0
201812171201,3,0,3,3,3,0,0
201812171300,6,5,6,5,5,4,5
201812171301,5,4,5,5,5,5,4
201812171400,12,12,13,11,10,9,11
201812171401,8,9,8,7,7,7,7
201812171500,3,0,3,3,1,0,1
201812171501,2,0,3,2,2,0,0
201812180800,5,4,4,4,5,3,4
201812180801,5,4,4,4,5,4,4
201812180900,16,14,13,10,15,15,17
201812180901,14,11,10,10,14,13,16
201812181000,12,11,9,9,12,12,12
201812181001,13,9,9,9,12,11,13
201812181101,20,24,22,16,21,23,22
201812181400,16,33,22,19,17,16,18
201812181401,17,35,25,22,18,17,17
201812181500,19,9,10,10,23,10,11
201812181501,17,9,9,10,22,11,6
201812181600,3,2,3,3,3,1,3
201812181601,3,1,3,3,3,0,3
201812190901,12,9,10,7,12,10,13
201812191000,24,34,31,33,29,32,28
201812191001,23,35,33,33,30,33,27
201812191200,18,15,10,12,15,14,17
201812191201,18,15,13,13,15,14,17
201812191300,24,30,32,27,25,27,25
201812191301,25,29,32,27,25,27,25
201812191600,5,5,5,5,5,5,5
201812191601,5,5,5,5,5,5,5
201812200800,6,5,6,6,6,5,4
201812200801,5,5,6,6,6,5,5
201812200900,10,10,10,10,10,10,10
201812200901,10,10,10,10,10,10,10
201812201000,17,33,33,33,23,27,20
201812201001,17,34,33,35,23,29,21
201812201500,20,23,21,21,20,21,21
201812201601,2,1,2,2,0,1,0
201812210900,6,6,6,6,6,6,6
201812210901,6,6,6,6,6,6,6
201812211000,8,9,9,9,9,9,9
201812211001,8,9,9,9,9,8,8
201812211100,9,10,9,10,8,9,8
201812211101,10,11,11,11,10,10,10
201812211200,7,7,7,7,7,7,7
201812211201,6,7,7,6,6,7,7
201812211300,10,11,11,11,10,11,11
201812211301,11,12,12,12,11,12,11
201812211400,26,28,27,27,26,28,27
201812211500,17,18,17,17,17,18,17
201812211501,10,11,10,11,11,11,10
201812211600,2,0,2,2,2,0,0
201812211601,2,0,2,2,2,0,0
201812220800,4,1,2,4,3,0,3
201812220801,3,0,3,4,4,0,2
201812220900,14,16,15,14,14,15,14
201812220901,16,16,16,16,15,16,15
201812221200,9,9,9,9,9,9,9
201812221201,10,10,10,10,10,9,10
201812221500,6,6,6,6,5,5,5
201812221501,6,6,6,6,6,6,5
201812230801,3,2,3,3,3,3,3
201812231600,1,0,2,2,2,0,0
201812231601,1,0,2,2,2,0,0
201812240900,6,7,7,6,6,6,6
201812240901,6,6,6,5,4,6,5
201812241000,6,5,6,5,6,5,5
201812241001,6,5,6,5,5,5,6
201812241100,4,5,4,4,4,4,4
201812241101,5,4,3,4,5,4,4
201812241200,7,8,7,7,7,6,7
201812241201,8,8,7,7,7,7,7
201812241300,9,10,9,9,9,9,9
201812241301,10,10,10,10,9,10,10
201812241400,6,4,6,6,6,5,5
201812241401,6,6,6,6,6,6,5
201812241500,7,6,6,6,7,5,6
201812241501,6,4,5,5,6,5,4
201812241600,4,3,3,3,3,0,2
201812241601,4,3,3,3,3,0,1
201812250900,3,1,4,3,4,0,3
201812250901,2,2,4,4,4,0,3
201812251000,8,8,7,7,8,7,8
201812251001,8,8,8,8,8,8,8
201812251100,4,4,4,3,3,4,4
201812251101,6,5,4,4,6,7,6
201812251200,3,0,2,2,2,0,0
201812251201,3,0,1,2,2,0,0
201812251300,3,0,4,3,3,0,0
201812251301,3,0,4,3,3,0,0
201812251400,4,6,4,4,4,0,4
201812251401,4,5,4,4,4,0,4
201812251500,4,0,3,3,4,3,3
201812251501,4,0,3,3,4,3,3
201812260900,5,4,4,4,4,0,4
201812260901,5,4,4,4,4,0,4
201812261000,9,9,8,8,8,8,8
201812261001,9,8,8,8,8,8,8
201812261100,11,11,10,10,10,10,10
201812261101,11,10,9,10,10,10,10
201812261300,9,9,8,8,8,8,9
201812261301,9,9,8,8,8,8,9
201812261400,5,4,4,4,4,4,4
201812261401,4,3,4,2,4,3,4
201812261500,2,0,0,2,2,0,0
201812261501,1,0,0,2,2,0,0
201812270900,3,0,3,3,3,0,0
201812270901,3,0,3,3,3,0,0
201812271000,6,7,7,7,7,7,4
201812271001,6,8,7,8,6,8,4
201812271100,20,19,17,18,18,18,18
201812271101,21,21,19,19,18,19,18
201812271200,11,11,9,10,10,10,10
201812271201,10,9,9,9,9,9,9
201812271300,6,7,7,6,6,5,5
201812271301,6,6,7,6,6,4,5
201812271400,12,13,11,12,12,12,12
201812271401,13,13,11,11,12,12,12
201812271500,6,5,5,5,6,4,4
201812271501,6,4,5,5,5,5,5
201812271600,0,0,0,2,0,0,0
201812271601,0,0,0,2,0,0,0
201812281000,6,6,6,6,6,6,6
201812281001,7,7,7,7,7,6,7
201812281500,8,8,7,8,7,7,7
201812281501,7,7,6,7,7,7,7
201812290800,4,4,4,4,4,3,4
201812290801,4,4,4,4,4,3,4
201812290900,9,9,9,8,8,9,9
201812290901,8,9,9,9,8,9,9
201812291000,15,16,15,14,15,15,15
201812291600,4,4,5,4,5,5,4
201812291601,3,3,4,4,3,4,3
201812301600,3,3,4,4,3,4,3
201812301601,3,3,3,3,3,3,3
201812310801,8,6,5,8,4,4,8
201812311000,42,44,44,44,42,43,43
201812311100,38,39,39,38,39,38,38
201812311200,31,33,33,32,31,32,32
201812311300,28,29,29,29,28,29,29
201812311401,27,22,23,27,26,22,27
201812311500,7,6,7,6,6,6,6
201812311501,5,6,5,5,6,6,6
201812311600,0,4,5,4,1,3,0
201901011000,11,11,11,11,10,10,12
201901011001,13,14,14,14,12,13,14
201901011600,1,2,2,1,1,0,1
201901020900,10,10,10,10,10,10,10
201901020901,10,10,10,10,10,10,10
201901021600,7,8,8,8,7,7,7
201901021601,7,8,8,7,7,6,7
201901030900,17,17,15,13,12,14,15
201901030901,18,19,17,14,14,15,16
201901031500,5,6,4,5,5,5,5
201901031501,5,5,4,5,5,5,5
201901031600,1,0,2,2,2,0,0
201901031601,1,0,2,2,2,0,0
201901040800,5,5,6,6,5,5,5
201901040801,6,5,6,6,5,6,5
201901041600,7,6,7,6,6,6,7
201901041601,6,7,7,7,5,6,6
201901050800,0,0,2,2,2,0,0
201901050801,1,0,2,2,2,0,0
201901050900,6,7,7,7,6,7,6
201901050901,6,5,6,6,6,6,6
201901051000,9,10,10,9,9,9,10
201901051001,9,10,10,9,9,9,10
201901051300,17,18,17,17,17,17,17
201901051301,17,17,17,17,17,17,17
201901051400,10,11,11,10,10,10,11
201901051401,10,11,10,11,10,10,10
201901051500,4,5,5,4,4,4,4
201901051501,4,4,4,4,4,4,4
201901060800,3,3,6,6,3,2,6
201901060900,13,14,14,13,13,14,13
201901060901,13,14,14,13,13,13,13
201901061101,53,55,55,54,36,31,33
201901061200,45,38,38,46,45,46,46
201901061600,4,5,5,5,4,5,4
201901061601,4,4,4,4,4,4,4
201901070900,23,24,23,23,23,23,23
201901070901,23,23,24,23,23,23,23
201901071600,16,17,17,17,16,16,17
201901071601,16,17,17,16,16,17,16
201901080900,11,5,3,2,4,0,10
201901080901,11,5,3,3,3,0,10
201901081000,30,31,19,15,24,19,31
201901081001,32,34,19,17,26,20,33
201901081200,82,86,85,84,81,73,82
201901081300,42,44,44,43,30,43,31
201901081500,23,21,21,23,21,21,22
201901081501,16,17,17,16,18,18,19
201901101000,26,23,25,24,29,30,28
201901101001,29,26,29,27,31,32,30
201901101100,31,25,29,26,36,34,32
201901101101,32,27,31,26,38,36,34
201901101200,49,39,44,34,52,51,52
201901101201,46,38,41,32,47,49,46
201901101300,51,52,53,45,53,53,53
201901101301,55,54,56,47,55,54,55
201901101500,40,42,42,41,41,42,40
201901101501,40,40,40,40,41,40,40
201901101600,8,9,8,8,8,8,8
201901101601,8,8,8,8,8,8,8
201901110900,27,28,28,28,25,27,25
201901110901,27,28,28,28,27,28,27
201901111000,38,41,42,42,44,45,42
201901111001,40,39,39,37,46,45,46
201901111200,14,16,15,15,15,16,14
201901111201,14,16,15,15,6,15,14
201901111401,33,36,53,39,36,33,36
201901111600,10,13,12,10,9,10,11
201901111601,10,12,12,9,8,10,10
201901120900,10,11,10,10,10,11,10
201901120901,10,11,11,11,10,11,10
201901121000,22,22,25,25,29,30,28
201901121001,23,22,27,27,29,30,28
201901121200,13,15,14,14,12,13,14
201901121201,13,16,14,14,15,15,14
201901121300,15,14,3,15,16,16,18
201901121301,3,12,15,15,16,16,16
201901121400,20,29,23,23,20,16,34
201901121401,18,28,34,25,21,16,31
201901121500,39,20,17,17,37,31,42
201901121501,38,20,17,17,35,31,41
201901121600,12,15,14,13,12,12,12
201901121601,12,11,15,13,11,13,12
201901130800,6,5,6,6,6,5,5
201901130801,6,5,6,6,6,5,5
201901130900,11,11,10,11,11,11,10
201901130901,11,11,9,11,11,10,10
201901131101,55,67,67,68,65,67,47
201901131300,20,20,19,20,20,20,22
201901131301,20,20,19,20,20,20,22
201901131400,28,29,26,25,19,18,36
201901131500,41,20,16,18,40,30,42
201901131501,37,20,16,15,35,29,41
201901131600,6,8,7,7,7,6,6
201901131601,6,8,7,7,6,5,5
201901141000,30,37,33,34,39,38,36
201901141001,31,37,34,38,39,42,36
201901141200,14,16,7,15,12,14,14
201901141201,14,16,13,14,6,14,12
201901141300,16,16,15,16,18,15,8
201901141301,16,16,15,16,18,11,17
201901141400,37,29,29,25,18,22,31
201901141401,31,28,30,31,19,21,31
201901141600,10,12,11,11,11,11,11
201901141601,10,12,12,11,10,10,10
201901150800,12,7,8,12,10,10,12
201901150900,16,17,17,16,16,16,16
201901151000,26,27,27,26,25,26,25
201901151600,5,5,6,6,6,6,5
201901151601,5,6,6,6,4,5,6
201901160900,5,5,4,5,4,5,4
201901160901,5,5,6,6,5,6,5
201901161000,10,11,10,10,10,10,10
201901161001,9,10,10,10,10,10,10
201901180801,1,0,1,2,1,0,0
201901180900,8,8,8,8,8,8,8
201901180901,9,9,9,9,10,10,10
201901181000,14,13,13,13,13,13,14
201901181001,14,14,14,14,14,14,14
201901181100,11,11,10,10,11,11,11
201901181101,12,12,11,11,11,11,12
201901181500,6,5,5,5,6,5,5
201901181501,5,5,5,5,5,5,5
201901190800,7,7,5,7,3,1,7
201901190801,8,9,7,8,8,2,8
201901191600,4,4,4,4,4,4,4
201901191601,4,4,4,4,4,3,4
201901241000,9,9,9,9,9,9,8
201901241001,8,9,8,8,8,8,8
201901241200,8,9,9,9,9,9,8
201901241201,9,10,9,9,9,9,9
201901241300,6,7,6,7,7,7,7
201901241301,7,7,7,7,7,7,7
201901241401,3,3,3,3,3,3,3
201901241600,1,0,1,0,0,0,0
201901241601,1,0,1,0,0,0,0
201901250900,26,27,24,24,23,25,23
201901251000,28,30,26,27,25,28,25
201901251001,26,28,24,25,23,26,23
201901251100,68,72,62,51,60,64,61
201901251600,12,12,12,12,11,13,12
201901251601,11,11,11,11,11,11,11
201901260800,14,14,12,14,13,14,13
201901260801,14,14,14,15,14,15,14
201901270800,22,23,23,22,22,23,22
201901270801,21,22,22,21,22,22,22
201901271400,7,7,7,7,7,7,7
201901271401,6,8,8,7,7,7,7
201901280800,8,8,8,8,8,8,8
201901280801,8,8,8,8,8,8,8
201901280900,13,14,15,10,13,14,13
201901280901,13,14,15,15,14,14,13
201901281400,18,48,28,23,25,24,17
201901281401,18,46,29,25,27,26,18
201901281600,9,17,16,12,10,10,11
201901281601,7,17,15,0,10,9,10
201901290800,7,7,7,7,7,6,7
201901290801,8,8,8,8,8,7,8
201901290900,16,16,16,16,16,16,16
201901291000,12,13,13,12,12,12,12
201901291200,19,16,12,12,12,9,13
201901291201,20,16,12,9,13,9,13
201901291300,10,9,9,8,6,4,7
201901291301,10,8,10,8,6,5,7
201901291400,17,15,16,13,11,8,12
201901291401,17,11,16,11,10,8,14
201901291500,12,11,12,10,11,9,10
201901291501,14,13,13,11,14,10,11
201901291600,5,5,6,5,5,5,5
201901291601,6,6,6,6,6,5,5
201901301100,0,0,0,2,2,0,0
201901301101,0,0,0,2,2,0,0
201901311101,1,0,3,3,2,0,0
201902011000,0,0,0,0,0,0,0
201902011001,0,0,0,0,0,0,0
201902011100,1,0,3,3,2,0,0
201902011101,1,0,4,3,2,0,0
201902011200,3,0,3,2,0,0,0
201902011201,3,0,3,2,0,0,0
201902011300,3,0,3,3,2,0,0
201902011301,3,1,3,3,2,0,0
201902011401,3,1,3,3,0,0,0
201902021001,0,0,0,2,0,0,0
201902021100,3,0,4,3,2,0,0
201902021101,4,0,4,4,2,0,0
201902021200,3,0,3,3,2,0,0
201902021201,3,0,3,3,2,0,0
201902021300,3,2,3,3,1,0,1
201902021301,3,1,3,3,2,0,1
201902021400,2,0,2,2,0,0,0
201902021401,3,0,2,2,0,0,0
201902021500,0,0,0,2,2,0,0
201902021501,0,0,0,2,2,0,0
201902031100,0,0,0,0,0,0,0
201902031201,0,0,0,0,0,0,0
201902031300,2,0,3,3,3,0,0
201902031301,2,0,3,3,3,0,0
201902031400,6,4,5,5,4,4,4
201902031401,5,5,3,4,4,4,4
201902031500,4,0,3,3,2,0,0
201902031501,3,0,2,3,3,0,0
201902031600,1,0,0,2,2,0,0
201902031601,1,0,2,2,2,0,0
201902040800,20,10,7,6,6,2,9
201902040801,20,9,7,6,5,2,9
201902040900,25,24,10,6,6,8,19
201902040901,26,31,12,7,9,9,21
201902041100,45,48,48,47,46,47,46
201902041101,46,48,48,46,46,46,47
201902041600,13,21,15,18,15,15,14
201902041601,12,19,16,18,15,17,14
201902051401,42,109,115,110,50,64,48
201902051700,2,1,3,2,2,1,2
201902051701,2,0,2,2,2,0,1
201902060800,8,9,9,8,8,8,9
201902060801,8,9,9,9,8,8,9
201902061600,4,4,4,4,4,3,4
201902061601,3,3,4,4,4,3,3
201902070800,9,11,11,9,10,10,10
201902070801,11,12,11,11,11,11,11
201902080800,1,2,3,1,0,0,0
201902080900,1,0,2,2,2,0,0
201902080901,2,0,2,2,2,0,0
201902081000,7,7,6,7,7,7,7
201902081001,7,7,7,7,7,8,7
201902081600,15,23,20,19,21,21,19
201902081601,14,22,21,19,19,19,18
201902090800,10,11,11,10,9,9,9
201902090801,8,9,9,8,8,9,9
201902091400,31,170,166,130,52,79,56
201902091401,38,169,168,126,47,64,62
201902091600,8,23,21,18,24,20,19
201902091601,10,23,21,21,24,20,19
201902091700,3,2,3,3,3,3,3
201902091701,3,2,3,3,3,3,3
201902100800,14,15,15,14,14,14,14
201902100801,15,16,15,15,15,15,15
201902100901,25,26,26,26,26,26,25
201902101001,69,77,77,77,73,77,73
201902101101,99,102,102,102,100,99,101
201902101401,59,61,54,101,112,101,93
201902101501,44,78,54,44,41,89,43
201902101700,4,4,5,4,4,4,4
201902101701,4,4,3,4,4,4,4
201902111700,6,6,6,6,6,5,5
201902111701,5,5,6,5,5,6,5
201902121300,2,0,2,1,1,0,0
201902121301,2,0,1,1,1,0,0
201902141500,11,0,3,3,2,0,0
201902141501,9,0,2,2,2,0,0
201902160800,24,0,0,2,0,0,12
201902160801,24,0,0,2,0,0,12
201902161700,5,0,2,2,2,0,4
201902170900,36,0,0,0,2,0,32
201902170901,36,0,0,0,2,0,34
201902180900,3,0,1,1,0,0,3
201902181000,5,0,1,2,2,0,5
201902181500,6,0,2,2,2,0,4
201902181501,6,0,2,2,2,0,5
201902191000,7,0,0,0,2,0,6
201902191100,10,1,3,3,4,1,9
201902191101,12,2,4,4,5,3,11
201902191400,23,5,6,6,8,7,20
201902191401,22,5,6,6,8,7,19
201902191600,5,0,2,2,0,0,3
201902201000,15,2,4,4,5,3,13
201902201001,15,2,4,4,5,3,13
201902211600,12,0,1,0,4,0,14
201902220800,15,2,2,0,8,8,16
201902220801,16,2,2,0,10,9,16
201902240800,5,5,5,5,5,5,5
201902240801,4,5,5,5,5,5,4
201902241000,11,11,11,11,10,10,10
201902241300,51,43,43,52,51,51,52
201902241400,40,41,41,40,40,21,40
201902241500,35,36,36,36,35,35,35
201902241600,7,8,8,7,7,7,7
201902241700,3,3,3,3,3,3,3
201902251700,7,7,9,7,7,15,7
201902270900,58,61,61,59,59,59,59
201902271001,92,82,82,84,92,80,93
201902271101,128,134,132,132,84,106,130
201902271201,104,110,108,107,81,107,97
201902271300,116,88,99,120,88,98,90
201902271401,85,80,91,87,85,86,86
201902271501,54,57,56,56,54,55,55
201902271601,11,11,11,11,11,11,11
201902271701,2,0,2,2,2,0,0
201902281400,8,7,7,7,7,7,7
201902281401,8,7,7,7,7,7,7
201903010900,0,0,0,2,0,0,0
201903010901,0,0,0,2,0,0,0
201903020900,1,0,3,3,2,0,0
201903020901,1,0,3,3,2,0,0
201903030700,0,0,0,0,0,0,0
201903041100,3,1,3,3,3,1,1
201903041201,4,4,4,4,4,4,4
201903050900,3,0,3,3,3,0,0
201903050901,3,0,3,3,3,0,0
201903061000,4,1,4,4,4,1,1
201903061700,0,0,2,2,2,0,0
201903070900,3,0,3,3,3,0,0
201903070901,3,0,3,3,3,0,0
201903071600,4,6,7,6,5,5,3
201903071601,4,7,7,6,5,5,3
201903090801,0,0,0,0,0,1,0
201903101100,4,4,3,2,2,0,0
201903101101,4,5,3,2,2,0,0
201903101801,7,6,3,1,3,1,1
201903111700,28,37,37,30,27,27,28
201903111800,13,14,13,13,13,13,13
201903120800,9,9,9,9,9,9,9
201903120801,9,9,9,9,9,9,9
201903130800,9,10,10,9,10,9,10
201903130801,10,10,9,10,10,10,10
201903131100,103,107,106,106,104,118,127
201903131200,168,176,174,171,135,172,141
201903131400,165,169,150,168,165,168,167
201903131500,84,88,87,86,84,85,85
201903131600,36,37,37,36,36,36,36
201903131700,17,18,18,17,17,17,17
201903131800,7,7,7,7,10,7,9
201903150800,6,6,6,6,6,6,6
201903150801,7,7,7,7,7,6,7
201903160800,10,11,11,10,10,11,10
201903160801,11,11,11,11,11,11,11
201903220801,7,6,8,7,8,7,6
201903230800,5,1,4,4,3,2,3
201903230900,11,4,8,9,6,6,8
201903230901,11,4,8,9,6,6,8
201903231000,23,13,16,20,12,15,16
201903231001,23,13,15,20,12,15,17
201903231101,23,12,15,18,12,15,16
201903231400,158,31,37,51,33,35,167
201903231401,174,35,42,56,34,45,176
201903231901,2,0,3,2,2,3,0
201903310701,2,5,5,2,3,4,4
201904010801,28,28,28,28,28,28,28
201904010901,25,26,26,26,25,26,26
201904011001,42,43,43,43,42,42,43
201904011101,154,161,159,158,152,156,156
201904011201,197,205,203,200,202,203,206
201904011301,243,242,239,242,237,244,241
201904011401,251,258,252,253,250,249,254
201904011501,249,256,253,250,247,250,252
201904020800,15,14,15,15,15,15,15
201904020801,15,14,15,15,15,15,15
201904030700,5,2,3,5,5,5,5
201904030701,6,7,5,6,7,7,7
201904070801,27,27,27,27,27,27,27
201904071001,75,107,79,77,75,76,76
201904071101,74,78,75,76,125,170,127
201904071201,126,132,130,129,146,188,137
201904120800,14,15,14,15,13,14,15
201904120901,18,23,21,18,18,19,19
201904121001,25,26,26,26,26,26,26
201904121101,25,26,25,25,25,25,25
201904121201,27,28,28,28,28,28,28
201904121301,31,33,32,32,27,32,31
201904121501,27,30,32,27,27,50,27
201904121601,34,39,50,35,33,59,31
201904140701,12,13,13,13,12,13,13
201904150801,6,7,7,6,6,7,6
201904150901,31,31,32,32,32,33,32
201904151001,73,69,76,75,73,32,74
201904151101,92,95,95,94,53,31,43
201904160700,7,7,7,7,7,7,7
201904160701,7,8,7,7,8,7,8
201904170700,9,8,8,8,8,8,9
201904170701,9,9,9,8,9,8,9
201904200701,4,4,4,4,4,4,4
201904201900,8,8,8,8,8,8,8
201904210801,32,44,39,33,32,39,33
201904220700,13,13,13,13,13,13,13
201904220701,13,14,14,14,14,14,14
201904260700,4,3,4,3,4,3,3
201904260701,4,4,4,4,4,3,4
201904261800,19,20,20,19,18,36,19
201904270801,15,16,15,16,15,16,15
201904270901,55,57,57,56,55,43,55
201904271001,90,90,93,92,91,92,92
201904271101,56,59,58,58,55,56,58
201904271301,87,86,45,89,88,90,89
201904271401,59,61,61,60,59,89,60
201904271501,137,142,141,140,133,89,134
201904280701,14,15,15,15,14,14,14
201904280801,42,42,42,42,42,43,42
201904280901,66,68,68,67,66,66,66
201904281001,69,74,73,71,69,70,70
201904281101,70,73,73,71,82,72,71
201904281401,80,109,101,81,80,103,81
201904281501,78,83,64,81,62,72,64
201905020700,6,6,6,6,6,6,6
201905020701,6,6,6,6,6,6,6
201905041800,58,61,61,59,49,49,58
201905061800,18,19,18,15,16,18,18
201905070701,12,13,13,13,13,12,13
201905130700,18,20,20,19,19,19,19
201905130701,20,21,20,21,19,20,20
201905131900,1,0,1,1,1,0,0
201905131901,1,0,1,1,1,0,0
201905162001,0,2,2,1,0,2,3
201905180601,3,3,3,3,3,3,3
201905180700,12,11,11,11,13,14,14
201905181000,161,151,165,164,161,163,163
201905181100,207,215,213,210,208,210,210
201905181200,232,242,239,236,232,235,236
201905181300,251,262,259,254,251,254,255
201905181400,257,270,266,260,257,259,261
201905181501,245,258,254,249,245,248,240
201905181600,32,149,147,42,28,47,34
201905181700,37,23,24,33,31,32,36
201905181801,21,21,20,20,20,20,22
201905181901,14,15,14,14,13,13,13
201905182001,2,2,3,3,2,2,2
201905200700,8,9,9,9,9,10,9
201905200701,10,12,11,10,10,11,11
201905211400,266,268,259,266,265,206,267
201905211500,264,270,269,266,263,233,266
201905211600,49,259,252,91,58,60,46
201905211700,40,30,30,32,37,38,38
201905211800,22,22,22,21,21,21,22
201905211900,16,18,16,16,15,16,15
201905212000,3,3,3,3,3,10,2
201905250601,7,6,8,6,6,6,6
201905250701,12,12,12,12,11,12,25
201905250801,79,72,76,80,66,75,73
201905250901,109,79,113,112,111,113,112
201905251001,146,151,151,149,146,147,148
201905251101,170,178,176,173,170,186,172
201905251201,233,238,235,233,213,233,222
201905270600,4,5,5,5,5,5,4
201905270601,5,5,5,5,5,5,5
201905290600,6,5,5,4,3,4,6
201905310801,33,34,34,34,32,56,33
201906010600,9,10,10,9,9,9,10
201906010601,10,10,10,10,10,10,10
201906020600,8,8,8,8,7,8,7
201906020601,8,8,8,8,8,8,8
201906022001,0,4,3,1,1,4,2
201906030600,7,5,7,7,6,6,5
201906030601,7,7,7,7,7,7,7
201906040601,6,5,6,6,6,7,6
201906041700,35,43,42,42,35,42,35
201906041900,9,10,10,9,10,10,10
201906070600,7,7,7,7,8,8,8
201906070900,111,64,112,112,111,113,113
201906071000,160,164,164,163,162,164,164
201906071100,198,206,205,202,200,202,202
201906071200,226,235,233,229,225,229,230
201906071300,239,252,248,243,240,242,244
201906071401,246,259,255,250,246,247,249
201906071500,243,251,247,246,243,198,247
201906071600,22,238,234,229,131,99,46
201906071701,24,18,70,38,22,27,23
201906071801,17,16,16,16,15,15,17
201906071901,10,12,11,11,10,11,11
201906072001,6,6,6,6,5,5,5
201906080600,6,6,6,6,6,6,6
201906080601,6,6,6,6,6,6,6
201906090600,5,5,5,5,5,5,5
201906090601,5,5,5,5,5,5,5
201906100601,8,9,9,8,8,9,9
201906101300,151,230,206,155,198,205,200
201906101700,48,61,59,49,48,50,48
201906101800,22,23,23,22,22,20,22
201906101900,4,4,4,4,4,4,4
201906111200,76,80,110,78,77,154,78
201906111300,274,275,275,273,273,224,274
201906111400,249,252,251,250,246,249,250
201906111500,234,237,235,233,233,233,235
201906111600,91,232,230,231,104,143,93
201906111700,33,23,90,58,32,38,31
201906111800,18,17,17,17,16,25,18
201906111900,13,15,14,13,13,17,13
201906112001,8,9,8,8,8,11,8
201906120600,6,6,6,6,6,6,6
201906120601,6,6,6,6,6,6,6
201906140600,6,7,7,6,7,6,7
201906140601,7,8,8,8,7,7,8
201906141300,70,55,54,72,70,49,71
201906141400,167,174,170,169,81,131,168
201906141700,26,28,27,27,26,27,26
201906141800,20,21,21,20,20,20,20
201906141900,5,5,5,5,5,5,5
201906142000,2,2,3,2,2,1,2
201906160700,3,3,3,3,3,3,3
201906160701,4,4,4,4,3,4,3
201906162000,0,1,2,0,0,1,1
201906170601,7,8,8,7,7,7,8
201906190600,11,12,12,12,12,12,12
201906190601,12,12,12,12,12,12,12
201906200600,2,2,2,2,2,2,1
201906200601,2,1,2,2,2,1,1
201906220600,11,11,11,11,11,11,12
201906220601,12,12,12,12,12,12,12
201906240600,7,7,7,7,7,7,7
201906240601,7,7,7,7,7,7,7
201906250700,22,23,23,23,17,17,18
201906250801,13,14,14,14,13,14,14
201906250901,36,38,38,37,36,17,37
201906251001,44,46,46,45,44,44,44
201906251101,29,30,30,29,29,29,29
201906251201,20,22,21,21,21,21,22
201906251301,27,21,26,28,28,28,28
201906251401,18,20,31,18,18,47,18
201906251501,115,122,120,119,84,116,85
201906260600,6,7,7,7,7,7,7
201906260601,7,8,8,7,7,8,7
201906270601,5,5,5,5,5,5,5
201906280600,4,4,4,4,4,3,4
201906280700,16,15,15,15,15,15,16
201906280901,106,64,107,108,102,103,105
201906281000,145,140,151,148,151,150,154
201906281100,188,196,193,191,186,186,189
201906281201,210,219,215,213,211,215,214
201906281301,227,236,232,229,229,217,231
201906281401,202,211,207,204,238,203,241
201906281501,237,246,242,237,233,238,238
201906281701,25,23,50,104,25,29,24
201906281801,16,16,26,15,15,15,16
201906281901,11,14,13,12,12,13,12
201906300600,5,5,5,5,5,5,5
201906300601,5,5,5,5,5,5,5
201907030600,6,6,6,6,6,6,6
201907040601,10,9,9,8,6,6,6
201907050600,5,5,5,5,5,5,5
201907050601,5,5,6,5,5,5,5
201907060600,5,4,5,6,6,6,6
201907060601,5,6,5,6,5,6,5
201907061700,7,7,7,7,7,7,7
201907061701,7,7,7,7,7,7,7
201907061801,14,15,14,14,14,16,14
201907061901,3,3,3,3,13,3,6
201907071300,235,248,242,239,235,236,239
201907071400,240,254,248,244,241,244,245
201907071500,243,257,250,246,239,246,248
201907071600,32,238,232,221,43,95,30
201907071700,32,28,27,81,30,37,32
201907071800,21,22,22,20,20,20,22
201907071900,11,11,11,11,11,12,11
201907072000,5,5,5,5,4,9,5
201907090600,4,4,5,4,4,4,4
201907090601,4,5,5,5,4,4,4
201907100601,3,7,3,6,3,2,6
201907110601,2,2,2,2,2,1,2
201907111900,5,6,6,5,5,5,5
201907112001,3,4,2,3,3,4,3
201907121300,87,114,77,90,89,92,90
201907121400,54,57,56,56,58,50,55
201907121700,81,68,68,94,77,87,79
201907121800,19,20,19,19,19,18,21
201907121900,13,14,14,13,13,13,13
201907122000,5,5,5,5,9,5,6
201907130600,5,6,5,5,8,5,3
201907140600,6,6,6,6,6,6,6
201907140601,5,6,6,6,5,6,6
201907150601,7,7,7,7,7,5,5
201907150800,38,40,41,39,38,40,38
201907150900,79,73,79,80,80,82,81
201907151000,127,127,129,129,128,140,130
201907151100,211,220,218,216,166,215,168
201907151201,159,222,218,163,158,207,162
201907151301,237,249,244,240,226,235,240
201907151401,228,242,236,232,230,230,220
201907151501,197,208,203,200,198,199,199
201907151601,48,214,208,116,48,74,46
201907151701,57,55,54,60,56,61,57
201907151801,41,44,42,41,41,42,43
201907151901,27,30,28,28,22,27,22
201907160701,28,28,28,28,28,28,29
201907160801,36,36,37,41,34,39,32
201907160901,94,68,85,96,94,95,96
201907161001,94,95,93,96,94,94,96
201907161101,181,188,185,182,181,135,183
201907170801,11,16,16,22,15,16,16
201907171600,1,0,1,1,1,0,0
201907171601,1,0,1,1,1,0,0
201907221700,8,9,9,9,8,6,9
201907221800,2,2,2,2,6,4,5
201907221900,2,2,3,2,5,2,5
201907230700,4,5,5,4,4,4,4
201907230701,4,5,5,5,4,5,5
201907260600,1,3,4,2,3,3,1
201907301500,174,215,212,177,188,193,176
201907301600,109,187,135,117,87,94,82
201907301900,27,28,28,27,26,26,26
201907302000,1,0,1,1,1,2,0
201907302001,0,0,0,0,0,3,0
201907310801,29,31,31,31,36,30,36
201908011400,234,247,239,237,233,236,236
201908011500,228,241,235,232,227,229,229
201908011600,33,197,66,38,33,35,33
201908011700,27,25,27,31,27,28,31
201908011800,19,21,20,19,20,19,20
201908011900,13,14,13,13,12,13,13
201908012000,3,4,3,3,3,7,2
201908020701,12,12,13,11,12,13,12
201908020801,31,28,28,27,24,25,26
201908020901,82,55,81,83,81,82,83
201908021001,133,120,136,135,132,134,134
201908021101,171,176,176,173,171,173,174
201908021201,199,208,206,203,200,202,203
201908021301,187,195,193,190,187,225,191
201908021401,218,230,226,222,231,234,222
201908040700,15,16,15,15,15,15,15
201908040701,15,16,16,16,15,15,15
201908060700,11,10,10,10,11,10,11
201908060801,30,25,25,23,30,38,25
201908060901,74,51,75,76,78,82,77
201908061000,124,82,127,127,125,126,127
201908061101,167,114,171,166,168,170,171
201908061201,148,155,154,151,151,148,152
201908061301,154,161,159,157,155,157,157
201908061501,57,61,60,59,74,59,58
201908061801,23,27,26,23,24,55,24
201908061901,13,14,14,13,11,15,11
201908070701,19,20,19,19,22,19,23
201908071001,72,113,86,74,93,108,77
201908090700,5,5,6,5,5,5,5
201908090701,5,6,6,6,5,5,5
201908130700,5,5,5,5,5,5,5
201908130701,5,6,5,5,5,6,6
201908160700,12,12,12,12,12,12,12
201908160800,28,29,29,28,28,29,29
201908160900,37,40,39,39,37,38,38
201908161001,87,90,95,91,89,76,90
201908161101,162,171,168,167,129,119,138
201908161201,144,152,150,149,143,148,148
201908161300,165,177,138,168,140,137,142
201908161401,190,201,197,195,191,195,194
201908161501,175,184,180,178,174,177,178
201908161601,95,98,90,88,88,89,95
201908161701,37,39,38,38,37,38,38
201908170700,9,10,10,9,10,10,11
201908170800,29,31,30,30,31,30,31
201908170901,39,42,41,40,40,61,40
201908171001,91,82,93,93,86,92,92
201908171101,162,170,166,165,161,164,164
201908171201,147,149,146,149,145,146,148
201908171301,190,199,194,193,191,193,193
201908171401,201,209,205,202,201,203,204
201908171501,164,176,172,168,163,163,166
201908171601,47,49,42,44,62,43,76
201908190700,10,11,11,10,10,11,10
201908191100,154,160,158,157,155,157,157
201908191200,137,144,142,140,136,142,139
201908191300,129,136,133,132,130,129,132
201908191400,90,98,96,95,92,93,92
201908191501,224,153,150,228,144,145,146
201908191600,111,66,71,100,100,97,114
201908191700,29,23,25,39,26,57,32
201908191800,22,23,22,22,18,31,14
201908191901,11,12,9,11,10,10,10
201908210800,6,6,6,6,5,7,6
201908210900,33,35,35,35,34,41,34
201908211000,79,75,81,82,97,81,98
201908211101,135,142,141,139,137,46,138
201908211201,11,12,12,12,11,12,12
201908211301,79,83,82,81,53,81,51
201908211401,45,49,48,48,46,47,46
201908211501,123,121,120,127,121,120,123
201908211601,60,63,61,61,60,61,61
201908211701,15,17,16,16,16,41,16
201908211900,12,13,13,13,12,12,12
201908211901,12,13,13,13,12,12,12
201908230700,9,10,10,10,12,10,11
201908230800,24,25,24,24,24,24,24
201908230900,42,32,42,42,42,42,42
201908231000,67,59,69,69,68,69,69
201908231100,164,171,170,169,166,168,167
201908231200,174,181,179,178,175,177,176
201908231301,179,140,138,185,181,196,182
201908231401,114,121,118,117,115,183,116
201908231501,153,162,159,157,94,156,129
201908231600,64,75,73,67,72,73,73
201908231701,42,46,45,44,43,44,43
201908231801,21,23,22,22,21,22,22
201908231901,14,15,15,15,14,14,14
201908241000,119,80,122,122,119,121,121
201908241100,157,162,161,159,157,158,159
201908241200,215,224,223,105,216,219,218
201908241300,101,192,196,93,102,105,102
201908241600,70,94,94,56,71,130,70
201908241700,36,61,60,44,52,76,39
201908260900,59,36,60,60,60,60,61
201908261000,117,80,121,104,119,120,120
201908261100,162,80,135,92,162,164,165
201908261200,196,69,114,79,196,198,199
201908261500,215,37,52,41,172,97,218
201908261600,158,27,31,28,79,46,105
201908261701,17,16,19,30,16,21,18
201908261801,11,11,11,11,11,11,11
201908261901,6,9,8,10,5,5,6
201908280700,4,4,4,4,4,4,4
201908280701,4,5,5,4,4,4,4
201908290700,5,5,5,4,5,5,5
201908290701,5,6,6,5,5,6,5
201909020900,21,23,22,22,21,22,22
201909021000,40,43,43,42,40,43,42
201909021100,32,34,34,60,33,33,33
201909021200,17,18,24,50,17,17,17
201909021500,57,8,11,23,58,61,58
201909021600,62,5,7,13,105,34,65
201909021700,8,2,3,4,22,8,14
201909021800,5,6,6,5,5,6,5
201909021801,7,7,7,7,6,7,6
201909050700,6,6,6,6,6,6,6
201909050701,6,6,6,6,6,6,6
201909090700,5,5,5,5,5,5,5
201909090701,5,5,5,5,5,5,5
201909100700,4,4,4,4,4,3,4
201909120700,2,1,2,2,2,0,1
201909141800,7,8,7,7,7,7,7
201909150700,7,8,8,8,8,8,8
201909150701,10,10,9,10,10,11,10
201909160801,14,34,34,34,14,14,14
201909160901,39,72,72,71,39,56,40
201909161001,93,110,109,108,94,98,95
201909161101,140,147,146,145,137,140,140
201909170701,1,3,4,3,3,3,3
201909170801,16,14,14,14,13,13,16
201909180700,1,1,1,1,2,2,3
201909180800,13,34,34,34,13,34,14
201909180900,38,71,70,70,39,70,39
201909181000,75,108,107,106,91,106,92
201909181101,146,152,151,150,147,149,149
201909181201,175,185,183,182,178,181,180
201909181301,80,85,85,177,80,81,81
201909190700,3,3,3,3,3,3,2
201909200700,3,2,3,3,3,1,2
201909210701,3,2,3,3,3,2,2
201909211200,158,165,165,164,160,163,161
201909211300,176,186,185,183,179,182,180
201909211400,183,193,192,171,185,188,187
201909211500,174,162,168,137,176,178,178
201909211700,25,81,85,69,28,15,27
201909211800,7,41,43,35,7,8,7
201909221100,124,130,130,129,127,129,128
201909221200,145,151,149,148,146,148,148
201909221300,173,182,180,139,174,177,176
201909221400,171,157,155,117,173,175,176
201909221700,34,69,68,52,31,80,28
201909230700,2,10,10,8,2,2,2
201909230701,5,3,3,3,4,4,6
201909240801,12,8,9,11,6,6,6
201909250800,21,22,22,22,21,22,21
201909250801,21,23,22,22,22,23,22
201909260700,0,0,2,1,0,0,0
201909261500,16,18,18,17,17,18,17
201909261501,19,20,23,20,20,21,20
201909270701,0,0,1,1,0,0,0
201909280800,12,12,12,12,12,13,12
201909280801,13,12,13,12,12,13,13
201909300800,13,13,13,13,13,13,13
201909300801,14,13,14,14,14,13,14
201910020801,10,13,12,13,10,12,11
201910020901,23,29,28,28,23,27,23
201910021001,39,45,43,44,44,42,50
201910030800,11,12,11,11,11,11,11
201910030900,27,28,28,27,27,28,28
201910031000,50,52,51,29,50,52,50
201910031100,30,48,54,29,30,32,32
201910031400,51,37,38,28,50,41,51
201910031500,65,33,33,27,46,35,56
201910031600,30,29,28,27,30,29,33
201910031701,9,9,9,9,9,9,9
201910031801,3,3,4,5,3,3,3
201910041800,9,9,9,9,9,9,9
201910070800,1,0,1,1,1,0,0
201910070801,1,0,1,1,1,0,0
201910070900,2,2,3,3,2,2,2
201910070901,2,2,3,2,2,2,2
201910071000,4,4,5,4,4,4,4
201910071001,4,4,4,4,4,4,4
201910071800,0,1,0,1,1,0,0
201910100800,25,23,23,23,23,22,24
201910101000,68,69,70,70,66,70,69
201910101100,119,126,125,123,121,123,122
201910101200,144,152,151,124,146,148,148
201910101300,165,150,171,105,166,169,169
201910101600,39,67,76,47,52,103,38
201910101700,33,39,44,28,42,59,39
201910101800,9,11,12,9,11,15,11
201910120801,6,7,7,6,6,6,6
201910130800,8,18,18,11,8,12,8
201910130901,25,38,38,37,36,37,37
201910180800,6,6,6,6,6,6,6
201910180801,6,7,7,6,6,6,6
201910191800,1,0,1,1,1,0,0
201910221700,1,0,1,1,1,0,0
201910221701,1,0,1,1,1,0,0
201910231800,0,0,0,2,1,2,0
201910270801,0,0,0,0,0,0,0
201910311700,0,0,0,1,0,0,0
201910311701,0,0,1,0,1,0,0
201911010800,5,6,6,5,5,6,5
201911010801,5,6,6,6,6,6,6
201911020801,5,5,5,5,5,4,5
201911060800,11,24,24,24,11,24,11
201911061001,68,69,70,70,67,69,68
201911061101,52,114,107,97,79,88,64
201911061201,24,20,20,62,18,19,19
201911061301,19,29,17,49,21,21,18
201911061501,20,14,9,22,20,58,16
201911070701,1,2,2,1,2,2,1
201911080801,14,13,13,13,14,15,14
201911090800,8,8,8,8,8,8,8
201911090801,8,8,8,8,8,8,8
201911091300,27,21,21,25,19,19,19
201911091400,59,101,97,48,86,96,78
201911091500,31,43,29,30,24,32,24
