Date/Time,condition,current,power,voltage,,condition,current,power,voltage
Sat Nov 23 13:35:44 2019,normal,0.85,11.87,13.83,,dust,0.67,9.62,14.3
Sat Nov 23 13:35:45 2019,normal,0.84,11.75,13.85,,dust,0.67,9.62,14.32
Sat Nov 23 13:35:46 2019,normal,0.85,11.87,13.85,,dust,0.66,9.49,14.28
Sat Nov 23 13:35:47 2019,normal,0.84,11.75,13.88,,dust,0.67,9.62,14.3
Sat Nov 23 13:35:48 2019,normal,0.85,11.87,13.85,,dust,0.66,9.49,14.28
Sat Nov 23 13:35:49 2019,normal,0.85,11.87,13.86,,dust,0.67,9.62,14.3
Sat Nov 23 13:35:50 2019,normal,0.85,11.87,13.83,,dust,0.67,9.62,14.29
Sat Nov 23 13:35:51 2019,normal,0.85,11.87,13.85,,dust,0.67,9.62,14.31
Sat Nov 23 13:35:52 2019,normal,0.86,12,13.85,,dust,0.68,9.75,14.31
Sat Nov 23 13:35:53 2019,normal,0.85,11.87,13.85,,dust,0.67,9.62,14.31
Sat Nov 23 13:35:54 2019,normal,0.85,11.87,13.85,,dust,0.52,7.53,14.25
Sat Nov 23 13:35:55 2019,normal,0.86,12,13.82,,dust,0.66,9.49,14.3
Sat Nov 23 13:35:56 2019,normal,0.86,12,13.86,,dust,0.67,9.62,14.3
Sat Nov 23 13:35:57 2019,normal,0.86,12,13.84,,dust,0.67,9.62,14.28
Sat Nov 23 13:35:58 2019,normal,0.85,11.87,13.87,,dust,0.67,9.62,14.29
Sat Nov 23 13:35:59 2019,normal,0.86,12,13.86,,dust,0.66,9.49,14.3
Sat Nov 23 13:36:01 2019,normal,0.86,12,13.86,,dust,0.66,9.49,14.3
Sat Nov 23 13:36:02 2019,normal,0.85,11.87,13.85,,dust,0.66,9.49,14.3
Sat Nov 23 13:36:03 2019,normal,0.85,11.87,13.85,,dust,0.65,9.36,14.27
Sat Nov 23 13:36:04 2019,normal,0.85,11.87,13.87,,dust,0.66,9.49,14.29
Sat Nov 23 13:36:05 2019,normal,0.86,12,13.84,,dust,0.65,9.36,14.29
Sat Nov 23 13:36:06 2019,normal,0.86,12,13.84,,dust,0.66,9.49,14.27
Sat Nov 23 13:36:07 2019,normal,0.86,12,13.86,,dust,0.66,9.49,14.28
Sat Nov 23 13:36:08 2019,normal,0.85,11.87,13.85,,dust,0.66,9.49,14.29
Sat Nov 23 13:36:09 2019,normal,0.86,12,13.86,,dust,0.66,9.49,14.3
Sat Nov 23 13:36:10 2019,normal,0.86,12,13.85,,dust,0.38,5.45,14.19
Sat Nov 23 13:36:11 2019,normal,0.87,12.12,13.85,,dust,0.15,2.2,14.06
Sat Nov 23 13:36:12 2019,normal,0.86,12,13.85,,dust,0.16,2.33,14.04
Sat Nov 23 13:36:13 2019,normal,0.87,12.13,13.86,,dust,0.66,9.49,14.3
Sat Nov 23 13:36:14 2019,normal,0.86,12,13.85,,dust,0.66,9.49,14.29
Sat Nov 23 13:36:15 2019,normal,0.87,12.12,13.85,,dust,0.66,9.49,14.29
Sat Nov 23 13:36:16 2019,normal,0.87,12.13,13.85,,dust,0.66,9.49,14.28
Sat Nov 23 13:36:17 2019,normal,0.86,12,13.84,,dust,0.65,9.36,14.29
Sat Nov 23 13:36:18 2019,normal,0.87,12.13,13.84,,dust,0.65,9.36,14.3
Sat Nov 23 13:36:19 2019,normal,0.86,12,13.85,,dust,0.65,9.36,14.28
Sat Nov 23 13:36:20 2019,normal,0.87,12.13,13.86,,dust,0.65,9.36,14.29
Sat Nov 23 13:36:21 2019,normal,0.88,12.25,13.85,,dust,0.65,9.36,14.29
Sat Nov 23 13:36:22 2019,normal,0.87,12.12,13.86,,dust,0.66,9.49,14.29
Sat Nov 23 13:36:23 2019,normal,0.87,12.13,13.86,,dust,0.66,9.49,14.28
Sat Nov 23 13:36:24 2019,normal,0.88,12.25,13.87,,dust,0.66,9.49,14.29
Sat Nov 23 13:36:25 2019,normal,0.88,12.25,13.85,,dust,0.66,9.49,14.28
Sat Nov 23 13:36:26 2019,normal,0.87,12.13,13.86,,dust,0.65,9.36,14.3
Sat Nov 23 13:36:27 2019,normal,0.88,12.25,13.86,,dust,0.66,9.49,14.28
Sat Nov 23 13:36:28 2019,normal,0.88,12.25,13.86,,dust,0.65,9.36,14.29
Sat Nov 23 13:36:29 2019,normal,0.87,12.13,13.85,,dust,0.66,9.49,14.28
Sat Nov 23 13:36:30 2019,normal,0.88,12.25,13.87,,dust,0.66,9.49,14.29
Sat Nov 23 13:36:31 2019,normal,0.88,12.25,13.85,,dust,0.65,9.36,14.27
Sat Nov 23 13:36:32 2019,normal,0.88,12.25,13.87,,dust,0.66,9.49,14.28
Sat Nov 23 13:36:33 2019,normal,0.88,12.25,13.87,,dust,0.66,9.49,14.28
Sat Nov 23 13:36:34 2019,normal,0.88,12.25,13.86,,dust,0.66,9.49,14.28
Sat Nov 23 13:36:35 2019,normal,0.88,12.25,13.86,,dust,0.65,9.36,14.28
Sat Nov 23 13:36:36 2019,normal,0.88,12.25,13.87,,dust,0.65,9.35,14.29
Sat Nov 23 13:36:37 2019,normal,0.89,12.39,13.86,,dust,0.66,9.48,14.29
Sat Nov 23 13:36:38 2019,normal,0.89,12.38,13.86,,dust,0.67,9.62,14.27
Sat Nov 23 13:36:39 2019,normal,0.89,12.39,13.87,,dust,0.66,9.49,14.29
Sat Nov 23 13:36:40 2019,normal,0.9,12.51,13.87,,dust,0.67,9.62,14.28
Sat Nov 23 13:36:41 2019,normal,0.9,12.51,13.87,,dust,0.67,9.62,14.26
Sat Nov 23 13:36:42 2019,normal,0.9,12.51,13.85,,dust,0.67,9.62,14.29
Sat Nov 23 13:36:43 2019,normal,0.9,12.51,13.87,,dust,0.67,9.62,14.3
Sat Nov 23 13:36:44 2019,normal,0.9,12.51,13.88,,dust,0.67,9.62,14.3
Sat Nov 23 13:36:45 2019,normal,0.9,12.52,13.87,,dust,0.67,9.62,14.29
Sat Nov 23 13:36:46 2019,normal,0.9,12.51,13.87,,dust,0.67,9.62,14.3
Sat Nov 23 13:36:47 2019,normal,0.94,12.51,13.29,,dust,0.67,9.62,14.29
Sat Nov 23 13:36:48 2019,normal,0.95,12.64,13.31,,dust,0.67,9.62,14.3
Sat Nov 23 13:36:49 2019,normal,0.95,12.64,13.31,,dust,0.67,9.62,14.28
Sat Nov 23 13:36:50 2019,normal,0.95,12.64,13.31,,dust,0.67,9.62,14.3
Sat Nov 23 13:36:51 2019,normal,0.93,12.51,13.32,,dust,0.67,9.61,14.28
Sat Nov 23 13:36:52 2019,normal,0.93,12.51,13.33,,dust,0.66,9.49,14.29
Sat Nov 23 13:36:53 2019,normal,0.94,12.64,13.32,,dust,0.66,9.49,14.29
Sat Nov 23 13:36:54 2019,normal,0.93,12.52,13.33,,dust,0.66,9.49,14.29
Sat Nov 23 13:36:55 2019,normal,0.94,12.64,13.32,,dust,0.67,9.62,14.29
Sat Nov 23 13:36:56 2019,normal,0.95,12.64,13.31,,dust,0.67,9.62,14.29
Sat Nov 23 13:36:57 2019,normal,0.95,12.77,13.32,,dust,0.68,9.75,14.29
Sat Nov 23 13:36:58 2019,normal,0.94,12.64,13.33,,dust,0.67,9.62,14.27
Sat Nov 23 13:36:59 2019,normal,0.95,12.77,13.32,,dust,0.67,9.62,14.29
Sat Nov 23 13:37:00 2019,normal,0.96,12.77,13.3,,dust,0.68,9.75,14.31
Sat Nov 23 13:37:01 2019,normal,0.96,12.89,13.32,,dust,0.68,9.75,14.3
Sat Nov 23 13:37:02 2019,normal,0.97,12.89,13.27,,dust,0.68,9.74,14.31
Sat Nov 23 13:37:03 2019,normal,0.95,12.78,13.33,,dust,0.68,9.74,14.29
Sat Nov 23 13:37:04 2019,normal,0.95,12.77,13.32,,dust,0.68,9.75,14.29
Sat Nov 23 13:37:05 2019,normal,0.96,12.89,13.34,,dust,0.68,9.74,14.29
Sat Nov 23 13:37:06 2019,normal,0.96,12.89,13.34,,dust,0.69,9.88,14.28
Sat Nov 23 13:37:07 2019,normal,0.98,13.02,13.28,,dust,0.69,10,14.3
Sat Nov 23 13:37:08 2019,normal,0.96,12.89,13.32,,dust,0.71,10.14,14.28
Sat Nov 23 13:37:09 2019,normal,0.97,13.02,13.34,,dust,0.7,10,14.28
Sat Nov 23 13:37:10 2019,normal,0.96,12.89,13.33,,dust,0.69,10.01,14.31
Sat Nov 23 13:37:11 2019,normal,0.97,13.02,13.33,,dust,0.7,10.01,14.3
Sat Nov 23 13:37:12 2019,normal,0.97,13.02,13.33,,dust,0.69,9.88,14.3
Sat Nov 23 13:37:13 2019,normal,0.97,13.03,13.33,,dust,0.7,10.01,14.29
Sat Nov 23 13:37:14 2019,normal,0.98,13.14,13.34,,dust,0.7,10.01,14.29
Sat Nov 23 13:37:15 2019,normal,0.98,13.14,13.34,,dust,0.7,10.14,14.31
Sat Nov 23 13:37:16 2019,normal,0.98,13.14,13.32,,dust,0.7,10.01,14.3
Sat Nov 23 13:37:17 2019,normal,0.98,13.14,13.33,,dust,0.71,10.27,14.29
Sat Nov 23 13:37:18 2019,normal,0.98,13.14,13.33,,dust,0.71,10.27,14.31
Sat Nov 23 13:37:19 2019,normal,0.98,13.14,13.32,,dust,0.71,10.27,14.3
Sat Nov 23 13:37:20 2019,normal,0.98,13.14,13.35,,dust,0.7,10.14,14.32
Sat Nov 23 13:37:21 2019,normal,0.98,13.15,13.36,,dust,0.7,10.14,14.31
Sat Nov 23 13:37:22 2019,normal,0.97,13.03,13.33,,dust,0.7,10.01,14.3
Sat Nov 23 13:37:23 2019,normal,0.97,13.02,13.34,,dust,0.7,10.14,14.29
Sat Nov 23 13:37:24 2019,normal,0.97,13.02,13.33,,dust,0.7,10.14,14.31
Sat Nov 23 13:37:25 2019,normal,0.97,13.02,13.32,,dust,0.7,10.13,14.32
Sat Nov 23 13:37:26 2019,normal,0.97,13.03,13.32,,dust,0.69,10,14.3
Sat Nov 23 13:37:27 2019,normal,0.98,13.14,13.32,,dust,0.7,10.14,14.31
Sat Nov 23 13:37:28 2019,normal,0.96,12.89,13.32,,dust,0.71,10.14,14.28
Sat Nov 23 13:37:29 2019,normal,0.97,13.03,13.33,,dust,0.7,10.14,14.29
Sat Nov 23 13:37:30 2019,normal,0.97,13.02,13.34,,dust,0.7,10.14,14.29
Sat Nov 23 13:37:31 2019,normal,0.97,13.02,13.32,,dust,0.7,10.14,14.3
Sat Nov 23 13:37:32 2019,normal,0.96,12.89,13.33,,dust,0.69,10.01,14.31
Sat Nov 23 13:37:33 2019,normal,0.96,12.9,13.33,,dust,0.7,10.01,14.29
Sat Nov 23 13:37:34 2019,normal,0.97,13.02,13.29,,dust,0.7,10.13,14.29
Sat Nov 23 13:37:35 2019,normal,0.96,12.89,13.36,,dust,0.7,10.13,14.3
Sat Nov 23 13:37:36 2019,normal,0.97,13.03,13.34,,dust,0.7,10.14,14.31
Sat Nov 23 13:37:37 2019,normal,0.97,13.03,13.32,,dust,0.71,10.27,14.3
Sat Nov 23 13:37:38 2019,normal,0.98,13.14,13.32,,dust,0.72,10.4,14.31
Sat Nov 23 13:37:39 2019,normal,0.98,13.15,13.34,,dust,0.72,10.4,14.31
Sat Nov 23 13:37:40 2019,normal,0.99,13.28,13.33,,dust,0.72,10.4,14.29
Sat Nov 23 13:37:41 2019,normal,0.99,13.28,13.34,,dust,0.73,10.53,14.31
Sat Nov 23 13:37:42 2019,normal,1,13.39,13.31,,dust,0.73,10.53,14.31
Sat Nov 23 13:37:43 2019,normal,1,13.4,13.38,,dust,0.73,10.53,14.3
Sat Nov 23 13:37:45 2019,normal,1,13.4,13.34,,dust,0.74,10.66,14.31
Sat Nov 23 13:37:46 2019,normal,0.99,13.28,13.33,,dust,0.74,10.66,14.31
Sat Nov 23 13:37:47 2019,normal,1,13.4,13.33,,dust,0.74,10.66,14.3
Sat Nov 23 13:37:48 2019,normal,1,13.4,13.34,,dust,0.74,10.66,14.31
Sat Nov 23 13:37:49 2019,normal,1.01,13.53,13.34,,dust,0.75,10.79,14.31
Sat Nov 23 13:37:50 2019,normal,1.01,13.52,13.34,,dust,0.75,10.79,14.3
Sat Nov 23 13:37:51 2019,normal,1,13.4,13.33,,dust,0.75,10.79,14.31
Sat Nov 23 13:37:52 2019,normal,1,13.4,13.34,,dust,0.75,10.79,14.31
Sat Nov 23 13:37:53 2019,normal,1,13.4,13.32,,dust,0.75,10.79,14.32
Sat Nov 23 13:37:54 2019,normal,1.01,13.53,13.34,,dust,0.75,10.79,14.32
Sat Nov 23 13:37:55 2019,normal,1.01,13.53,13.34,,dust,0.75,10.79,14.29
Sat Nov 23 13:37:56 2019,normal,1.01,13.53,13.34,,dust,0.75,10.79,14.31
Sat Nov 23 13:37:57 2019,normal,1,13.4,13.34,,dust,0.75,10.79,14.31
Sat Nov 23 13:37:58 2019,normal,1,13.4,13.31,,dust,0.75,10.79,14.31
Sat Nov 23 13:37:59 2019,normal,1,13.4,13.33,,dust,0.74,10.66,14.32
Sat Nov 23 13:38:00 2019,normal,1,13.4,13.33,,dust,0.76,10.92,14.31
Sat Nov 23 13:38:01 2019,normal,0.99,13.28,13.34,,dust,0.75,10.79,14.31
Sat Nov 23 13:38:02 2019,normal,1.01,13.52,13.33,,dust,0.75,10.79,14.31
Sat Nov 23 13:38:03 2019,normal,1,13.4,13.33,,dust,0.75,10.79,14.31
Sat Nov 23 13:38:04 2019,normal,1.01,13.53,13.34,,dust,0.75,10.79,14.32
Sat Nov 23 13:38:05 2019,normal,1.01,13.53,13.34,,dust,0.75,10.79,14.3
Sat Nov 23 13:38:06 2019,normal,1,13.4,13.32,,dust,0.75,10.79,14.29
Sat Nov 23 13:38:07 2019,normal,1.01,13.53,13.33,,dust,0.76,10.92,14.34
Sat Nov 23 13:38:08 2019,normal,1.01,13.53,13.34,,dust,0.76,10.92,14.31
Sat Nov 23 13:38:09 2019,normal,1.01,13.53,13.33,,dust,0.76,10.92,14.3
Sat Nov 23 13:38:10 2019,normal,1.01,13.53,13.35,,dust,0.76,10.92,14.3
Sat Nov 23 13:38:11 2019,normal,1.01,13.53,13.35,,dust,0.77,11.05,14.32
Sat Nov 23 13:38:12 2019,normal,1.01,13.53,13.34,,dust,0.77,11.05,14.31
Sat Nov 23 13:38:13 2019,normal,1.03,13.78,13.33,,dust,0.76,10.92,14.31
Sat Nov 23 13:38:14 2019,normal,1.02,13.65,13.34,,dust,0.77,11.05,14.31
Sat Nov 23 13:38:15 2019,normal,1.01,13.54,13.34,,dust,0.77,11.05,14.32
Sat Nov 23 13:38:16 2019,normal,1.02,13.65,13.35,,dust,0.77,11.05,14.3
Sat Nov 23 13:38:17 2019,normal,1.02,13.66,13.34,,dust,0.77,11.05,14.3
Sat Nov 23 13:38:18 2019,normal,1.02,13.66,13.34,,dust,0.76,10.92,14.3
Sat Nov 23 13:38:19 2019,normal,1.01,13.54,13.34,,dust,0.76,10.92,14.31
Sat Nov 23 13:38:20 2019,normal,1.02,13.66,13.34,,dust,0.77,11.05,14.32
Sat Nov 23 13:38:21 2019,normal,1.02,13.66,13.33,,dust,0.76,10.92,14.3
Sat Nov 23 13:38:22 2019,normal,1.03,13.78,13.34,,dust,0.76,10.92,14.33
Sat Nov 23 13:38:23 2019,normal,1.01,13.54,13.35,,dust,0.76,10.92,14.3
Sat Nov 23 13:38:24 2019,normal,1.01,13.53,13.33,,dust,0.76,10.92,14.33
Sat Nov 23 13:38:25 2019,normal,1.02,13.65,13.34,,dust,0.77,11.05,14.31
Sat Nov 23 13:38:26 2019,normal,1.01,13.54,13.34,,dust,0.76,10.92,14.31
Sat Nov 23 13:38:27 2019,normal,1.01,13.53,13.35,,dust,0.76,10.92,14.31
Sat Nov 23 13:38:28 2019,normal,1.01,13.54,13.34,,dust,0.76,10.92,14.3
Sat Nov 23 13:38:29 2019,normal,1.02,13.65,13.34,,dust,0.76,10.92,14.29
Sat Nov 23 13:38:30 2019,normal,1.02,13.65,13.33,,dust,0.76,10.92,14.32
Sat Nov 23 13:38:31 2019,normal,1.02,13.66,13.35,,dust,0.77,11.05,14.31
Sat Nov 23 13:38:32 2019,normal,1.02,13.65,13.36,,dust,0.77,11.04,14.31
Sat Nov 23 13:38:33 2019,normal,1.02,13.65,13.32,,dust,0.77,11.05,14.32
Sat Nov 23 13:38:34 2019,normal,1.02,13.66,13.32,,dust,0.77,11.05,14.33
Sat Nov 23 13:38:35 2019,normal,1.02,13.66,13.38,,dust,0.76,10.92,14.31
Sat Nov 23 13:38:36 2019,normal,1.01,13.53,13.36,,dust,0.77,11.05,14.31
Sat Nov 23 13:38:37 2019,normal,1.01,13.53,13.33,,dust,0.77,11.05,14.31
Sat Nov 23 13:38:38 2019,normal,1.01,13.54,13.35,,dust,0.76,10.92,14.31
Sat Nov 23 13:38:39 2019,normal,1.01,13.53,13.32,,dust,0.76,10.92,14.3
Sat Nov 23 13:38:40 2019,normal,1.01,13.54,13.34,,dust,0.76,10.92,14.31
Sat Nov 23 13:38:41 2019,normal,1.01,13.54,13.35,,dust,0.76,10.92,14.29
Sat Nov 23 13:38:42 2019,normal,1.01,13.54,13.32,,dust,0.76,10.92,14.32
Sat Nov 23 13:38:43 2019,normal,1.01,13.54,13.36,,dust,0.76,10.92,14.31
Sat Nov 23 13:38:44 2019,normal,1.01,13.54,13.35,,dust,0.76,10.92,14.31
Sat Nov 23 13:38:45 2019,normal,1.01,13.55,13.33,,dust,0.76,10.92,14.32
Sat Nov 23 13:38:46 2019,normal,1,13.41,13.36,,dust,0.76,10.92,14.31
Sat Nov 23 13:38:47 2019,normal,1,13.41,13.34,,dust,0.75,10.79,14.31
Sat Nov 23 13:38:48 2019,normal,1.01,13.53,13.34,,dust,0.75,10.79,14.32
Sat Nov 23 13:38:49 2019,normal,1,13.41,13.34,,dust,0.76,10.92,14.32
Sat Nov 23 13:38:50 2019,normal,1.01,13.53,13.35,,dust,0.76,10.92,14.31
Sat Nov 23 13:38:51 2019,normal,1.01,13.54,13.34,,dust,0.75,10.79,14.32
Sat Nov 23 13:38:52 2019,normal,1.01,13.54,13.34,,dust,0.76,10.92,14.31
Sat Nov 23 13:38:53 2019,normal,1.01,13.54,13.35,,dust,0.76,10.92,14.3
Sat Nov 23 13:38:54 2019,normal,1.01,13.54,13.34,,dust,0.76,10.92,14.32
Sat Nov 23 13:38:55 2019,normal,1.01,13.54,13.36,,dust,0.75,10.79,14.31
Sat Nov 23 13:38:56 2019,normal,1.01,13.54,13.36,,dust,0.76,10.92,14.29
Sat Nov 23 13:38:57 2019,normal,1.01,13.54,13.35,,dust,0.75,10.79,14.31
Sat Nov 23 13:38:58 2019,normal,1.01,13.54,13.36,,dust,0.75,10.79,14.31
Sat Nov 23 13:38:59 2019,normal,1.01,13.53,13.36,,dust,0.75,10.79,14.31
Sat Nov 23 13:39:00 2019,normal,1.01,13.54,13.35,,dust,0.75,10.79,14.31
Sat Nov 23 13:39:01 2019,normal,1,13.41,13.36,,dust,0.75,10.79,14.31
Sat Nov 23 13:39:02 2019,normal,1.01,13.54,13.34,,dust,0.75,10.79,14.32
Sat Nov 23 13:39:03 2019,normal,1.01,13.54,13.34,,dust,0.75,10.79,14.31
Sat Nov 23 13:39:04 2019,normal,1.01,13.54,13.32,,dust,0.76,10.92,14.31
Sat Nov 23 13:39:05 2019,normal,1.02,13.66,13.34,,dust,0.76,10.92,14.3
Sat Nov 23 13:39:06 2019,normal,1.02,13.67,13.34,,dust,0.77,11.05,14.32
Sat Nov 23 13:39:07 2019,normal,1.02,13.66,13.36,,dust,0.76,10.92,14.3
Sat Nov 23 13:39:08 2019,normal,1.02,13.66,13.36,,dust,0.76,10.92,14.32
Sat Nov 23 13:39:09 2019,normal,1.02,13.66,13.36,,dust,0.76,10.92,14.32
Sat Nov 23 13:39:10 2019,normal,1.02,13.66,13.35,,dust,0.76,10.92,14.3
Sat Nov 23 13:39:11 2019,normal,1.02,13.66,13.35,,dust,0.76,10.92,14.31
Sat Nov 23 13:39:12 2019,normal,1.02,13.66,13.35,,dust,0.76,10.92,14.3
Sat Nov 23 13:39:13 2019,normal,1.02,13.66,13.35,,dust,0.77,11.05,14.31
Sat Nov 23 13:39:14 2019,normal,1.02,13.66,13.36,,dust,0.77,11.05,14.31
Sat Nov 23 13:39:15 2019,normal,1.02,13.66,13.34,,dust,0.76,10.92,14.31
Sat Nov 23 13:39:16 2019,normal,1.02,13.66,13.34,,dust,0.77,11.05,14.32
Sat Nov 23 13:39:17 2019,normal,1.02,13.66,13.35,,dust,0.77,11.05,14.31
Sat Nov 23 13:39:18 2019,normal,1.02,13.66,13.33,,dust,0.77,11.05,14.31
Sat Nov 23 13:39:19 2019,normal,1.02,13.66,13.34,,dust,0.77,11.05,14.31
Sat Nov 23 13:39:20 2019,normal,1.03,13.79,13.33,,dust,0.76,10.92,14.31
Sat Nov 23 13:39:21 2019,normal,1.03,13.8,13.35,,dust,0.76,10.92,14.31
Sat Nov 23 13:39:22 2019,normal,1.02,13.66,13.35,,dust,0.76,10.92,14.32
Sat Nov 23 13:39:23 2019,normal,1.02,13.66,13.35,,dust,0.76,10.92,14.31
Sat Nov 23 13:39:24 2019,normal,1.03,13.79,13.35,,dust,0.76,10.92,14.31
Sat Nov 23 13:39:25 2019,normal,1.03,13.79,13.35,,dust,0.76,10.92,14.3
Sat Nov 23 13:39:26 2019,normal,1.02,13.66,13.36,,dust,0.76,10.92,14.3
Sat Nov 23 13:39:27 2019,normal,1.02,13.65,13.34,,dust,0.76,10.92,14.31
Sat Nov 23 13:39:28 2019,normal,1.02,13.66,13.35,,dust,0.76,10.92,14.32
Sat Nov 23 13:39:29 2019,normal,1.01,13.54,13.34,,dust,0.75,10.79,14.3
Sat Nov 23 13:39:30 2019,normal,1.01,13.54,13.37,,dust,0.76,10.92,14.31
Sat Nov 23 13:39:31 2019,normal,1.02,13.66,13.36,,dust,0.75,10.79,14.32
Sat Nov 23 13:39:32 2019,normal,1.02,13.66,13.34,,dust,0.76,10.92,14.31
Sat Nov 23 13:39:33 2019,normal,1.02,13.66,13.34,,dust,0.76,10.92,14.31
Sat Nov 23 13:39:34 2019,normal,1.02,13.66,13.36,,dust,0.75,10.79,14.3
Sat Nov 23 13:39:35 2019,normal,1.01,13.54,13.36,,dust,0.76,10.92,14.31
Sat Nov 23 13:39:36 2019,normal,1.02,13.66,13.36,,dust,0.76,10.92,14.31
Sat Nov 23 13:39:38 2019,normal,1.02,13.66,13.36,,dust,0.75,10.79,14.31
Sat Nov 23 13:39:39 2019,normal,1.02,13.66,13.29,,dust,0.76,10.92,14.32
Sat Nov 23 13:39:40 2019,normal,1.03,13.79,13.33,,dust,0.75,10.79,14.31
Sat Nov 23 13:39:41 2019,normal,1.03,13.79,13.37,,dust,0.76,10.92,14.31
Sat Nov 23 13:39:42 2019,normal,1.02,13.66,13.34,,dust,0.75,10.79,14.31
Sat Nov 23 13:39:43 2019,normal,1.02,13.67,13.36,,dust,0.75,10.78,14.31
Sat Nov 23 13:39:44 2019,normal,1.03,13.79,13.35,,dust,0.75,10.79,14.31
Sat Nov 23 13:39:45 2019,normal,1.02,13.66,13.35,,dust,0.75,10.79,14.29
Sat Nov 23 13:39:46 2019,normal,1.02,13.66,13.33,,dust,0.76,10.92,14.31
Sat Nov 23 13:39:47 2019,normal,1.03,13.79,13.34,,dust,0.75,10.79,14.31
Sat Nov 23 13:39:48 2019,normal,1.02,13.66,13.36,,dust,0.75,10.79,14.3
Sat Nov 23 13:39:49 2019,normal,1.04,13.91,13.33,,dust,0.75,10.79,14.31
Sat Nov 23 13:39:50 2019,normal,1.03,13.79,13.37,,dust,0.75,10.79,14.3
Sat Nov 23 13:39:51 2019,normal,1.02,13.67,13.34,,dust,0.75,10.79,14.31
Sat Nov 23 13:39:52 2019,normal,1.02,13.67,13.36,,dust,0.75,10.79,14.31
Sat Nov 23 13:39:53 2019,normal,1.02,13.66,13.36,,dust,0.76,10.92,14.31
Sat Nov 23 13:39:54 2019,normal,1.03,13.79,13.35,,dust,0.75,10.79,14.31
Sat Nov 23 13:39:55 2019,normal,1.02,13.67,13.34,,dust,0.75,10.79,14.31
Sat Nov 23 13:39:56 2019,normal,1.02,13.67,13.34,,dust,0.75,10.79,14.29
Sat Nov 23 13:39:57 2019,normal,1.02,13.67,13.35,,dust,0.75,10.79,14.3
Sat Nov 23 13:39:58 2019,normal,1.01,13.55,13.34,,dust,0.75,10.79,14.29
Sat Nov 23 13:39:59 2019,normal,1.01,13.55,13.35,,dust,0.75,10.79,14.31
Sat Nov 23 13:40:00 2019,normal,1,13.42,13.37,,dust,0.74,10.66,14.29
Sat Nov 23 13:40:01 2019,normal,1,13.42,13.35,,dust,0.74,10.66,14.31
Sat Nov 23 13:40:02 2019,normal,0.99,13.29,13.36,,dust,0.74,10.66,14.31
Sat Nov 23 13:40:03 2019,normal,1,13.42,13.35,,dust,0.73,10.52,14.31
Sat Nov 23 13:40:04 2019,normal,0.99,13.3,13.36,,dust,0.73,10.52,14.29
Sat Nov 23 13:40:05 2019,normal,0.99,13.29,13.34,,dust,0.73,10.53,14.29
Sat Nov 23 13:40:06 2019,normal,0.98,13.17,13.35,,dust,0.72,10.4,14.31
Sat Nov 23 13:40:07 2019,normal,0.98,13.17,13.35,,dust,0.71,10.27,14.29
Sat Nov 23 13:40:08 2019,normal,0.97,13.04,13.36,,dust,0.71,10.27,14.29
Sat Nov 23 13:40:09 2019,normal,0.98,13.16,13.36,,dust,0.71,10.27,14.3
Sat Nov 23 13:40:10 2019,normal,0.97,13.04,13.34,,dust,0.71,10.26,14.3
Sat Nov 23 13:40:11 2019,normal,0.96,12.91,13.36,,dust,0.7,10.14,14.31
Sat Nov 23 13:40:12 2019,normal,0.96,12.91,13.34,,dust,0.7,10.14,14.3
Sat Nov 23 13:40:13 2019,normal,0.95,12.79,13.34,,dust,0.7,10.14,14.29
Sat Nov 23 13:40:14 2019,normal,0.95,12.79,13.35,,dust,0.69,9.87,14.29
Sat Nov 23 13:40:15 2019,normal,0.94,12.54,13.33,,dust,0.69,9.87,14.3
Sat Nov 23 13:40:16 2019,normal,0.93,12.41,13.34,,dust,0.68,9.74,14.3
Sat Nov 23 13:40:17 2019,normal,0.92,12.28,13.35,,dust,0.68,9.75,14.28
Sat Nov 23 13:40:18 2019,normal,0.92,12.28,13.33,,dust,0.67,9.61,14.28
Sat Nov 23 13:40:19 2019,normal,0.91,12.16,13.35,,dust,0.66,9.48,14.29
Sat Nov 23 13:40:20 2019,normal,0.9,12.02,13.32,,dust,0.66,9.48,14.28
Sat Nov 23 13:40:21 2019,normal,0.89,11.91,13.35,,dust,0.65,9.35,14.28
Sat Nov 23 13:40:22 2019,normal,0.87,11.65,13.34,,dust,0.64,9.22,14.24
Sat Nov 23 13:40:23 2019,normal,0.86,11.53,13.34,,dust,0.63,9.09,14.28
Sat Nov 23 13:40:24 2019,normal,0.85,11.4,13.33,,dust,0.62,8.96,14.27
Sat Nov 23 13:40:25 2019,normal,0.85,11.4,13.36,,dust,0.61,8.83,14.26
Sat Nov 23 13:40:26 2019,normal,0.84,11.27,13.36,,dust,0.61,8.83,14.27
Sat Nov 23 13:40:27 2019,normal,0.84,11.27,13.32,,dust,0.61,8.83,14.26
Sat Nov 23 13:40:28 2019,normal,0.84,11.27,13.33,,dust,0.61,8.82,14.27
Sat Nov 23 13:40:29 2019,normal,0.85,11.4,13.33,,dust,0.62,8.83,14.24
Sat Nov 23 13:40:30 2019,normal,0.84,11.27,13.34,,dust,0.62,8.96,14.27
Sat Nov 23 13:40:31 2019,normal,0.85,11.41,13.34,,dust,0.61,8.82,14.27
Sat Nov 23 13:40:32 2019,normal,0.84,11.27,13.33,,dust,0.61,8.82,14.28
Sat Nov 23 13:40:33 2019,normal,0.83,11.15,13.34,,dust,0.6,8.69,14.26
Sat Nov 23 13:40:34 2019,normal,0.82,11.02,13.34,,dust,0.6,8.69,14.27
Sat Nov 23 13:40:35 2019,normal,0.82,11.02,13.32,,dust,0.61,8.7,14.26
Sat Nov 23 13:40:36 2019,normal,0.81,10.9,13.34,,dust,0.6,8.56,14.25
Sat Nov 23 13:40:37 2019,normal,0.81,10.9,13.33,,dust,0.59,8.43,14.26
Sat Nov 23 13:40:38 2019,normal,0.79,10.65,13.34,,dust,0.59,8.43,14.26
Sat Nov 23 13:40:39 2019,normal,0.8,10.77,13.31,,dust,0.58,8.31,14.25
Sat Nov 23 13:40:40 2019,normal,0.8,10.77,13.33,,dust,0.58,8.3,14.26
Sat Nov 23 13:40:41 2019,normal,0.79,10.65,13.33,,dust,0.58,8.3,14.26
Sat Nov 23 13:40:42 2019,normal,0.79,10.65,13.33,,dust,0.58,8.3,14.27
Sat Nov 23 13:40:43 2019,normal,0.79,10.65,13.33,,dust,0.59,8.43,14.25
Sat Nov 23 13:40:44 2019,normal,0.79,10.65,13.35,,dust,0.57,8.17,14.26
Sat Nov 23 13:40:45 2019,normal,0.79,10.52,13.32,,dust,0.57,8.17,14.25
Sat Nov 23 13:40:46 2019,normal,0.79,10.65,13.34,,dust,0.57,8.17,14.25
Sat Nov 23 13:40:47 2019,normal,0.77,10.39,13.34,,dust,0.57,8.17,14.26
Sat Nov 23 13:40:48 2019,normal,0.79,10.52,13.32,,dust,0.56,8.04,14.23
Sat Nov 23 13:40:49 2019,normal,0.77,10.39,13.34,,dust,0.56,8.04,14.25
Sat Nov 23 13:40:50 2019,normal,0.78,10.39,13.32,,dust,0.56,8.04,14.25
Sat Nov 23 13:40:51 2019,normal,0.77,10.39,13.36,,dust,0.57,8.17,14.26
Sat Nov 23 13:40:52 2019,normal,0.76,10.14,13.31,,dust,0.56,8.04,14.27
Sat Nov 23 13:40:53 2019,normal,0.76,10.26,13.34,,dust,0.55,7.91,14.25
Sat Nov 23 13:40:54 2019,normal,0.77,10.27,13.34,,dust,0.55,7.91,14.24
Sat Nov 23 13:40:55 2019,normal,0.77,10.26,13.32,,dust,0.56,8.04,14.25
Sat Nov 23 13:40:56 2019,normal,0.77,10.39,13.34,,dust,0.56,8.04,14.24
Sat Nov 23 13:40:57 2019,normal,0.77,10.39,13.34,,dust,0.57,8.17,14.25
Sat Nov 23 13:40:58 2019,normal,0.79,10.52,13.32,,dust,0.58,8.3,14.24
Sat Nov 23 13:40:59 2019,normal,0.79,10.65,13.32,,dust,0.58,8.3,14.25
Sat Nov 23 13:41:00 2019,normal,0.78,10.52,13.33,,dust,0.58,8.3,14.26
Sat Nov 23 13:41:01 2019,normal,0.78,10.51,13.32,,dust,0.58,8.3,14.27
Sat Nov 23 13:41:02 2019,normal,0.78,10.39,13.33,,dust,0.57,8.17,14.25
Sat Nov 23 13:41:03 2019,normal,0.77,10.39,13.34,,dust,0.56,8.04,14.25
Sat Nov 23 13:41:04 2019,normal,0.77,10.27,13.33,,dust,0.56,8.04,14.26
Sat Nov 23 13:41:05 2019,normal,0.77,10.26,13.32,,dust,0.55,7.91,14.25
Sat Nov 23 13:41:06 2019,normal,0.77,10.27,13.32,,dust,0.55,7.91,14.24
Sat Nov 23 13:41:07 2019,normal,0.77,10.27,13.34,,dust,0.55,7.91,14.23
Sat Nov 23 13:41:08 2019,normal,0.77,10.26,13.32,,dust,0.55,7.91,14.24
Sat Nov 23 13:41:09 2019,normal,0.77,10.27,13.33,,dust,0.56,8.04,14.25
Sat Nov 23 13:41:10 2019,normal,0.77,10.26,13.32,,dust,0.57,8.17,14.25
Sat Nov 23 13:41:11 2019,normal,0.77,10.39,13.35,,dust,0.56,8.04,14.26
Sat Nov 23 13:41:12 2019,normal,0.78,10.51,13.32,,dust,0.57,8.17,14.24
Sat Nov 23 13:41:13 2019,normal,0.79,10.65,13.34,,dust,0.58,8.3,14.24
Sat Nov 23 13:41:14 2019,normal,0.79,10.65,13.33,,dust,0.59,8.43,14.25
Sat Nov 23 13:41:15 2019,normal,0.79,10.65,13.34,,dust,0.59,8.43,14.25
Sat Nov 23 13:41:16 2019,normal,0.8,10.77,13.34,,dust,0.59,8.43,14.26
Sat Nov 23 13:41:17 2019,normal,0.8,10.77,13.33,,dust,0.6,8.56,14.25
Sat Nov 23 13:41:18 2019,normal,0.81,10.9,13.34,,dust,0.6,8.56,14.25
Sat Nov 23 13:41:19 2019,normal,0.8,10.77,13.34,,dust,0.6,8.56,14.24
Sat Nov 23 13:41:20 2019,normal,0.8,10.77,13.33,,dust,0.6,8.56,14.26
Sat Nov 23 13:41:21 2019,normal,0.8,10.77,13.32,,dust,0.59,8.43,14.25
Sat Nov 23 13:41:22 2019,normal,0.8,10.77,13.32,,dust,0.6,8.56,14.26
Sat Nov 23 13:41:23 2019,normal,0.79,10.65,13.34,,dust,0.59,8.43,14.25
Sat Nov 23 13:41:24 2019,normal,0.79,10.52,13.32,,dust,0.58,8.3,14.24
Sat Nov 23 13:41:26 2019,normal,0.79,10.65,13.33,,dust,0.58,8.3,14.26
Sat Nov 23 13:41:27 2019,normal,0.79,10.65,13.33,,dust,0.58,8.3,14.24
Sat Nov 23 13:41:28 2019,normal,0.8,10.76,13.34,,dust,0.58,8.3,14.24
Sat Nov 23 13:41:29 2019,normal,0.8,10.77,13.34,,dust,0.59,8.43,14.26
Sat Nov 23 13:41:30 2019,normal,0.8,10.77,13.33,,dust,0.6,8.56,14.25
Sat Nov 23 13:41:31 2019,normal,0.81,10.9,13.35,,dust,0.6,8.56,14.26
Sat Nov 23 13:41:32 2019,normal,0.81,10.9,13.32,,dust,0.59,8.43,14.25
Sat Nov 23 13:41:33 2019,normal,0.8,10.77,13.31,,dust,0.59,8.43,14.25
Sat Nov 23 13:41:34 2019,normal,0.8,10.77,13.34,,dust,0.59,8.43,14.25
Sat Nov 23 13:41:35 2019,normal,0.79,10.65,13.32,,dust,0.6,8.56,14.25
Sat Nov 23 13:41:36 2019,normal,0.79,10.64,13.33,,dust,0.59,8.43,14.25
Sat Nov 23 13:41:37 2019,normal,0.79,10.65,13.34,,dust,0.59,8.43,14.25
Sat Nov 23 13:41:38 2019,normal,0.8,10.76,13.34,,dust,0.59,8.43,14.25
Sat Nov 23 13:41:39 2019,normal,0.79,10.64,13.34,,dust,0.59,8.43,14.23
Sat Nov 23 13:41:40 2019,normal,0.79,10.65,13.32,,dust,0.59,8.43,14.27
Sat Nov 23 13:41:41 2019,normal,0.79,10.64,13.34,,dust,0.58,8.3,14.27
Sat Nov 23 13:41:42 2019,normal,0.79,10.65,13.33,,dust,0.58,8.3,14.23
Sat Nov 23 13:41:43 2019,normal,0.79,10.65,13.34,,dust,0.58,8.3,14.24
Sat Nov 23 13:41:44 2019,normal,0.79,10.65,13.34,,dust,0.58,8.3,14.25
Sat Nov 23 13:41:45 2019,normal,0.8,10.76,13.32,,dust,0.58,8.3,14.25
Sat Nov 23 13:41:46 2019,normal,0.8,10.77,13.33,,dust,0.59,8.43,14.25
Sat Nov 23 13:41:47 2019,normal,0.81,10.89,13.32,,dust,0.6,8.56,14.25
Sat Nov 23 13:41:48 2019,normal,0.81,10.9,13.34,,dust,0.6,8.56,14.26
Sat Nov 23 13:41:49 2019,normal,0.82,11.02,13.35,,dust,0.6,8.56,14.25
Sat Nov 23 13:41:50 2019,normal,0.82,11.02,13.34,,dust,0.6,8.56,14.24
Sat Nov 23 13:41:51 2019,normal,0.82,11.02,13.32,,dust,0.6,8.56,14.25
Sat Nov 23 13:41:52 2019,normal,0.83,11.15,13.36,,dust,0.6,8.68,14.26
Sat Nov 23 13:41:53 2019,normal,0.82,11.01,13.33,,dust,0.6,8.68,14.25
Sat Nov 23 13:41:54 2019,normal,0.82,11.02,13.34,,dust,0.59,8.56,14.28
Sat Nov 23 13:41:55 2019,normal,0.82,11.01,13.34,,dust,0.6,8.56,14.27
Sat Nov 23 13:41:56 2019,normal,0.82,11.02,13.32,,dust,0.6,8.56,14.25
Sat Nov 23 13:41:57 2019,normal,0.82,11.02,13.34,,dust,0.6,8.56,14.25
Sat Nov 23 13:41:58 2019,normal,0.8,10.77,13.33,,dust,0.59,8.43,14.25
Sat Nov 23 13:41:59 2019,normal,0.81,10.9,13.32,,dust,0.59,8.43,14.24
Sat Nov 23 13:42:00 2019,normal,0.8,10.76,13.33,,dust,0.59,8.43,14.25
Sat Nov 23 13:42:01 2019,normal,0.81,10.89,13.32,,dust,0.59,8.43,14.25
Sat Nov 23 13:42:02 2019,normal,0.82,11.01,13.33,,dust,0.59,8.43,14.25
Sat Nov 23 13:42:03 2019,normal,0.82,11.01,13.32,,dust,0.6,8.56,14.24
Sat Nov 23 13:42:04 2019,normal,0.83,11.15,13.32,,dust,0.6,8.56,14.25
Sat Nov 23 13:42:05 2019,normal,0.83,11.15,13.33,,dust,0.6,8.56,14.27
Sat Nov 23 13:42:06 2019,normal,0.84,11.27,13.34,,dust,0.6,8.69,14.27
Sat Nov 23 13:42:07 2019,normal,0.84,11.27,13.33,,dust,0.6,8.68,14.25
Sat Nov 23 13:42:08 2019,normal,0.85,11.4,13.34,,dust,0.61,8.68,14.21
Sat Nov 23 13:42:09 2019,normal,0.84,11.27,13.33,,dust,0.6,8.69,14.26
Sat Nov 23 13:42:10 2019,normal,0.84,11.26,13.33,,dust,0.61,8.69,14.22
Sat Nov 23 13:42:11 2019,normal,0.84,11.27,13.34,,dust,0.6,8.68,14.26
Sat Nov 23 13:42:12 2019,normal,0.84,11.26,13.34,,dust,0.6,8.56,14.25
Sat Nov 23 13:42:13 2019,normal,0.83,11.14,13.34,,dust,0.6,8.56,14.25
Sat Nov 23 13:42:14 2019,normal,0.84,11.27,13.34,,dust,0.6,8.56,14.23
Sat Nov 23 13:42:15 2019,normal,0.84,11.27,13.34,,dust,0.6,8.56,14.24
Sat Nov 23 13:42:16 2019,normal,0.85,11.4,13.33,,dust,0.6,8.68,14.25
Sat Nov 23 13:42:17 2019,normal,0.85,11.4,13.34,,dust,0.6,8.68,14.26
Sat Nov 23 13:42:18 2019,normal,0.85,11.41,13.34,,dust,0.6,8.68,14.26
Sat Nov 23 13:42:19 2019,normal,0.86,11.52,13.33,,dust,0.6,8.68,14.25
Sat Nov 23 13:42:20 2019,normal,0.85,11.39,13.34,,dust,0.61,8.69,14.25
Sat Nov 23 13:42:21 2019,normal,0.86,11.52,13.34,,dust,0.6,8.69,14.27
Sat Nov 23 13:42:22 2019,normal,0.85,11.4,13.35,,dust,0.6,8.68,14.25
Sat Nov 23 13:42:23 2019,normal,0.86,11.52,13.33,,dust,0.61,8.68,14.24
Sat Nov 23 13:42:24 2019,normal,0.86,11.52,13.34,,dust,0.6,8.68,14.25
Sat Nov 23 13:42:25 2019,normal,0.87,11.66,13.33,,dust,0.61,8.82,14.27
Sat Nov 23 13:42:26 2019,normal,0.87,11.65,13.33,,dust,0.6,8.68,14.25
Sat Nov 23 13:42:27 2019,normal,0.87,11.65,13.34,,dust,0.61,8.81,14.23
Sat Nov 23 13:42:28 2019,normal,0.87,11.65,13.34,,dust,0.61,8.82,14.26
Sat Nov 23 13:42:29 2019,normal,0.86,11.52,13.33,,dust,0.6,8.68,14.29
Sat Nov 23 13:42:30 2019,normal,0.86,11.52,13.35,,dust,0.6,8.56,14.25
Sat Nov 23 13:42:31 2019,normal,0.86,11.52,13.33,,dust,0.6,8.56,14.26
Sat Nov 23 13:42:32 2019,normal,0.87,11.66,13.36,,dust,0.6,8.56,14.25
Sat Nov 23 13:42:33 2019,normal,0.87,11.65,13.35,,dust,0.6,8.68,14.25
Sat Nov 23 13:42:34 2019,normal,0.88,11.77,13.34,,dust,0.61,8.68,14.24
Sat Nov 23 13:42:35 2019,normal,0.87,11.64,13.34,,dust,0.61,8.68,14.24
Sat Nov 23 13:42:36 2019,normal,0.87,11.65,13.34,,dust,0.6,8.56,14.24
Sat Nov 23 13:42:37 2019,normal,0.88,11.77,13.33,,dust,0.6,8.56,14.25
Sat Nov 23 13:42:38 2019,normal,0.88,11.77,13.35,,dust,0.6,8.56,14.25
Sat Nov 23 13:42:39 2019,normal,0.88,11.77,13.32,,dust,0.6,8.56,14.26
Sat Nov 23 13:42:40 2019,normal,0.88,11.78,13.32,,dust,0.6,8.56,14.25
Sat Nov 23 13:42:41 2019,normal,0.88,11.77,13.34,,dust,0.6,8.56,14.25
Sat Nov 23 13:42:42 2019,normal,0.89,11.9,13.34,,dust,0.61,8.68,14.24
Sat Nov 23 13:42:43 2019,normal,0.89,11.9,13.33,,dust,0.6,8.68,14.25
Sat Nov 23 13:42:44 2019,normal,0.89,11.9,13.32,,dust,0.6,8.56,14.25
Sat Nov 23 13:42:45 2019,normal,0.89,11.9,13.34,,dust,0.6,8.56,14.25
Sat Nov 23 13:42:46 2019,normal,0.89,11.9,13.34,,dust,0.6,8.56,14.24
Sat Nov 23 13:42:47 2019,normal,0.89,11.9,13.34,,dust,0.59,8.43,14.25
Sat Nov 23 13:42:48 2019,normal,0.89,11.9,13.33,,dust,0.6,8.56,14.24
Sat Nov 23 13:42:49 2019,normal,0.89,11.9,13.34,,dust,0.6,8.56,14.26
Sat Nov 23 13:42:50 2019,normal,0.89,11.9,13.34,,dust,0.6,8.56,14.25
Sat Nov 23 13:42:51 2019,normal,0.9,12.02,13.34,,dust,0.6,8.56,14.24
Sat Nov 23 13:42:52 2019,normal,0.89,11.9,13.34,,dust,0.6,8.56,14.25
Sat Nov 23 13:42:53 2019,normal,0.89,11.91,13.35,,dust,0.59,8.56,14.28
Sat Nov 23 13:42:54 2019,normal,0.89,11.9,13.35,,dust,0.6,8.56,14.25
Sat Nov 23 13:42:55 2019,normal,0.89,11.91,13.33,,dust,0.6,8.56,14.25
Sat Nov 23 13:42:56 2019,normal,0.89,11.9,13.34,,dust,0.6,8.56,14.24
Sat Nov 23 13:42:57 2019,normal,0.9,12.02,13.34,,dust,0.6,8.56,14.25
Sat Nov 23 13:42:58 2019,normal,0.9,12.02,13.32,,dust,0.6,8.56,14.23
Sat Nov 23 13:42:59 2019,normal,0.89,11.91,13.35,,dust,0.59,8.56,14.27
Sat Nov 23 13:43:00 2019,normal,0.9,12.03,13.34,,dust,0.6,8.56,14.25
Sat Nov 23 13:43:01 2019,normal,0.91,12.15,13.32,,dust,0.59,8.43,14.24
Sat Nov 23 13:43:02 2019,normal,0.9,12.03,13.34,,dust,0.6,8.56,14.24
Sat Nov 23 13:43:03 2019,normal,0.9,12.02,13.34,,dust,0.6,8.56,14.24
Sat Nov 23 13:43:04 2019,normal,0.9,12.03,13.36,,dust,0.59,8.43,14.25
Sat Nov 23 13:43:05 2019,normal,0.89,11.9,13.34,,dust,0.59,8.43,14.25
Sat Nov 23 13:43:06 2019,normal,0.9,12.03,13.34,,dust,0.59,8.56,14.28
Sat Nov 23 13:43:07 2019,normal,0.89,11.9,13.35,,dust,0.59,8.43,14.24
Sat Nov 23 13:43:08 2019,normal,0.9,12.03,13.35,,dust,0.59,8.43,14.24
Sat Nov 23 13:43:09 2019,normal,0.89,11.9,13.32,,dust,0.58,8.3,14.24
Sat Nov 23 13:43:10 2019,normal,0.89,11.91,13.34,,dust,0.58,8.3,14.25
Sat Nov 23 13:43:12 2019,normal,0.89,11.9,13.32,,dust,0.58,8.3,14.25
Sat Nov 23 13:43:13 2019,normal,0.87,11.65,13.36,,dust,0.58,8.29,14.23
Sat Nov 23 13:43:14 2019,normal,0.88,11.77,13.34,,dust,0.58,8.3,14.25
Sat Nov 23 13:43:15 2019,normal,0.88,11.77,13.34,,dust,0.58,8.3,14.25
Sat Nov 23 13:43:16 2019,normal,0.87,11.66,13.33,,dust,0.58,8.3,14.23
Sat Nov 23 13:43:17 2019,normal,0.88,11.77,13.32,,dust,0.57,8.17,14.23
Sat Nov 23 13:43:18 2019,normal,0.87,11.65,13.36,,dust,0.58,8.3,14.25
Sat Nov 23 13:43:19 2019,normal,0.88,11.77,13.34,,dust,0.57,8.17,14.23
Sat Nov 23 13:43:20 2019,normal,0.87,11.65,13.33,,dust,0.58,8.3,14.24
Sat Nov 23 13:43:21 2019,normal,0.89,11.9,13.33,,dust,0.58,8.3,14.23
Sat Nov 23 13:43:22 2019,normal,0.88,11.77,13.31,,dust,0.58,8.3,14.24
Sat Nov 23 13:43:23 2019,normal,0.89,11.91,13.35,,dust,0.58,8.3,14.23
Sat Nov 23 13:43:24 2019,normal,0.89,11.9,13.34,,dust,0.59,8.43,14.24
Sat Nov 23 13:43:25 2019,normal,0.89,11.9,13.36,,dust,0.59,8.43,14.24
Sat Nov 23 13:43:26 2019,normal,0.89,11.9,13.34,,dust,0.59,8.43,14.23
Sat Nov 23 13:43:27 2019,normal,0.89,11.9,13.35,,dust,0.59,8.43,14.23
Sat Nov 23 13:43:28 2019,normal,0.89,11.9,13.34,,dust,0.59,8.43,14.26
Sat Nov 23 13:43:29 2019,normal,0.89,11.9,13.33,,dust,0.58,8.3,14.23
Sat Nov 23 13:43:30 2019,normal,0.89,11.9,13.36,,dust,0.58,8.3,14.24
Sat Nov 23 13:43:31 2019,normal,0.89,11.91,13.31,,dust,0.58,8.3,14.23
Sat Nov 23 13:43:32 2019,normal,0.89,11.91,13.33,,dust,0.59,8.43,14.24
Sat Nov 23 13:43:33 2019,normal,0.89,11.9,13.35,,dust,0.58,8.3,14.24
Sat Nov 23 13:43:34 2019,normal,0.88,11.78,13.32,,dust,0.58,8.3,14.24
Sat Nov 23 13:43:35 2019,normal,0.89,11.9,13.34,,dust,0.58,8.3,14.23
Sat Nov 23 13:43:36 2019,normal,0.88,11.78,13.35,,dust,0.58,8.3,14.24
Sat Nov 23 13:43:37 2019,normal,0.89,11.91,13.33,,dust,0.59,8.43,14.24
Sat Nov 23 13:43:38 2019,normal,0.89,11.91,13.33,,dust,0.58,8.3,14.24
Sat Nov 23 13:43:39 2019,normal,0.88,11.77,13.32,,dust,0.57,8.17,14.24
Sat Nov 23 13:43:40 2019,normal,0.88,11.77,13.31,,dust,0.57,8.17,14.22
Sat Nov 23 13:43:41 2019,normal,0.88,11.77,13.34,,dust,0.57,8.17,14.23
Sat Nov 23 13:43:42 2019,normal,0.86,11.53,13.35,,dust,0.56,8.04,14.25
Sat Nov 23 13:43:43 2019,normal,0.86,11.52,13.34,,dust,0.56,8.03,14.24
Sat Nov 23 13:43:44 2019,normal,0.85,11.4,13.34,,dust,0.56,8.03,14.23
Sat Nov 23 13:43:45 2019,normal,0.86,11.52,13.34,,dust,0.56,8.03,14.24
Sat Nov 23 13:43:46 2019,normal,0.85,11.4,13.35,,dust,0.55,7.9,14.23
Sat Nov 23 13:43:47 2019,normal,0.84,11.27,13.3,,dust,0.55,7.9,14.23
Sat Nov 23 13:43:48 2019,normal,0.84,11.27,13.31,,dust,0.54,7.78,14.23
Sat Nov 23 13:43:49 2019,normal,0.83,11.15,13.33,,dust,0.53,7.65,14.23
Sat Nov 23 13:43:50 2019,normal,0.83,11.15,13.32,,dust,0.54,7.77,14.23
Sat Nov 23 13:43:51 2019,normal,0.84,11.28,13.33,,dust,0.54,7.77,14.22
Sat Nov 23 13:43:52 2019,normal,0.84,11.27,13.33,,dust,0.54,7.77,14.23
Sat Nov 23 13:43:53 2019,normal,0.84,11.27,13.34,,dust,0.55,7.9,14.24
Sat Nov 23 13:43:54 2019,normal,0.84,11.27,13.36,,dust,0.55,7.91,14.23
Sat Nov 23 13:43:55 2019,normal,0.84,11.27,13.33,,dust,0.54,7.78,14.23
Sat Nov 23 13:43:56 2019,normal,0.83,11.15,13.32,,dust,0.54,7.77,14.22
Sat Nov 23 13:43:57 2019,normal,0.84,11.27,13.33,,dust,0.54,7.78,14.22
Sat Nov 23 13:43:58 2019,normal,0.84,11.27,13.33,,dust,0.54,7.78,14.21
Sat Nov 23 13:43:59 2019,normal,0.84,11.28,13.34,,dust,0.54,7.77,14.21
Sat Nov 23 13:44:00 2019,normal,0.83,11.15,13.35,,dust,0.53,7.64,14.22
Sat Nov 23 13:44:01 2019,normal,0.84,11.27,13.33,,dust,0.54,7.78,14.23
Sat Nov 23 13:44:02 2019,normal,0.84,11.28,13.35,,dust,0.54,7.77,14.24
Sat Nov 23 13:44:03 2019,normal,0.83,11.16,13.34,,dust,0.54,7.77,14.23
Sat Nov 23 13:44:04 2019,normal,0.84,11.27,13.35,,dust,0.53,7.64,14.22
Sat Nov 23 13:44:05 2019,normal,0.82,11.02,13.35,,dust,0.53,7.64,14.23
Sat Nov 23 13:44:06 2019,normal,0.82,11.02,13.34,,dust,0.53,7.65,14.22
Sat Nov 23 13:44:07 2019,normal,0.82,11.02,13.34,,dust,0.52,7.51,14.22
Sat Nov 23 13:44:08 2019,normal,0.8,10.77,13.35,,dust,0.52,7.51,14.21
Sat Nov 23 13:44:09 2019,normal,0.81,10.9,13.34,,dust,0.52,7.51,14.21
Sat Nov 23 13:44:10 2019,normal,0.81,10.9,13.34,,dust,0.52,7.51,14.23
Sat Nov 23 13:44:11 2019,normal,0.82,11.02,13.33,,dust,0.52,7.51,14.23
Sat Nov 23 13:44:12 2019,normal,0.81,10.9,13.33,,dust,0.52,7.51,14.22
Sat Nov 23 13:44:13 2019,normal,0.81,10.9,13.34,,dust,0.53,7.64,14.21
Sat Nov 23 13:44:14 2019,normal,0.82,11.02,13.33,,dust,0.53,7.64,14.22
Sat Nov 23 13:44:15 2019,normal,0.81,10.9,13.33,,dust,0.52,7.51,14.22
Sat Nov 23 13:44:16 2019,normal,0.81,10.9,13.33,,dust,0.51,7.38,14.21
Sat Nov 23 13:44:17 2019,normal,0.8,10.77,13.35,,dust,0.51,7.38,14.21
Sat Nov 23 13:44:18 2019,normal,0.81,10.9,13.35,,dust,0.52,7.38,14.2
Sat Nov 23 13:44:19 2019,normal,0.8,10.77,13.32,,dust,0.51,7.38,14.21
Sat Nov 23 13:44:20 2019,normal,0.79,10.65,13.32,,dust,0.51,7.38,14.21
Sat Nov 23 13:44:21 2019,normal,0.8,10.77,13.32,,dust,0.51,7.38,14.21
Sat Nov 23 13:44:22 2019,normal,0.8,10.77,13.33,,dust,0.52,7.38,14.2
Sat Nov 23 13:44:23 2019,normal,0.79,10.65,13.34,,dust,0.52,7.39,14.21
Sat Nov 23 13:44:24 2019,normal,0.79,10.65,13.35,,dust,0.51,7.38,14.21
Sat Nov 23 13:44:25 2019,normal,0.8,10.77,13.35,,dust,0.51,7.38,14.21
Sat Nov 23 13:44:26 2019,normal,0.78,10.52,13.34,,dust,0.51,7.38,14.21
Sat Nov 23 13:44:27 2019,normal,0.78,10.39,13.31,,dust,0.51,7.25,14.22
Sat Nov 23 13:44:28 2019,normal,0.78,10.39,13.33,,dust,0.5,7.25,14.22
Sat Nov 23 13:44:29 2019,normal,0.79,10.52,13.32,,dust,0.51,7.25,14.19
Sat Nov 23 13:44:30 2019,normal,0.78,10.51,13.35,,dust,0.51,7.38,14.21
Sat Nov 23 13:44:31 2019,normal,0.79,10.65,13.33,,dust,0.51,7.38,14.25
Sat Nov 23 13:44:32 2019,normal,0.79,10.65,13.32,,dust,0.51,7.38,14.22
Sat Nov 23 13:44:33 2019,normal,0.79,10.64,13.34,,dust,0.52,7.51,14.22
Sat Nov 23 13:44:34 2019,normal,0.79,10.65,13.32,,dust,0.52,7.51,14.22
Sat Nov 23 13:44:35 2019,normal,0.79,10.65,13.33,,dust,0.51,7.38,14.23
Sat Nov 23 13:44:36 2019,normal,0.78,10.51,13.34,,dust,0.51,7.38,14.21
Sat Nov 23 13:44:37 2019,normal,0.79,10.52,13.31,,dust,0.51,7.38,14.21
Sat Nov 23 13:44:38 2019,normal,0.78,10.52,13.34,,dust,0.52,7.38,14.2
Sat Nov 23 13:44:39 2019,normal,0.79,10.52,13.32,,dust,0.51,7.38,14.22
Sat Nov 23 13:44:40 2019,normal,0.77,10.39,13.34,,dust,0.51,7.38,14.22
Sat Nov 23 13:44:41 2019,normal,0.79,10.52,13.32,,dust,0.52,7.51,14.2
Sat Nov 23 13:44:42 2019,normal,0.79,10.52,13.32,,dust,0.51,7.38,14.21
Sat Nov 23 13:44:43 2019,normal,0.79,10.52,13.31,,dust,0.51,7.38,14.22
Sat Nov 23 13:44:44 2019,normal,0.78,10.52,13.33,,dust,0.51,7.38,14.21
Sat Nov 23 13:44:45 2019,normal,0.77,10.39,13.34,,dust,0.51,7.38,14.21
Sat Nov 23 13:44:46 2019,normal,0.79,10.52,13.32,,dust,0.52,7.51,14.21
Sat Nov 23 13:44:47 2019,normal,0.79,10.52,13.32,,dust,0.52,7.51,14.22
Sat Nov 23 13:44:48 2019,normal,0.78,10.51,13.33,,dust,0.52,7.51,14.22
Sat Nov 23 13:44:49 2019,normal,0.78,10.51,13.34,,dust,0.52,7.51,14.21
Sat Nov 23 13:44:50 2019,normal,0.78,10.51,13.32,,dust,0.52,7.51,14.2
Sat Nov 23 13:44:51 2019,normal,0.79,10.65,13.33,,dust,0.53,7.64,14.2
Sat Nov 23 13:44:52 2019,normal,0.79,10.65,13.34,,dust,0.53,7.64,14.22
Sat Nov 23 13:44:53 2019,normal,0.79,10.65,13.32,,dust,0.54,7.77,14.21
Sat Nov 23 13:44:54 2019,normal,0.8,10.77,13.33,,dust,0.54,7.77,14.23
Sat Nov 23 13:44:55 2019,normal,0.79,10.65,13.33,,dust,0.54,7.77,14.23
Sat Nov 23 13:44:57 2019,normal,0.8,10.77,13.32,,dust,0.55,7.9,14.23
Sat Nov 23 13:44:58 2019,normal,0.8,10.77,13.32,,dust,0.55,7.9,14.22
Sat Nov 23 13:44:59 2019,normal,0.81,10.9,13.32,,dust,0.56,8.02,14.22
Sat Nov 23 13:45:00 2019,normal,0.81,10.9,13.32,,dust,0.56,8.03,14.21
Sat Nov 23 13:45:01 2019,normal,0.81,10.9,13.34,,dust,0.56,8.03,14.22
Sat Nov 23 13:45:02 2019,normal,0.81,10.9,13.33,,dust,0.56,8.03,14.23
Sat Nov 23 13:45:03 2019,normal,0.81,10.9,13.33,,dust,0.55,7.89,14.24
Sat Nov 23 13:45:04 2019,normal,0.8,10.77,13.34,,dust,0.56,8.03,14.22
Sat Nov 23 13:45:05 2019,normal,0.8,10.77,13.32,,dust,0.55,7.9,14.23
Sat Nov 23 13:45:06 2019,normal,0.8,10.77,13.33,,dust,0.56,8.02,14.23
Sat Nov 23 13:45:07 2019,normal,0.8,10.77,13.32,,dust,0.55,7.9,14.23
Sat Nov 23 13:45:08 2019,normal,0.8,10.77,13.36,,dust,0.55,7.9,14.22
Sat Nov 23 13:45:09 2019,normal,0.8,10.77,13.34,,dust,0.55,7.89,14.2
Sat Nov 23 13:45:10 2019,normal,0.8,10.77,13.35,,dust,0.55,7.9,14.22
Sat Nov 23 13:45:11 2019,normal,0.79,10.65,13.34,,dust,0.54,7.77,14.21
Sat Nov 23 13:45:12 2019,normal,0.79,10.65,13.34,,dust,0.54,7.77,14.19
Sat Nov 23 13:45:13 2019,normal,0.78,10.52,13.33,,dust,0.53,7.64,14.21
Sat Nov 23 13:45:14 2019,normal,0.79,10.65,13.34,,dust,0.53,7.64,14.23
Sat Nov 23 13:45:15 2019,normal,0.78,10.52,13.33,,dust,0.53,7.64,14.22
Sat Nov 23 13:45:16 2019,normal,0.79,10.65,13.34,,dust,0.53,7.64,14.21
Sat Nov 23 13:45:17 2019,normal,0.79,10.64,13.33,,dust,0.53,7.64,14.21
Sat Nov 23 13:45:18 2019,normal,0.8,10.77,13.34,,dust,0.53,7.64,14.22
Sat Nov 23 13:45:19 2019,normal,0.79,10.65,13.34,,dust,0.54,7.77,14.21
Sat Nov 23 13:45:20 2019,normal,0.8,10.77,13.34,,dust,0.53,7.64,14.22
Sat Nov 23 13:45:21 2019,normal,0.8,10.76,13.32,,dust,0.53,7.64,14.21
Sat Nov 23 13:45:22 2019,normal,0.81,10.9,13.33,,dust,0.53,7.64,14.21
Sat Nov 23 13:45:23 2019,normal,0.79,10.65,13.32,,dust,0.53,7.64,14.21
Sat Nov 23 13:45:24 2019,normal,0.81,10.89,13.34,,dust,0.54,7.77,14.21
Sat Nov 23 13:45:25 2019,normal,0.8,10.77,13.31,,dust,0.54,7.77,14.23
Sat Nov 23 13:45:26 2019,normal,0.8,10.77,13.32,,dust,0.53,7.64,14.21
Sat Nov 23 13:45:27 2019,normal,0.8,10.77,13.33,,dust,0.53,7.64,14.23
Sat Nov 23 13:45:28 2019,normal,0.81,10.9,13.33,,dust,0.54,7.77,14.22
Sat Nov 23 13:45:29 2019,normal,0.81,10.9,13.32,,dust,0.54,7.77,14.22
Sat Nov 23 13:45:30 2019,normal,0.81,10.89,13.32,,dust,0.54,7.77,14.22
Sat Nov 23 13:45:31 2019,normal,0.81,10.9,13.34,,dust,0.53,7.64,14.22
Sat Nov 23 13:45:32 2019,normal,0.81,10.9,13.33,,dust,0.53,7.64,14.21
Sat Nov 23 13:45:33 2019,normal,0.81,10.9,13.34,,dust,0.53,7.64,14.23
Sat Nov 23 13:45:34 2019,normal,0.81,10.9,13.34,,dust,0.53,7.64,14.21
Sat Nov 23 13:45:35 2019,normal,0.82,11.02,13.33,,dust,0.53,7.64,14.23
Sat Nov 23 13:45:36 2019,normal,0.82,11.02,13.34,,dust,0.53,7.64,14.21
Sat Nov 23 13:45:37 2019,normal,0.81,10.9,13.32,,dust,0.53,7.64,14.22
Sat Nov 23 13:45:38 2019,normal,0.83,11.15,13.33,,dust,0.54,7.77,14.22
Sat Nov 23 13:45:39 2019,normal,0.82,11.02,13.36,,dust,0.53,7.64,14.22
Sat Nov 23 13:45:40 2019,normal,0.82,11.02,13.33,,dust,0.53,7.64,14.22
Sat Nov 23 13:45:41 2019,normal,0.83,11.15,13.35,,dust,0.54,7.77,14.21
Sat Nov 23 13:45:42 2019,normal,0.83,11.15,13.34,,dust,0.54,7.77,14.22
Sat Nov 23 13:45:43 2019,normal,0.84,11.27,13.33,,dust,0.54,7.77,14.21
Sat Nov 23 13:45:44 2019,normal,0.84,11.27,13.31,,dust,0.54,7.77,14.22
Sat Nov 23 13:45:45 2019,normal,0.84,11.27,13.36,,dust,0.54,7.77,14.19
Sat Nov 23 13:45:46 2019,normal,0.84,11.27,13.34,,dust,0.54,7.77,14.23
Sat Nov 23 13:45:47 2019,normal,0.84,11.27,13.35,,dust,0.55,7.89,14.24
Sat Nov 23 13:45:48 2019,normal,0.86,11.52,13.33,,dust,0.55,7.9,14.22
Sat Nov 23 13:45:49 2019,normal,0.85,11.4,13.34,,dust,0.55,7.9,14.21
Sat Nov 23 13:45:50 2019,normal,0.85,11.4,13.35,,dust,0.55,7.9,14.21
Sat Nov 23 13:45:51 2019,normal,0.85,11.4,13.34,,dust,0.55,7.9,14.21
Sat Nov 23 13:45:52 2019,normal,0.86,11.52,13.33,,dust,0.55,7.9,14.22
Sat Nov 23 13:45:53 2019,normal,0.86,11.52,13.35,,dust,0.55,7.9,14.22
Sat Nov 23 13:45:54 2019,normal,0.86,11.52,13.34,,dust,0.55,7.9,14.21
Sat Nov 23 13:45:55 2019,normal,0.86,11.52,13.33,,dust,0.55,7.89,14.23
Sat Nov 23 13:45:56 2019,normal,0.86,11.52,13.31,,dust,0.56,8.03,14.22
Sat Nov 23 13:45:57 2019,normal,0.87,11.65,13.32,,dust,0.54,7.77,14.23
Sat Nov 23 13:45:58 2019,normal,0.87,11.65,13.35,,dust,0.55,7.9,14.22
Sat Nov 23 13:45:59 2019,normal,0.86,11.52,13.34,,dust,0.54,7.77,14.24
Sat Nov 23 13:46:00 2019,normal,0.87,11.65,13.35,,dust,0.54,7.77,14.22
Sat Nov 23 13:46:01 2019,normal,0.87,11.65,13.36,,dust,0.54,7.77,14.22
Sat Nov 23 13:46:02 2019,normal,0.86,11.52,13.32,,dust,0.54,7.77,14.21
Sat Nov 23 13:46:03 2019,normal,0.87,11.65,13.33,,dust,0.55,7.9,14.23
Sat Nov 23 13:46:04 2019,normal,0.87,11.65,13.34,,dust,0.55,7.9,14.22
Sat Nov 23 13:46:05 2019,normal,0.87,11.65,13.35,,dust,0.54,7.77,14.22
Sat Nov 23 13:46:06 2019,normal,0.86,11.52,13.34,,dust,0.53,7.64,14.21
Sat Nov 23 13:46:07 2019,normal,0.85,11.4,13.34,,dust,0.53,7.64,14.23
Sat Nov 23 13:46:08 2019,normal,0.84,11.27,13.36,,dust,0.53,7.64,14.21
Sat Nov 23 13:46:09 2019,normal,0.83,11.16,13.34,,dust,0.52,7.51,14.2
Sat Nov 23 13:46:10 2019,normal,0.83,11.15,13.35,,dust,0.52,7.51,14.21
Sat Nov 23 13:46:11 2019,normal,0.84,11.27,13.32,,dust,0.51,7.38,14.2
Sat Nov 23 13:46:12 2019,normal,0.83,11.15,13.33,,dust,0.52,7.51,14.2
Sat Nov 23 13:46:13 2019,normal,0.83,11.15,13.34,,dust,0.51,7.38,14.2
Sat Nov 23 13:46:14 2019,normal,0.83,11.15,13.34,,dust,0.52,7.51,14.2
Sat Nov 23 13:46:15 2019,normal,0.83,11.15,13.34,,dust,0.52,7.51,14.22
Sat Nov 23 13:46:16 2019,normal,0.83,11.15,13.34,,dust,0.51,7.38,14.21
Sat Nov 23 13:46:17 2019,normal,0.83,11.15,13.33,,dust,0.52,7.51,14.2
Sat Nov 23 13:46:18 2019,normal,0.83,11.15,13.33,,dust,0.52,7.51,14.19
Sat Nov 23 13:46:19 2019,normal,0.82,11.02,13.33,,dust,0.51,7.38,14.21
Sat Nov 23 13:46:20 2019,normal,0.82,11.02,13.33,,dust,0.52,7.38,14.18
Sat Nov 23 13:46:21 2019,normal,0.82,11.02,13.34,,dust,0.52,7.38,14.19
Sat Nov 23 13:46:22 2019,normal,0.8,10.77,13.31,,dust,0.51,7.38,14.21
Sat Nov 23 13:46:23 2019,normal,0.81,10.9,13.35,,dust,0.5,7.25,14.22
Sat Nov 23 13:46:24 2019,normal,0.82,11.02,13.35,,dust,0.51,7.25,14.21
Sat Nov 23 13:46:25 2019,normal,0.81,10.9,13.32,,dust,0.51,7.25,14.18
Sat Nov 23 13:46:26 2019,normal,0.8,10.76,13.35,,dust,0.51,7.25,14.19
Sat Nov 23 13:46:27 2019,normal,0.81,10.9,13.34,,dust,0.51,7.25,14.19
Sat Nov 23 13:46:28 2019,normal,0.81,10.9,13.36,,dust,0.51,7.25,14.19
Sat Nov 23 13:46:29 2019,normal,0.81,10.9,13.32,,dust,0.51,7.25,14.18
Sat Nov 23 13:46:30 2019,normal,0.81,10.9,13.34,,dust,0.5,7.25,14.22
Sat Nov 23 13:46:31 2019,normal,0.81,10.9,13.33,,dust,0.51,7.25,14.2
Sat Nov 23 13:46:32 2019,normal,0.82,10.9,13.29,,dust,0.51,7.38,14.2
Sat Nov 23 13:46:33 2019,normal,0.81,10.9,13.33,,dust,0.5,7.25,14.22
Sat Nov 23 13:46:34 2019,normal,0.81,10.9,13.34,,dust,0.51,7.25,14.21
Sat Nov 23 13:46:35 2019,normal,0.82,11.02,13.32,,dust,0.52,7.38,14.17
Sat Nov 23 13:46:36 2019,normal,0.83,11.16,13.32,,dust,0.52,7.51,14.2
Sat Nov 23 13:46:37 2019,normal,0.82,11.02,13.34,,dust,0.51,7.38,14.2
Sat Nov 23 13:46:38 2019,normal,0.82,11.02,13.36,,dust,0.52,7.38,14.19
Sat Nov 23 13:46:39 2019,normal,0.83,11.15,13.34,,dust,0.52,7.51,14.21
Sat Nov 23 13:46:40 2019,normal,0.82,11.02,13.34,,dust,0.51,7.38,14.21
Sat Nov 23 13:46:41 2019,normal,0.82,11.02,13.36,,dust,0.51,7.38,14.2
Sat Nov 23 13:46:42 2019,normal,0.82,11.02,13.34,,dust,0.52,7.51,14.22
Sat Nov 23 13:46:43 2019,normal,0.82,11.02,13.33,,dust,0.52,7.51,14.21
Sat Nov 23 13:46:44 2019,normal,0.82,11.02,13.34,,dust,0.52,7.38,14.19
Sat Nov 23 13:46:45 2019,normal,0.81,10.9,13.34,,dust,0.51,7.38,14.2
Sat Nov 23 13:46:47 2019,normal,0.82,11.02,13.33,,dust,0.51,7.38,14.21
Sat Nov 23 13:46:48 2019,normal,0.82,11.02,13.33,,dust,0.51,7.38,14.2