Date/Time,Condition,current,power,voltage,,Condition,current,power,voltage
Tue Nov 26 13:02:55 2019,dust,1.1,14.81,13.46,,normal,1.12,15.62,13.83
Tue Nov 26 13:02:56 2019,dust,1.15,15.57,13.47,,normal,1.14,15.88,13.82
Tue Nov 26 13:02:57 2019,dust,1.15,15.57,13.47,,normal,1.17,16.27,13.84
Tue Nov 26 13:02:58 2019,dust,1.17,15.82,13.47,,normal,1.14,15.88,13.82
Tue Nov 26 13:02:59 2019,dust,1.13,15.33,13.47,,normal,1.14,15.89,13.83
Tue Nov 26 13:03:00 2019,dust,1.08,14.55,13.47,,normal,1.13,15.75,13.84
Tue Nov 26 13:03:01 2019,dust,1.14,15.44,13.49,,normal,1.16,16.14,13.81
Tue Nov 26 13:03:02 2019,dust,1.18,15.95,13.47,,normal,1.13,15.75,13.83
Tue Nov 26 13:03:03 2019,dust,1.11,15.06,13.46,,normal,0.57,8.18,14.35
Tue Nov 26 13:03:04 2019,dust,1.17,15.83,13.47,,normal,0.65,9.35,14.29
Tue Nov 26 13:03:05 2019,dust,1.08,14.55,13.48,,normal,1.08,15.62,14.35
Tue Nov 26 13:03:06 2019,dust,1.12,15.19,13.48,,normal,1.15,15.88,13.81
Tue Nov 26 13:03:07 2019,dust,1.07,14.43,13.48,,normal,1.15,16.01,13.83
Tue Nov 26 13:03:08 2019,dust,1.12,15.2,13.48,,normal,1.14,15.88,13.82
Tue Nov 26 13:03:09 2019,dust,1.09,14.81,13.49,,normal,1.15,16.01,13.84
Tue Nov 26 13:03:10 2019,dust,1.1,14.93,13.48,,normal,1.12,15.5,13.82
Tue Nov 26 13:03:11 2019,dust,1.16,15.71,13.49,,normal,1.13,15.75,13.83
Tue Nov 26 13:03:12 2019,dust,1.12,15.2,13.48,,normal,1.14,15.89,13.83
Tue Nov 26 13:03:13 2019,dust,1.15,15.58,13.49,,normal,1.12,15.49,13.82
Tue Nov 26 13:03:15 2019,dust,1.15,15.57,13.48,,normal,1.12,15.62,13.84
Tue Nov 26 13:03:16 2019,dust,1.07,14.57,13.51,,normal,1.14,15.76,13.83
Tue Nov 26 13:03:17 2019,dust,1.06,14.3,13.49,,normal,1.14,15.76,13.83
Tue Nov 26 13:03:18 2019,dust,1.06,14.43,13.49,,normal,1.1,15.37,13.86
Tue Nov 26 13:03:19 2019,dust,1.07,14.43,13.46,,normal,1.11,15.37,13.84
Tue Nov 26 13:03:20 2019,dust,1.15,15.58,13.47,,normal,1.12,15.63,13.84
Tue Nov 26 13:03:21 2019,dust,1.14,15.45,13.5,,normal,1.12,15.5,13.81
Tue Nov 26 13:03:22 2019,dust,1.08,14.57,13.49,,normal,1.14,15.76,13.83
Tue Nov 26 13:03:23 2019,dust,1.13,15.33,13.47,,normal,1.12,15.5,13.83
Tue Nov 26 13:03:24 2019,dust,1.09,14.82,13.51,,normal,1.14,15.89,13.84
Tue Nov 26 13:03:25 2019,dust,1.1,14.82,13.47,,normal,1.13,15.63,13.83
Tue Nov 26 13:03:26 2019,dust,1.15,15.58,13.48,,normal,1.12,15.63,13.84
Tue Nov 26 13:03:27 2019,dust,1.06,14.31,13.47,,normal,1.1,15.24,13.85
Tue Nov 26 13:03:28 2019,dust,1.13,15.33,13.47,,normal,1.12,15.5,13.84
Tue Nov 26 13:03:29 2019,dust,1.13,15.33,13.48,,normal,1.11,15.37,13.84
Tue Nov 26 13:03:30 2019,dust,1.09,14.69,13.48,,normal,1.11,15.37,13.81
Tue Nov 26 13:03:31 2019,dust,1.12,15.2,13.46,,normal,1.1,15.24,13.83
Tue Nov 26 13:03:32 2019,dust,1.12,15.2,13.47,,normal,1.13,15.76,13.84
Tue Nov 26 13:03:33 2019,dust,1.09,14.69,13.47,,normal,1.13,15.63,13.83
Tue Nov 26 13:03:34 2019,dust,1.14,15.45,13.47,,normal,1.09,15.11,13.84
Tue Nov 26 13:03:35 2019,dust,1.14,15.45,13.49,,normal,1.12,15.63,13.84
Tue Nov 26 13:03:36 2019,dust,1.14,15.45,13.47,,normal,1.11,15.5,13.86
Tue Nov 26 13:03:37 2019,dust,1.14,15.45,13.49,,normal,1.13,15.64,13.84
Tue Nov 26 13:03:38 2019,dust,1.08,14.69,13.5,,normal,1.11,15.37,13.84
Tue Nov 26 13:03:39 2019,dust,1.12,15.07,13.46,,normal,1.1,15.24,13.83
Tue Nov 26 13:03:40 2019,dust,1.16,15.71,13.47,,normal,1.13,15.63,13.82
Tue Nov 26 13:03:41 2019,dust,1.1,14.95,13.51,,normal,1.11,15.37,13.82
Tue Nov 26 13:03:42 2019,dust,1.14,15.45,13.48,,normal,1.12,15.5,13.83
Tue Nov 26 13:03:43 2019,dust,1.11,15.07,13.47,,normal,1.09,15.11,13.84
Tue Nov 26 13:03:44 2019,dust,1.11,15.07,13.47,,normal,1.12,15.5,13.84
Tue Nov 26 13:03:45 2019,dust,1.09,14.69,13.48,,normal,1.09,15.11,13.85
Tue Nov 26 13:03:46 2019,dust,1.13,15.33,13.48,,normal,1.1,15.23,13.83
Tue Nov 26 13:03:47 2019,dust,1.08,14.69,13.5,,normal,1.1,15.24,13.85
Tue Nov 26 13:03:48 2019,dust,1.1,14.95,13.5,,normal,1.07,14.85,13.83
Tue Nov 26 13:03:49 2019,dust,1.17,15.85,13.48,,normal,1.11,15.37,13.84
Tue Nov 26 13:03:50 2019,dust,1.1,14.95,13.48,,normal,1.1,15.24,13.83
Tue Nov 26 13:03:51 2019,dust,1.05,14.2,13.48,,normal,1.09,15.12,13.84
Tue Nov 26 13:03:52 2019,dust,1.04,14.07,13.47,,normal,1.08,14.98,13.85
Tue Nov 26 13:03:53 2019,dust,1.07,14.44,13.49,,normal,1.11,15.38,13.83
Tue Nov 26 13:03:54 2019,dust,1.17,15.83,13.49,,normal,1.07,14.85,13.82
Tue Nov 26 13:03:55 2019,dust,1.08,14.57,13.45,,normal,1.06,14.72,13.83
Tue Nov 26 13:03:56 2019,dust,1.07,14.45,13.48,,normal,1.07,14.85,13.82
Tue Nov 26 13:03:57 2019,dust,1.04,14.07,13.47,,normal,1.08,14.98,13.82
Tue Nov 26 13:03:58 2019,dust,1.07,14.44,13.48,,normal,1.05,14.59,13.85
Tue Nov 26 13:03:59 2019,dust,1.16,15.72,13.45,,normal,1.09,15.11,13.84
Tue Nov 26 13:04:00 2019,dust,1.09,14.7,13.45,,normal,1.07,14.85,13.84
Tue Nov 26 13:04:01 2019,dust,1.07,14.57,13.5,,normal,1.06,14.72,13.84
Tue Nov 26 13:04:02 2019,dust,1.13,15.34,13.48,,normal,1.06,14.73,13.84
Tue Nov 26 13:04:03 2019,dust,1.1,14.83,13.48,,normal,1.07,14.85,13.84
Tue Nov 26 13:04:04 2019,dust,1.12,15.21,13.49,,normal,1.08,14.99,13.83
Tue Nov 26 13:04:05 2019,dust,1.13,15.33,13.47,,normal,1.04,14.46,13.83
Tue Nov 26 13:04:06 2019,dust,1.13,15.34,13.48,,normal,1.06,14.72,13.83
Tue Nov 26 13:04:07 2019,dust,1.11,15.08,13.48,,normal,1.07,14.85,13.83
Tue Nov 26 13:04:08 2019,dust,1.13,15.34,13.47,,normal,1.07,14.85,13.85
Tue Nov 26 13:04:09 2019,dust,1.07,14.44,13.47,,normal,1.06,14.72,13.84
Tue Nov 26 13:04:10 2019,dust,1.12,15.21,13.48,,normal,1.05,14.59,13.84
Tue Nov 26 13:04:11 2019,dust,1.11,15.08,13.49,,normal,1.07,14.85,13.83
Tue Nov 26 13:04:12 2019,dust,1.12,15.2,13.47,,normal,1.06,14.72,13.84
Tue Nov 26 13:04:13 2019,dust,1.06,14.32,13.48,,normal,1.06,14.72,13.83
Tue Nov 26 13:04:14 2019,dust,1.05,14.19,13.42,,normal,1.04,14.46,13.84
Tue Nov 26 13:04:15 2019,dust,1.05,14.2,13.49,,normal,1.05,14.59,13.83
Tue Nov 26 13:04:16 2019,dust,1.13,15.34,13.49,,normal,1.07,14.86,13.84
Tue Nov 26 13:04:17 2019,dust,1.14,15.46,13.49,,normal,1.07,14.85,13.84
Tue Nov 26 13:04:18 2019,dust,1.05,14.2,13.5,,normal,1.05,14.59,13.86
Tue Nov 26 13:04:19 2019,dust,1.15,15.59,13.5,,normal,1.03,14.33,13.85
Tue Nov 26 13:04:20 2019,dust,1.06,14.32,13.49,,normal,1.05,14.59,13.84
Tue Nov 26 13:04:21 2019,dust,1.16,15.72,13.47,,normal,1.05,14.6,13.84
Tue Nov 26 13:04:22 2019,dust,1.06,14.32,13.47,,normal,1.05,14.6,13.84
Tue Nov 26 13:04:23 2019,dust,1.09,14.7,13.47,,normal,1.06,14.73,13.84
Tue Nov 26 13:04:24 2019,dust,1.1,14.83,13.47,,normal,1.05,14.59,13.83
Tue Nov 26 13:04:25 2019,dust,1.11,14.96,13.47,,normal,1.04,14.46,13.84
Tue Nov 26 13:04:26 2019,dust,1.14,15.45,13.49,,normal,1.06,14.72,13.84
Tue Nov 26 13:04:27 2019,dust,1.15,15.59,13.49,,normal,1.06,14.72,13.84
Tue Nov 26 13:04:28 2019,dust,1.1,14.83,13.47,,normal,1.04,14.47,13.83
Tue Nov 26 13:04:29 2019,dust,1.05,14.2,13.49,,normal,1.07,14.86,13.84
Tue Nov 26 13:04:30 2019,dust,1.07,14.44,13.47,,normal,1.04,14.47,13.85
Tue Nov 26 13:04:31 2019,dust,1.15,15.58,13.47,,normal,1.07,14.85,13.82
Tue Nov 26 13:04:32 2019,dust,1.07,14.45,13.49,,normal,1.05,14.59,13.85
Tue Nov 26 13:04:33 2019,dust,1.18,15.97,13.49,,normal,1.04,14.47,13.86
Tue Nov 26 13:04:34 2019,dust,1.14,15.46,13.5,,normal,1.06,14.72,13.84
Tue Nov 26 13:04:35 2019,dust,1.04,14.06,13.48,,normal,1.04,14.47,13.83
Tue Nov 26 13:04:36 2019,dust,1.09,14.7,13.49,,normal,1.07,14.85,13.84
Tue Nov 26 13:04:37 2019,dust,1.06,14.32,13.47,,normal,1.03,14.33,13.86
Tue Nov 26 13:04:38 2019,dust,1.16,15.71,13.49,,normal,1.03,14.33,13.83
Tue Nov 26 13:04:39 2019,dust,1.03,13.93,13.48,,normal,1.06,14.73,13.85
Tue Nov 26 13:04:40 2019,dust,1.15,15.59,13.49,,normal,1.06,14.73,13.84
Tue Nov 26 13:04:41 2019,dust,1.07,14.44,13.47,,normal,0.21,3.11,14.2
Tue Nov 26 13:04:42 2019,dust,1.16,15.72,13.47,,normal,1,14.46,14.36
Tue Nov 26 13:04:43 2019,dust,1.08,14.7,13.5,,normal,1.04,14.46,13.78
Tue Nov 26 13:04:44 2019,dust,1.14,15.45,13.49,,normal,1.04,14.47,13.85
Tue Nov 26 13:04:45 2019,dust,1.12,15.21,13.49,,normal,1.06,14.72,13.85
Tue Nov 26 13:04:46 2019,dust,1.07,14.44,13.49,,normal,1.05,14.59,13.82
Tue Nov 26 13:04:47 2019,dust,1.1,14.95,13.5,,normal,1.03,14.34,13.82
Tue Nov 26 13:04:48 2019,dust,1.13,15.34,13.47,,normal,1.06,14.72,13.85
Tue Nov 26 13:04:49 2019,dust,1.08,14.58,13.46,,normal,1.04,14.46,13.84
Tue Nov 26 13:04:50 2019,dust,1.13,15.34,13.47,,normal,1.04,14.47,13.85
Tue Nov 26 13:04:51 2019,dust,1.04,14.07,13.47,,normal,1.02,14.21,13.84
Tue Nov 26 13:04:52 2019,dust,1.12,15.21,13.47,,normal,1.03,14.34,13.83
Tue Nov 26 13:04:53 2019,dust,1.08,14.58,13.49,,normal,1.06,14.72,13.85
Tue Nov 26 13:04:54 2019,dust,1.08,14.58,13.47,,normal,1.05,14.59,13.82
Tue Nov 26 13:04:55 2019,dust,1.1,14.96,13.48,,normal,1.05,14.6,13.84
Tue Nov 26 13:04:56 2019,dust,1.1,14.95,13.47,,normal,1.04,14.46,13.85
Tue Nov 26 13:04:57 2019,dust,1.08,14.58,13.48,,normal,1.03,14.34,13.81
Tue Nov 26 13:04:58 2019,dust,1.05,14.19,13.48,,normal,1.04,14.47,13.85
Tue Nov 26 13:04:59 2019,dust,1.02,13.82,13.49,,normal,1.02,14.2,13.84
Tue Nov 26 13:05:01 2019,dust,1.06,14.32,13.48,,normal,1.02,14.2,13.84
Tue Nov 26 13:05:02 2019,dust,1.12,15.08,13.45,,normal,1.03,14.34,13.84
Tue Nov 26 13:05:03 2019,dust,1.13,15.33,13.47,,normal,1.04,14.46,13.83
Tue Nov 26 13:05:04 2019,dust,1.14,15.46,13.49,,normal,1.03,14.34,13.84
Tue Nov 26 13:05:05 2019,dust,1.06,14.32,13.5,,normal,1.04,14.46,13.88
Tue Nov 26 13:05:06 2019,dust,1.04,14.07,13.5,,normal,1.04,14.47,13.85
Tue Nov 26 13:05:07 2019,dust,1.14,15.46,13.49,,normal,1.03,14.33,13.84
Tue Nov 26 13:05:08 2019,dust,1.09,14.7,13.45,,normal,1.03,14.33,13.84
Tue Nov 26 13:05:09 2019,dust,1.05,14.2,13.51,,normal,1.04,14.47,13.84
Tue Nov 26 13:05:10 2019,dust,1.03,13.94,13.43,,normal,1.03,14.33,13.83
Tue Nov 26 13:05:11 2019,dust,1.04,14.07,13.47,,normal,1.01,14.07,13.84
Tue Nov 26 13:05:12 2019,dust,1.09,14.7,13.48,,normal,1.01,14.07,13.86
Tue Nov 26 13:05:13 2019,dust,1.04,14.07,13.48,,normal,1.04,14.46,13.84
Tue Nov 26 13:05:14 2019,dust,1.09,14.83,13.49,,normal,1.01,14.08,13.84
Tue Nov 26 13:05:15 2019,dust,1.06,14.32,13.47,,normal,1.05,14.59,13.86
Tue Nov 26 13:05:16 2019,dust,1.09,14.7,13.49,,normal,0.99,13.82,13.84
Tue Nov 26 13:05:17 2019,dust,1.1,14.96,13.48,,normal,1.01,14.07,13.84
Tue Nov 26 13:05:18 2019,dust,0.99,13.43,13.48,,normal,1.02,14.2,13.83
Tue Nov 26 13:05:19 2019,dust,1.09,14.83,13.49,,normal,1.02,14.21,13.82
Tue Nov 26 13:05:20 2019,dust,1.09,14.69,13.48,,normal,1.03,14.34,13.83
Tue Nov 26 13:05:21 2019,dust,1.03,13.94,13.49,,normal,1.02,14.21,13.84
Tue Nov 26 13:05:22 2019,dust,0.99,13.44,13.47,,normal,1.03,14.34,13.83
Tue Nov 26 13:05:23 2019,dust,1.07,14.45,13.45,,normal,1.02,14.2,13.83
Tue Nov 26 13:05:24 2019,dust,1.04,14.07,13.5,,normal,1.04,14.47,13.84
Tue Nov 26 13:05:25 2019,dust,1.09,14.83,13.49,,normal,1.01,14.07,13.84
Tue Nov 26 13:05:26 2019,dust,0.99,13.43,13.49,,normal,1,13.95,13.84
Tue Nov 26 13:05:27 2019,dust,1.03,13.94,13.48,,normal,1.01,14.07,13.85
Tue Nov 26 13:05:28 2019,dust,1.01,13.69,13.49,,normal,1.03,14.34,13.84
Tue Nov 26 13:05:29 2019,dust,1.03,13.94,13.5,,normal,1.02,14.2,13.83
Tue Nov 26 13:05:30 2019,dust,1.02,13.82,13.48,,normal,1.04,14.46,13.85
Tue Nov 26 13:05:31 2019,dust,1.04,14.07,13.47,,normal,1.01,14.08,13.82
Tue Nov 26 13:05:32 2019,dust,1.07,14.45,13.47,,normal,1,13.94,13.84
Tue Nov 26 13:05:33 2019,dust,1.02,13.82,13.47,,normal,1.04,14.47,13.83
Tue Nov 26 13:05:34 2019,dust,1.08,14.58,13.48,,normal,1,13.95,13.86
Tue Nov 26 13:05:35 2019,dust,0.97,13.18,13.5,,normal,1,13.94,13.84
Tue Nov 26 13:05:36 2019,dust,1.11,14.96,13.47,,normal,0.99,13.81,13.83
Tue Nov 26 13:05:37 2019,dust,0.97,13.18,13.49,,normal,1.02,14.21,13.84
Tue Nov 26 13:05:38 2019,dust,0.97,13.18,13.48,,normal,0.99,13.82,13.86
Tue Nov 26 13:05:39 2019,dust,1.05,14.2,13.49,,normal,1.02,14.21,13.85
Tue Nov 26 13:05:40 2019,dust,1.1,14.82,13.47,,normal,1.01,14.07,13.84
Tue Nov 26 13:05:41 2019,dust,0.97,13.18,13.49,,normal,1.03,14.34,13.86
Tue Nov 26 13:05:42 2019,dust,0.95,12.79,13.46,,normal,1.03,14.34,13.88
Tue Nov 26 13:05:43 2019,dust,0.99,13.43,13.47,,normal,1.01,14.07,13.86
Tue Nov 26 13:05:44 2019,dust,1.02,13.81,13.5,,normal,1,13.82,13.82
Tue Nov 26 13:05:45 2019,dust,1.06,14.31,13.47,,normal,1,13.94,13.82
Tue Nov 26 13:05:46 2019,dust,0.97,13.18,13.46,,normal,0.99,13.82,13.85
Tue Nov 26 13:05:47 2019,dust,1.01,13.68,13.47,,normal,0.98,13.69,13.86
Tue Nov 26 13:05:48 2019,dust,1.07,14.44,13.49,,normal,1.03,14.34,13.84
Tue Nov 26 13:05:49 2019,dust,0.95,12.93,13.48,,normal,1.01,14.08,13.84
Tue Nov 26 13:05:50 2019,dust,0.97,13.18,13.48,,normal,0.99,13.82,13.86
Tue Nov 26 13:05:51 2019,dust,1.03,13.93,13.47,,normal,1,13.94,13.84
Tue Nov 26 13:05:52 2019,dust,1.01,13.69,13.49,,normal,0.99,13.82,13.85
Tue Nov 26 13:05:53 2019,dust,1.05,14.19,13.47,,normal,1,13.95,13.85
Tue Nov 26 13:05:54 2019,dust,1.03,13.93,13.46,,normal,1,13.95,13.86
Tue Nov 26 13:05:55 2019,dust,1.06,14.32,13.46,,normal,1,13.94,13.86
Tue Nov 26 13:05:56 2019,dust,0.94,12.68,13.46,,normal,0.99,13.82,13.83
Tue Nov 26 13:05:57 2019,dust,1.02,13.81,13.47,,normal,1.02,14.2,13.85
Tue Nov 26 13:05:58 2019,dust,0.97,13.17,13.49,,normal,0.91,13.16,14.42
Tue Nov 26 13:05:59 2019,dust,0.95,12.93,13.49,,normal,1.02,14.07,13.77
Tue Nov 26 13:06:00 2019,dust,1.06,14.31,13.5,,normal,0.98,13.68,13.84
Tue Nov 26 13:06:01 2019,dust,0.99,13.43,13.48,,normal,1,13.95,13.83
Tue Nov 26 13:06:02 2019,dust,1.05,14.19,13.47,,normal,0.98,13.68,13.86
Tue Nov 26 13:06:03 2019,dust,0.97,13.17,13.47,,normal,0.99,13.82,13.85
Tue Nov 26 13:06:04 2019,dust,1,13.56,13.47,,normal,1,13.95,13.84
Tue Nov 26 13:06:05 2019,dust,1.05,14.2,13.46,,normal,1,13.95,13.85
Tue Nov 26 13:06:06 2019,dust,1.04,14.07,13.47,,normal,0.99,13.82,13.83
Tue Nov 26 13:06:07 2019,dust,0.98,13.3,13.46,,normal,1,13.94,13.84
Tue Nov 26 13:06:08 2019,dust,0.92,12.54,13.49,,normal,1.01,14.08,13.84
Tue Nov 26 13:06:09 2019,dust,0.95,12.92,13.47,,normal,1.01,14.08,13.84
Tue Nov 26 13:06:10 2019,dust,0.92,12.41,13.49,,normal,0.99,13.81,13.83
Tue Nov 26 13:06:11 2019,dust,0.92,12.54,13.5,,normal,1.01,14.07,13.84
Tue Nov 26 13:06:12 2019,dust,1.04,14.06,13.48,,normal,0.99,13.82,13.84
Tue Nov 26 13:06:13 2019,dust,0.95,12.92,13.48,,normal,1,13.95,13.86
Tue Nov 26 13:06:14 2019,dust,0.94,12.67,13.47,,normal,0.99,13.81,13.85
Tue Nov 26 13:06:15 2019,dust,0.91,12.28,13.47,,normal,0.98,13.69,13.84
Tue Nov 26 13:06:16 2019,dust,0.97,13.18,13.47,,normal,0.99,13.82,13.84
Tue Nov 26 13:06:17 2019,dust,1.02,13.81,13.47,,normal,0.99,13.82,13.83
Tue Nov 26 13:06:18 2019,dust,0.94,12.79,13.49,,normal,1.01,14.07,13.85
Tue Nov 26 13:06:19 2019,dust,1.04,14.06,13.48,,normal,0.99,13.82,13.84
Tue Nov 26 13:06:20 2019,dust,0.92,12.54,13.49,,normal,0.99,13.82,13.83
Tue Nov 26 13:06:21 2019,dust,1.03,13.93,13.47,,normal,0.97,13.42,13.82
Tue Nov 26 13:06:22 2019,dust,0.94,12.67,13.46,,normal,1,13.95,13.85
Tue Nov 26 13:06:23 2019,dust,1.02,13.81,13.47,,normal,1,13.95,13.84
Tue Nov 26 13:06:24 2019,dust,0.93,12.54,13.45,,normal,1.01,14.08,13.84
Tue Nov 26 13:06:25 2019,dust,0.97,13.17,13.49,,normal,1,13.94,13.86
Tue Nov 26 13:06:26 2019,dust,0.95,12.92,13.48,,normal,0.99,13.82,13.84
Tue Nov 26 13:06:27 2019,dust,1.02,13.81,13.51,,normal,0.98,13.69,13.84
Tue Nov 26 13:06:28 2019,dust,0.95,12.93,13.49,,normal,0.99,13.82,13.83
Tue Nov 26 13:06:29 2019,dust,0.96,13.05,13.49,,normal,0.98,13.68,13.82
Tue Nov 26 13:06:30 2019,dust,1,13.55,13.47,,normal,0.97,13.56,13.86
Tue Nov 26 13:06:31 2019,dust,1,13.55,13.45,,normal,0.97,13.43,13.84
Tue Nov 26 13:06:32 2019,dust,0.96,13.05,13.48,,normal,0.95,13.29,13.86
Tue Nov 26 13:06:33 2019,dust,0.93,12.67,13.5,,normal,0.99,13.81,13.84
Tue Nov 26 13:06:34 2019,dust,0.97,13.17,13.48,,normal,0.98,13.69,13.84
Tue Nov 26 13:06:35 2019,dust,1.01,13.69,13.48,,normal,0.96,13.3,13.84
Tue Nov 26 13:06:36 2019,dust,0.99,13.44,13.48,,normal,0.95,13.29,13.86
Tue Nov 26 13:06:37 2019,dust,1.02,13.81,13.47,,normal,0.98,13.69,13.84
Tue Nov 26 13:06:38 2019,dust,0.95,12.79,13.47,,normal,0.97,13.42,13.82
Tue Nov 26 13:06:39 2019,dust,0.99,13.44,13.47,,normal,0.97,13.43,13.84
Tue Nov 26 13:06:40 2019,dust,0.96,13.05,13.49,,normal,0.99,13.81,13.84
Tue Nov 26 13:06:41 2019,dust,1,13.55,13.47,,normal,0.96,13.42,13.85
Tue Nov 26 13:06:42 2019,dust,0.99,13.43,13.47,,normal,0.99,13.82,13.84
Tue Nov 26 13:06:43 2019,dust,0.93,12.54,13.48,,normal,0.99,13.82,13.85
Tue Nov 26 13:06:44 2019,dust,0.96,13.05,13.49,,normal,0.98,13.68,13.86
Tue Nov 26 13:06:45 2019,dust,0.99,13.43,13.48,,normal,0.98,13.69,13.85
Tue Nov 26 13:06:46 2019,dust,0.89,12.04,13.46,,normal,0.97,13.56,13.84
Tue Nov 26 13:06:47 2019,dust,0.93,12.54,13.47,,normal,0.96,13.3,13.85
Tue Nov 26 13:06:48 2019,dust,1.02,13.81,13.46,,normal,0.98,13.95,14.22
Tue Nov 26 13:06:49 2019,dust,0.91,12.28,13.49,,normal,0.97,14.99,15.34
Tue Nov 26 13:06:50 2019,dust,1.01,13.68,13.47,,normal,0.95,15.9,16.66
Tue Nov 26 13:06:51 2019,dust,1,13.55,13.48,,normal,0.95,17.5,18.25
Tue Nov 26 13:06:52 2019,dust,1.03,13.93,13.47,,normal,0.94,18.93,20.1
Tue Nov 26 13:06:53 2019,dust,0.97,13.17,13.5,,normal,0.93,20.92,22.42
Tue Nov 26 13:06:55 2019,dust,0.91,12.29,13.49,,normal,0.93,23.67,25.33
Tue Nov 26 13:06:56 2019,dust,1.01,13.68,13.49,,normal,0.91,26.72,29.16
Tue Nov 26 13:06:57 2019,dust,1,13.55,13.47,,normal,0.9,30.83,34.12
Tue Nov 26 13:06:58 2019,dust,0.95,12.92,13.47,,normal,0.91,36.42,39.91
Tue Nov 26 13:06:59 2019,dust,0.93,12.54,13.47,,normal,0.89,44.61,49.99
Tue Nov 26 13:07:00 2019,dust,1.03,13.93,13.47,,normal,0.85,57.19,66.66
Tue Nov 26 13:07:01 2019,dust,0.92,12.41,13.47,,normal,0.65,64.51,99.01
Tue Nov 26 13:07:02 2019,dust,0.99,13.43,13.49,,normal,0.03,4.17,108.34
Tue Nov 26 13:07:03 2019,dust,0.97,13.17,13.47,,normal,0,0.39,108.83
Tue Nov 26 13:07:04 2019,dust,0.98,13.3,13.49,,normal,0.01,1.95,108.53
Tue Nov 26 13:07:05 2019,dust,1,13.56,13.49,,normal,0.03,4.16,108.35
Tue Nov 26 13:07:06 2019,dust,0.94,12.79,13.52,,normal,0.07,8.21,107.96
Tue Nov 26 13:07:07 2019,dust,0.99,13.43,13.49,,normal,0.43,44.54,103.56
Tue Nov 26 13:07:08 2019,dust,0.98,13.3,13.48,,normal,0.87,71.58,81.8
Tue Nov 26 13:07:09 2019,dust,1.02,13.81,13.48,,normal,0.88,60.29,67.95
Tue Nov 26 13:07:10 2019,dust,0.94,12.79,13.48,,normal,0.86,50.48,58.09
Tue Nov 26 13:07:11 2019,dust,0.96,13.05,13.47,,normal,0.88,44.98,50.74
Tue Nov 26 13:07:12 2019,dust,0.98,13.31,13.5,,normal,0.88,39.89,45.04
Tue Nov 26 13:07:13 2019,dust,0.94,12.67,13.47,,normal,0.9,36.53,40.49
Tue Nov 26 13:07:14 2019,dust,1.01,13.68,13.48,,normal,0.91,33.74,36.77
Tue Nov 26 13:07:15 2019,dust,0.97,13.17,13.47,,normal,0.92,31.05,33.68
Tue Nov 26 13:07:16 2019,dust,0.88,11.9,13.48,,normal,0.91,28.4,31.08
Tue Nov 26 13:07:17 2019,dust,0.97,13.05,13.45,,normal,0.91,26.43,28.82
Tue Nov 26 13:07:18 2019,dust,0.98,13.3,13.47,,normal,0.93,25.2,26.87
Tue Nov 26 13:07:19 2019,dust,0.99,13.43,13.45,,normal,0.94,23.76,25.19
Tue Nov 26 13:07:20 2019,dust,0.98,13.3,13.47,,normal,0.91,21.64,23.7
Tue Nov 26 13:07:21 2019,dust,0.91,12.28,13.47,,normal,0.93,20.84,22.36
Tue Nov 26 13:07:22 2019,dust,0.94,12.67,13.46,,normal,0.95,20.18,21.2
Tue Nov 26 13:07:23 2019,dust,0.89,12.03,13.45,,normal,0.95,19.25,20.12
Tue Nov 26 13:07:24 2019,dust,0.96,13.05,13.48,,normal,0.93,17.94,19.15
Tue Nov 26 13:07:25 2019,dust,0.93,12.67,13.49,,normal,0.95,17.42,18.29
Tue Nov 26 13:07:26 2019,dust,0.97,13.17,13.48,,normal,0.95,16.62,17.48
Tue Nov 26 13:07:27 2019,dust,0.99,13.43,13.47,,normal,0.96,16.1,16.77
Tue Nov 26 13:07:28 2019,dust,0.96,13.06,13.47,,normal,0.93,15.04,16.07
Tue Nov 26 13:07:29 2019,dust,0.99,13.43,13.48,,normal,0.94,14.64,15.48
Tue Nov 26 13:07:30 2019,dust,0.91,12.28,13.49,,normal,0.96,14.38,14.88
Tue Nov 26 13:07:31 2019,dust,0.89,12.03,13.48,,normal,0.97,13.98,14.34
Tue Nov 26 13:07:32 2019,dust,0.97,13.17,13.48,,normal,0.97,14.11,14.47
Tue Nov 26 13:07:33 2019,dust,0.88,11.9,13.47,,normal,0.93,14.64,15.6
Tue Nov 26 13:07:34 2019,dust,0.96,13.05,13.46,,normal,0.95,16.21,16.93
Tue Nov 26 13:07:35 2019,dust,0.97,13.17,13.49,,normal,0.93,17.27,18.5
Tue Nov 26 13:07:36 2019,dust,1.01,13.68,13.47,,normal,0.95,19.38,20.38
Tue Nov 26 13:07:37 2019,dust,0.93,12.67,13.52,,normal,0.94,21.5,22.7
Tue Nov 26 13:07:38 2019,dust,0.93,12.54,13.47,,normal,0.91,23.33,25.6
Tue Nov 26 13:07:39 2019,dust,0.98,13.3,13.47,,normal,0.92,27.04,29.34
Tue Nov 26 13:07:40 2019,dust,0.97,13.17,13.48,,normal,0.91,31.56,34.39
Tue Nov 26 13:07:41 2019,dust,0.88,11.9,13.47,,normal,0.89,37.43,41.62
Tue Nov 26 13:07:42 2019,dust,0.96,12.92,13.46,,normal,0.88,46.3,52.53
Tue Nov 26 13:07:43 2019,dust,0.92,12.41,13.47,,normal,0.84,60.29,71.22
Tue Nov 26 13:07:44 2019,dust,0.93,12.54,13.48,,normal,0.84,72.11,85.25
Tue Nov 26 13:07:45 2019,dust,0.97,13.17,13.49,,normal,0.83,73.75,88.17
Tue Nov 26 13:07:46 2019,dust,0.88,11.9,13.47,,normal,0.83,73.54,88.24
Tue Nov 26 13:07:47 2019,dust,0.92,12.41,13.47,,normal,0.82,75.07,90.99
Tue Nov 26 13:07:48 2019,dust,0.9,12.16,13.48,,normal,0.83,75.99,91.42
Tue Nov 26 13:07:49 2019,dust,0.93,12.54,13.47,,normal,0.81,76.99,94.33
Tue Nov 26 13:07:50 2019,dust,0.91,12.28,13.48,,normal,0.8,76.64,94.71
Tue Nov 26 13:07:51 2019,dust,0.99,13.43,13.48,,normal,0.81,76.43,94.04
Tue Nov 26 13:07:52 2019,dust,0.98,13.3,13.47,,normal,0.81,76.75,94.08
Tue Nov 26 13:07:53 2019,dust,0.98,13.3,13.49,,normal,0.81,76.35,94.12
Tue Nov 26 13:07:54 2019,dust,0.91,12.28,13.49,,normal,0.81,76.54,94.15
Tue Nov 26 13:07:55 2019,dust,0.92,12.54,13.49,,normal,0.81,76.68,94.22
Tue Nov 26 13:07:56 2019,dust,0.92,12.54,13.49,,normal,0.81,76.41,94.23
Tue Nov 26 13:07:57 2019,dust,0.96,13.05,13.48,,normal,0.81,76.73,94.28
Tue Nov 26 13:07:58 2019,dust,0.92,12.54,13.49,,normal,0.81,76.65,94.29
Tue Nov 26 13:07:59 2019,dust,0.99,13.44,13.47,,normal,0.81,77.12,94.36
Tue Nov 26 13:08:00 2019,dust,0.94,12.79,13.49,,normal,0.81,76.98,94.4
Tue Nov 26 13:08:01 2019,dust,1,13.55,13.49,,normal,0.81,76.85,94.4
Tue Nov 26 13:08:02 2019,dust,0.89,12.03,13.49,,normal,0.81,76.77,94.43
Tue Nov 26 13:08:03 2019,dust,0.96,13.05,13.47,,normal,0.81,76.85,94.47
Tue Nov 26 13:08:04 2019,dust,0.93,12.54,13.48,,normal,0.81,76.63,94.47
Tue Nov 26 13:08:05 2019,dust,0.87,11.78,13.49,,normal,0.81,76.55,94.49
Tue Nov 26 13:08:06 2019,dust,0.89,12.03,13.47,,normal,0.8,76.55,94.52
Tue Nov 26 13:08:07 2019,dust,0.96,13.05,13.47,,normal,0.8,76.42,94.52
Tue Nov 26 13:08:08 2019,dust,0.92,12.41,13.48,,normal,0.8,76.34,94.56
Tue Nov 26 13:08:09 2019,dust,0.95,12.92,13.47,,normal,0.8,76.34,94.58
Tue Nov 26 13:08:10 2019,dust,0.99,13.43,13.47,,normal,0.81,76.61,94.25
Tue Nov 26 13:08:11 2019,dust,0.86,11.65,13.49,,normal,0.81,76.8,94.31
Tue Nov 26 13:08:12 2019,dust,0.99,13.43,13.47,,normal,0.81,76.45,94.33
Tue Nov 26 13:08:13 2019,dust,0.95,12.92,13.48,,normal,0.8,76.39,94.33
Tue Nov 26 13:08:14 2019,dust,0.97,13.17,13.46,,normal,0.81,76.59,94.36
Tue Nov 26 13:08:15 2019,dust,0.95,12.92,13.49,,normal,0.81,76.59,94.36
Tue Nov 26 13:08:16 2019,dust,0.91,12.28,13.47,,normal,0.81,76.51,94.39
Tue Nov 26 13:08:17 2019,dust,0.99,13.43,13.45,,normal,0.81,76.51,94.4
Tue Nov 26 13:08:18 2019,dust,1,13.55,13.49,,normal,0.8,76.43,94.42
Tue Nov 26 13:08:19 2019,dust,0.99,13.43,13.47,,normal,0.81,76.51,94.45
Tue Nov 26 13:08:20 2019,dust,0.88,11.9,13.46,,normal,0.8,76.43,94.45
Tue Nov 26 13:08:21 2019,dust,0.93,12.54,13.48,,normal,0.8,76.16,94.47
Tue Nov 26 13:08:22 2019,dust,0.94,12.67,13.47,,normal,0.8,76.43,94.49
Tue Nov 26 13:08:23 2019,dust,0.9,12.16,13.48,,normal,0.8,75.88,94.49
Tue Nov 26 13:08:24 2019,dust,0.89,12.03,13.47,,normal,0.8,76.29,94.52
Tue Nov 26 13:08:25 2019,dust,0.92,12.41,13.49,,normal,0.82,75.8,92.42
Tue Nov 26 13:08:26 2019,dust,0.92,12.54,13.49,,normal,0.79,75.26,95.21
Tue Nov 26 13:08:27 2019,dust,0.94,12.67,13.47,,normal,0.78,75.12,95.21
Tue Nov 26 13:08:28 2019,dust,0.87,11.78,13.48,,normal,0.81,75.67,92.45
Tue Nov 26 13:08:29 2019,dust,0.9,12.16,13.48,,normal,0.85,79.19,92.65
Tue Nov 26 13:08:30 2019,dust,0.96,13.05,13.46,,normal,0.81,75.99,92.91
Tue Nov 26 13:08:31 2019,dust,0.9,12.16,13.48,,normal,0.82,76.6,93.27
Tue Nov 26 13:08:32 2019,dust,0.98,13.3,13.47,,normal,0.81,76.46,93.25
Tue Nov 26 13:08:33 2019,dust,0.93,12.67,13.48,,normal,0.82,76.73,93.3
Tue Nov 26 13:08:34 2019,dust,0.91,12.28,13.48,,normal,0.82,76.6,93.29
Tue Nov 26 13:08:35 2019,dust,0.9,12.16,13.47,,normal,0.82,76.52,93.31
Tue Nov 26 13:08:36 2019,dust,0.88,11.9,13.51,,normal,0.82,76.65,93.33
Tue Nov 26 13:08:37 2019,dust,0.87,11.78,13.47,,normal,0.82,76.65,93.33
Tue Nov 26 13:08:38 2019,dust,0.93,12.54,13.48,,normal,0.82,76.57,93.38
Tue Nov 26 13:08:39 2019,dust,0.93,12.54,13.47,,normal,0.81,76.52,93.34
Tue Nov 26 13:08:40 2019,dust,0.91,12.28,13.48,,normal,0.81,76.57,93.73
Tue Nov 26 13:08:41 2019,dust,0.96,13.05,13.49,,normal,0.81,76.52,93.41
Tue Nov 26 13:08:42 2019,dust,0.94,12.78,13.47,,normal,0.82,76.84,93.05
Tue Nov 26 13:08:44 2019,dust,0.94,12.67,13.47,,normal,0.82,77.04,93.11
Tue Nov 26 13:08:45 2019,dust,0.84,11.4,13.47,,normal,0.82,76.71,93.09
Tue Nov 26 13:08:46 2019,dust,0.9,12.15,13.46,,normal,0.82,76.76,93.09
Tue Nov 26 13:08:47 2019,dust,0.95,12.92,13.48,,normal,0.82,76.49,93.11
Tue Nov 26 13:08:48 2019,dust,0.83,11.27,13.45,,normal,0.81,76.35,93.13
Tue Nov 26 13:08:49 2019,dust,0.95,12.79,13.45,,normal,0.82,76.49,92.41
Tue Nov 26 13:08:50 2019,dust,0.87,11.78,13.45,,normal,0.82,76.35,92.44
Tue Nov 26 13:08:51 2019,dust,0.86,11.65,13.47,,normal,0.82,75.86,92.41
Tue Nov 26 13:08:52 2019,dust,0.97,13.05,13.45,,normal,0.82,76.22,92.47
Tue Nov 26 13:08:53 2019,dust,0.95,12.92,13.48,,normal,0.82,76.41,93.16
Tue Nov 26 13:08:54 2019,dust,0.91,12.28,13.46,,normal,0.82,76.55,93.18
Tue Nov 26 13:08:55 2019,dust,0.95,12.92,13.48,,normal,0.82,76.41,93.18
Tue Nov 26 13:08:56 2019,dust,0.87,11.78,13.47,,normal,0.81,76.14,93.18
Tue Nov 26 13:08:57 2019,dust,0.94,12.67,13.46,,normal,0.81,76.27,93.18
Tue Nov 26 13:08:58 2019,dust,0.94,12.67,13.47,,normal,0.81,76.33,93.21
Tue Nov 26 13:08:59 2019,dust,0.87,11.78,13.5,,normal,0.81,76.27,93.2
Tue Nov 26 13:09:00 2019,dust,0.84,11.4,13.47,,normal,0.81,75.92,93.19
Tue Nov 26 13:09:01 2019,dust,0.95,13.68,14.37,,normal,0.81,76,93.22
Tue Nov 26 13:09:02 2019,dust,0.89,13.93,15.58,,normal,0.81,76.11,93.25
Tue Nov 26 13:09:03 2019,dust,0.88,14.96,16.98,,normal,0.81,75.65,93.22
Tue Nov 26 13:09:04 2019,dust,0.86,16.1,18.68,,normal,0.81,75.97,93.23
Tue Nov 26 13:09:05 2019,dust,0.87,18.01,20.68,,normal,0.81,75.65,92.86
Tue Nov 26 13:09:06 2019,dust,0.85,19.92,23.23,,normal,0.81,75.37,92.53
Tue Nov 26 13:09:07 2019,dust,0.87,23.13,26.38,,normal,0.81,75.51,93.21
Tue Nov 26 13:09:08 2019,dust,0.84,25.82,30.54,,normal,0.8,75.37,93.22
Tue Nov 26 13:09:09 2019,dust,0.88,31.85,36.14,,normal,0.8,74.77,93.2
Tue Nov 26 13:09:10 2019,dust,0.86,37.23,42.95,,normal,0.8,74.82,93.21
Tue Nov 26 13:09:11 2019,dust,0.86,47.83,55.07,,normal,0.8,75.24,93.2
Tue Nov 26 13:09:12 2019,dust,0.83,63.73,76.69,,normal,0.8,75.04,93.58
Tue Nov 26 13:09:13 2019,dust,0,0,106.6,,normal,0.8,75.1,93.2
Tue Nov 26 13:09:14 2019,dust,0.01,1.39,106.02,,normal,0.8,75.15,93.23
Tue Nov 26 13:09:15 2019,dust,0,0,106.24,,normal,0.8,74.96,93.56
Tue Nov 26 13:09:16 2019,dust,0.02,2.78,106,,normal,0.79,74.41,93.57
Tue Nov 26 13:09:17 2019,dust,0.06,6.34,105.56,,normal,0.8,74.88,93.6
Tue Nov 26 13:09:18 2019,dust,0.07,7.98,105.19,,normal,0.8,74.88,93.59
Tue Nov 26 13:09:19 2019,dust,0.77,71.24,92.13,,normal,0.79,74.74,93.61
Tue Nov 26 13:09:20 2019,dust,0.86,62.57,71.96,,normal,0.79,74.61,93.58
Tue Nov 26 13:09:21 2019,dust,0.87,53.45,60.81,,normal,0.79,74.69,93.6
Tue Nov 26 13:09:22 2019,dust,0.86,45.56,52.6,,normal,0.79,74.52,93.61
Tue Nov 26 13:09:23 2019,dust,0.87,40.67,46.4,,normal,0.79,74.25,93.6
Tue Nov 26 13:09:24 2019,dust,0.89,37.18,41.48,,normal,0.79,74.33,93.6
Tue Nov 26 13:09:25 2019,dust,0.87,32.94,37.53,,normal,0.79,74.39,93.59
Tue Nov 26 13:09:26 2019,dust,0.85,29.34,34.21,,normal,0.79,74.47,93.63
Tue Nov 26 13:09:27 2019,dust,0.85,27.03,31.44,,normal,0.79,74.47,93.61
Tue Nov 26 13:09:28 2019,dust,0.88,25.88,29.09,,normal,0.85,80.12,93.19
Tue Nov 26 13:09:29 2019,dust,0.86,23.44,27.07,,normal,0.79,74.06,92.9
Tue Nov 26 13:09:30 2019,dust,0.88,22.29,25.33,,normal,0.79,74.19,93.29
Tue Nov 26 13:09:31 2019,dust,0.85,20.24,23.74,,normal,0.79,73.98,93.25
Tue Nov 26 13:09:32 2019,dust,0.9,20.24,22.41,,normal,0.79,74.33,93.98
Tue Nov 26 13:09:33 2019,dust,0.91,19.34,21.2,,normal,0.79,74.52,93.98
Tue Nov 26 13:09:34 2019,dust,0.84,17.04,20.12,,normal,0.78,74.11,93.99
Tue Nov 26 13:09:35 2019,dust,0.91,17.55,19.12,,normal,0.79,74.33,94.02
Tue Nov 26 13:09:36 2019,dust,0.89,16.39,18.23,,normal,0.78,73.84,93.98
Tue Nov 26 13:09:37 2019,dust,0.85,14.87,17.41,,normal,0.78,73.65,93.96
Tue Nov 26 13:09:38 2019,dust,0.89,14.99,16.67,,normal,0.78,73.78,93.98
Tue Nov 26 13:09:39 2019,dust,0.85,13.72,15.99,,normal,0.78,73.92,93.97
Tue Nov 26 13:09:40 2019,dust,0.87,13.46,15.35,,normal,0.78,74.06,93.99
Tue Nov 26 13:09:41 2019,dust,0.85,12.57,14.76,,normal,0.78,73.84,93.98
Tue Nov 26 13:09:42 2019,dust,0.86,12.31,14.22,,normal,0.78,73.56,94.31
Tue Nov 26 13:09:43 2019,dust,0.82,11.29,13.72,,normal,0.78,73.98,94.33
Tue Nov 26 13:09:44 2019,dust,0.82,12.06,14.58,,normal,0.78,73.29,93.26
Tue Nov 26 13:09:45 2019,dust,0.87,13.84,15.79,,normal,0.78,73.29,93.24
Tue Nov 26 13:09:46 2019,dust,0.88,15.12,17.17,,normal,0.78,73.29,93.26
Tue Nov 26 13:09:47 2019,dust,0.85,16.14,18.85,,normal,0.81,75.81,93.38
Tue Nov 26 13:09:48 2019,dust,0.9,18.93,20.87,,normal,0.78,73.56,93.6
Tue Nov 26 13:09:49 2019,dust,0.85,20.09,23.38,,normal,0.77,73.43,94.34
Tue Nov 26 13:09:50 2019,dust,0.9,23.93,26.52,,normal,0.78,73.43,93.96
Tue Nov 26 13:09:51 2019,dust,0.85,26.24,30.71,,normal,0.78,73.43,93.96
Tue Nov 26 13:09:52 2019,dust,0.85,31.36,36.51,,normal,0.78,73.43,93.96
Tue Nov 26 13:09:53 2019,dust,0.85,38.24,44.91,,normal,0.77,73.15,93.96
Tue Nov 26 13:09:54 2019,dust,0.84,49.35,58.28,,normal,0.77,72.88,93.96
Tue Nov 26 13:09:55 2019,dust,0.8,67.18,83.06,,normal,0.77,72.88,93.95
Tue Nov 26 13:09:56 2019,dust,0.83,70.37,83.81,,normal,0.78,73.34,93.97
Tue Nov 26 13:09:57 2019,dust,0.82,69.01,83.84,,normal,0.77,72.74,93.96
Tue Nov 26 13:09:58 2019,dust,0.83,69.66,83.86,,normal,0.77,72.88,94.65
Tue Nov 26 13:09:59 2019,dust,0.82,68.93,83.29,,normal,0.77,73.02,93.98
Tue Nov 26 13:10:00 2019,dust,0.81,68.16,83.33,,normal,0.77,73.07,94
Tue Nov 26 13:10:01 2019,dust,0.83,69.5,83.38,,normal,0.76,72.61,94.99
Tue Nov 26 13:10:02 2019,dust,0.82,68.86,83.37,,normal,0.82,78.47,94.56
Tue Nov 26 13:10:03 2019,dust,0.79,66.66,83.89,,normal,0.77,72.88,94.3
Tue Nov 26 13:10:04 2019,dust,0.82,69.56,84,,normal,0.77,73.02,94.32
Tue Nov 26 13:10:05 2019,dust,0.81,69.09,84.34,,normal,0.77,72.33,93.63
Tue Nov 26 13:10:06 2019,dust,0.8,68.71,84.97,,normal,0.77,72.25,93.27
Tue Nov 26 13:10:07 2019,dust,0.81,69.09,85.27,,normal,0.77,72.47,93.95
Tue Nov 26 13:10:08 2019,dust,0.81,69.87,85.31,,normal,0.77,72.33,93.94
Tue Nov 26 13:10:09 2019,dust,0.84,71.92,85.42,,normal,0.76,71.65,93.55
Tue Nov 26 13:10:10 2019,dust,0.79,68.11,85.63,,normal,0.76,71.24,93.55
Tue Nov 26 13:10:11 2019,dust,0.79,69.28,86.91,,normal,0.75,71.32,93.89
Tue Nov 26 13:10:12 2019,dust,0.78,68.16,86.92,,normal,0.76,71.18,93.51
Tue Nov 26 13:10:13 2019,dust,0.79,70.03,88.24,,normal,0.75,70.22,93.46
Tue Nov 26 13:10:14 2019,dust,0.77,68.09,88.21,,normal,0.71,68.81,95.83
Tue Nov 26 13:10:15 2019,dust,0.77,68.55,88.19,,normal,0.73,68.81,94.08
Tue Nov 26 13:10:16 2019,dust,0.75,66.53,88.51,,normal,0.72,68.21,94.01
Tue Nov 26 13:10:17 2019,dust,0.74,65.7,88.1,,normal,0.71,66.7,93.91
Tue Nov 26 13:10:18 2019,dust,0.72,63.63,88.03,,normal,0.69,65.65,93.81
Tue Nov 26 13:10:19 2019,dust,0.7,62.59,88.6,,normal,0.67,63.33,94.01
Tue Nov 26 13:10:20 2019,dust,0.67,60.08,88.49,,normal,0.65,61.33,93.49
Tue Nov 26 13:10:21 2019,dust,0.65,58.14,88.74,,normal,0.62,58.25,93.68
Tue Nov 26 13:10:22 2019,dust,0.62,55.38,88.6,,normal,0.6,56.57,93.48
Tue Nov 26 13:10:23 2019,dust,0.59,53.14,89.15,,normal,0.57,53.23,93.27
Tue Nov 26 13:10:24 2019,dust,0.57,51.2,88.67,,normal,0.55,51.7,93.08
Tue Nov 26 13:10:25 2019,dust,0.54,48.45,88.57,,normal,0.52,49.18,93.23
Tue Nov 26 13:10:26 2019,dust,0.52,46.47,88.38,,normal,0.5,46.57,92.67
Tue Nov 26 13:10:27 2019,dust,0.48,42.99,88.24,,normal,0.5,46.98,92.97
Tue Nov 26 13:10:28 2019,dust,0.47,42.18,88.11,,normal,0.45,42.42,92.98
Tue Nov 26 13:10:30 2019,dust,0.45,40.24,88,,normal,0.44,41.17,93.2
Tue Nov 26 13:10:31 2019,dust,0.44,39.7,88.26,,normal,0.43,40.09,93.1
Tue Nov 26 13:10:32 2019,dust,0.45,40.21,88.93,,normal,0.43,40.23,93.12
Tue Nov 26 13:10:33 2019,dust,0.45,40.6,89.03,,normal,0.44,41.41,93.2
Tue Nov 26 13:10:34 2019,dust,0.47,42.69,89.76,,normal,0.42,40.06,93.8
Tue Nov 26 13:10:35 2019,dust,0.45,41.4,90.09,,normal,0.48,44.17,91.34
Tue Nov 26 13:10:36 2019,dust,0.5,45.44,90.04,,normal,0.5,46.37,92.21
Tue Nov 26 13:10:37 2019,dust,0.53,48.45,90.22,,normal,0.54,50.06,92.4
Tue Nov 26 13:10:38 2019,dust,0.57,52.14,90.45,,normal,0.57,54.02,94.77
Tue Nov 26 13:10:39 2019,dust,0.61,55.77,90.62,,normal,0.59,56.85,95.03
Tue Nov 26 13:10:40 2019,dust,0.62,57.62,91.79,,normal,0.61,58.39,95.19
Tue Nov 26 13:10:41 2019,dust,0.66,61.3,91.64,,normal,0.63,60.29,94.56
Tue Nov 26 13:10:42 2019,dust,0.62,57.62,91.48,,normal,0.62,58.93,94.52
Tue Nov 26 13:10:43 2019,dust,0.61,56.07,91.36,,normal,0.6,57.12,94.71
Tue Nov 26 13:10:44 2019,dust,0.58,53.09,91.24,,normal,0.57,54.64,94.22
Tue Nov 26 13:10:45 2019,dust,0.56,51.37,91.09,,normal,0.55,52.12,94
Tue Nov 26 13:10:46 2019,dust,0.52,47.71,90.57,,normal,0.53,50.33,93.48
Tue Nov 26 13:10:47 2019,dust,0.49,45.34,90.7,,normal,0.5,46.77,93.25
Tue Nov 26 13:10:48 2019,dust,0.48,43.76,89.89,,normal,0.48,45.22,92.75
Tue Nov 26 13:10:49 2019,dust,0.46,41.44,89.47,,normal,0.47,43.97,92.61
Tue Nov 26 13:10:50 2019,dust,0.46,41.53,90.09,,normal,0.46,43.3,92.53
Tue Nov 26 13:10:51 2019,dust,0.44,40.37,89.99,,normal,0.45,42.35,92.45
Tue Nov 26 13:10:52 2019,dust,0.44,39.73,90.26,,normal,0.44,41.24,92.34
Tue Nov 26 13:10:53 2019,dust,0.42,38.7,90.2,,normal,0.45,42.19,92.4
Tue Nov 26 13:10:54 2019,dust,0.42,38.15,90.5,,normal,0.43,40,92.52
Tue Nov 26 13:10:55 2019,dust,0.41,37.25,90.46,,normal,0.43,40,92.22
Tue Nov 26 13:10:56 2019,dust,0.43,37.89,87.84,,normal,0.43,40.41,92.24
Tue Nov 26 13:10:57 2019,dust,0.42,37.5,87.83,,normal,0.45,41.72,92.33
Tue Nov 26 13:10:58 2019,dust,0.44,38.95,88.54,,normal,0.45,42.02,92.37
Tue Nov 26 13:10:59 2019,dust,0.42,38.82,91.32,,normal,0.46,42.56,92.39
Tue Nov 26 13:11:00 2019,dust,0.45,41.44,91.42,,normal,0.47,43.81,92.51
Tue Nov 26 13:11:01 2019,dust,0.46,42.44,91.53,,normal,0.49,45.96,92.33
Tue Nov 26 13:11:02 2019,dust,0.49,45.57,91.74,,normal,0.51,48.73,94.97
Tue Nov 26 13:11:03 2019,dust,0.52,48.74,92.71,,normal,0.56,53.26,94.91
Tue Nov 26 13:11:04 2019,dust,0.55,51.76,92.9,,normal,0.61,57.27,92.4
Tue Nov 26 13:11:05 2019,dust,0.57,53.83,93.68,,normal,0.62,57.85,92.48
Tue Nov 26 13:11:06 2019,dust,0.57,54.26,93.76,,normal,0.64,58.8,91.88
Tue Nov 26 13:11:07 2019,dust,0.6,56.33,93.16,,normal,0.65,60.61,91.98
Tue Nov 26 13:11:08 2019,dust,0.6,56.63,93.21,,normal,0.66,61.33,92.74
Tue Nov 26 13:11:09 2019,dust,0.66,61.34,92.68,,normal,0.68,63.55,93.23
Tue Nov 26 13:11:10 2019,dust,0.63,58.57,92.97,,normal,0.68,63.96,94
Tue Nov 26 13:11:11 2019,dust,0.63,59.14,92.66,,normal,0.67,63.69,93.98
Tue Nov 26 13:11:12 2019,dust,0.64,59.92,92.68,,normal,0.68,64.23,94
Tue Nov 26 13:11:13 2019,dust,0.64,59.92,93.06,,normal,0.69,65.87,94.13
Tue Nov 26 13:11:14 2019,dust,0.65,60.87,93.1,,normal,0.66,63.19,94.73
Tue Nov 26 13:11:15 2019,dust,0.68,63.47,93.3,,normal,0.7,66.55,94.22
Tue Nov 26 13:11:16 2019,dust,0.65,61,93.54,,normal,0.71,67.14,94.25
Tue Nov 26 13:11:17 2019,dust,0.65,61.13,93.52,,normal,0.7,66.96,94.62
Tue Nov 26 13:11:18 2019,dust,0.64,60.48,93.56,,normal,0.71,67.55,94.67
Tue Nov 26 13:11:19 2019,dust,0.65,61.31,93.59,,normal,0.71,67.6,94.69
Tue Nov 26 13:11:20 2019,dust,0.65,61.7,93.61,,normal,0.72,68.5,94.38
Tue Nov 26 13:11:21 2019,dust,0.64,60.53,93.56,,normal,0.72,68.64,94.39
Tue Nov 26 13:11:22 2019,dust,0.65,60.92,93.24,,normal,0.73,69.1,94.44
Tue Nov 26 13:11:23 2019,dust,0.67,63,93.62,,normal,0.73,69.42,94.45
Tue Nov 26 13:11:24 2019,dust,0.66,61.7,93.26,,normal,0.73,69.51,94.13
Tue Nov 26 13:11:25 2019,dust,0.66,62.61,93.65,,normal,0.73,69.01,94.12
Tue Nov 26 13:11:26 2019,dust,0.65,61.18,93.66,,normal,0.73,68.88,94.1
Tue Nov 26 13:11:27 2019,dust,0.65,61.75,94.03,,normal,0.73,69.29,94.16
Tue Nov 26 13:11:28 2019,dust,0.65,61.36,93.65,,normal,0.73,68.83,94.14
Tue Nov 26 13:11:29 2019,dust,0.65,61.23,93.66,,normal,0.73,69.01,94.15
Tue Nov 26 13:11:30 2019,dust,0.66,61.49,92.9,,normal,0.73,69.29,94.17
Tue Nov 26 13:11:31 2019,dust,0.65,60.97,92.93,,normal,0.73,69.29,94.16
Tue Nov 26 13:11:32 2019,dust,0.65,61.75,94.05,,normal,0.73,68.88,94.16
Tue Nov 26 13:11:33 2019,dust,0.65,61.27,94.07,,normal,0.73,69.29,94.19
Tue Nov 26 13:11:34 2019,dust,0.65,61.92,94.1,,normal,0.74,69.47,93.51
Tue Nov 26 13:11:35 2019,dust,0.65,61.79,94.12,,normal,0.74,69.29,93.48
Tue Nov 26 13:11:36 2019,dust,0.67,63.35,94.13,,normal,0.74,69.34,93.51
Tue Nov 26 13:11:37 2019,dust,0.67,63.35,93.45,,normal,0.74,69.88,93.87
Tue Nov 26 13:11:38 2019,dust,0.68,63.66,93.45,,normal,0.73,69.47,93.89
Tue Nov 26 13:11:39 2019,dust,0.67,62.31,92.71,,normal,0.74,69.75,93.9
Tue Nov 26 13:11:40 2019,dust,0.67,62.31,92.72,,normal,0.74,70.07,94.63
Tue Nov 26 13:11:41 2019,dust,0.66,61.66,92.33,,normal,0.74,70.34,94.65
Tue Nov 26 13:11:42 2019,dust,0.67,63.01,92.75,,normal,0.73,69.99,94.67
Tue Nov 26 13:11:43 2019,dust,0.67,62.49,93.15,,normal,0.73,69.88,94.63
Tue Nov 26 13:11:44 2019,dust,0.68,63.48,93.11,,normal,0.73,69.8,94.65
Tue Nov 26 13:11:45 2019,dust,0.66,61.97,93.1,,normal,0.73,69.52,94.65
Tue Nov 26 13:11:46 2019,dust,0.66,62.31,93.1,,normal,0.73,69.75,94.63
Tue Nov 26 13:11:47 2019,dust,0.67,63.14,93.1,,normal,0.73,69.47,94.61
Tue Nov 26 13:11:48 2019,dust,0.66,61.92,93.08,,normal,0.73,69.75,94.96
Tue Nov 26 13:11:49 2019,dust,0.67,62.62,93.1,,normal,0.72,69.11,94.96
Tue Nov 26 13:11:50 2019,dust,0.66,62.1,93.12,,normal,0.72,68.98,94.98
Tue Nov 26 13:11:51 2019,dust,0.67,62.49,93.1,,normal,0.72,69.2,94.96
Tue Nov 26 13:11:52 2019,dust,0.67,62.75,93.11,,normal,0.73,69.52,94.99
Tue Nov 26 13:11:53 2019,dust,0.66,61.71,93.14,,normal,0.72,69.06,94.96
Tue Nov 26 13:11:54 2019,dust,0.66,62.23,93.45,,normal,0.72,68.57,94.98
Tue Nov 26 13:11:55 2019,dust,0.66,61.97,93.1,,normal,0.72,69.06,94.98
Tue Nov 26 13:11:56 2019,dust,0.66,61.45,93.11,,normal,0.72,68.98,94.96
Tue Nov 26 13:11:57 2019,dust,0.66,62.23,93.48,,normal,0.72,68.98,94.96
Tue Nov 26 13:11:58 2019,dust,0.7,65.54,93.28,,normal,0.72,69.06,94.96
Tue Nov 26 13:11:59 2019,dust,0.66,61.84,93.48,,normal,0.72,68.57,94.93
Tue Nov 26 13:12:00 2019,dust,0.65,59.5,90.94,,normal,0.75,71.49,94.73
Tue Nov 26 13:12:01 2019,dust,0.61,57.5,93.65,,normal,0.72,68.52,94.94
Tue Nov 26 13:12:02 2019,dust,0.66,61.97,93.46,,normal,0.71,68.02,94.93
Tue Nov 26 13:12:03 2019,dust,0.64,60.54,93.42,,normal,0.71,67.61,94.92
Tue Nov 26 13:12:04 2019,dust,0.65,61.45,93.4,,normal,0.7,67.34,94.9
Tue Nov 26 13:12:05 2019,dust,0.65,60.54,92.62,,normal,0.7,67.02,94.88
Tue Nov 26 13:12:06 2019,dust,0.63,58.98,92.66,,normal,0.73,70.02,95.01
Tue Nov 26 13:12:07 2019,dust,0.57,53.82,93.03,,normal,0.69,65.92,95.55
Tue Nov 26 13:12:08 2019,dust,0.63,59.24,93.33,,normal,0.69,65.92,95.53
Tue Nov 26 13:12:09 2019,dust,0.63,59.37,93.34,,normal,0.7,66.74,94.84
Tue Nov 26 13:12:10 2019,dust,0.64,59.24,92.55,,normal,0.69,66.33,94.8
Tue Nov 26 13:12:11 2019,dust,0.62,58.06,92.57,,normal,0.69,65.47,94.74
Tue Nov 26 13:12:12 2019,dust,0.61,56.59,91.81,,normal,0.68,65.06,94.72
Tue Nov 26 13:12:13 2019,dust,0.61,57.15,92.52,,normal,0.68,65.19,94.72
Tue Nov 26 13:12:14 2019,dust,0.61,56.46,92.51,,normal,0.68,65.06,95.41
Tue Nov 26 13:12:15 2019,dust,0.62,58.15,92.54,,normal,0.68,65.06,94.77
Tue Nov 26 13:12:17 2019,dust,0.63,58.85,92.57,,normal,0.69,65.74,94.78
Tue Nov 26 13:12:18 2019,dust,0.64,59.76,92.95,,normal,0.7,65.88,94.1
Tue Nov 26 13:12:19 2019,dust,0.63,59.37,93.7,,normal,0.7,66.61,94.47
Tue Nov 26 13:12:20 2019,dust,0.63,59.06,93.7,,normal,0.69,66.06,94.47
Tue Nov 26 13:12:21 2019,dust,0.62,58.45,94.03,,normal,0.69,65.65,94.81
Tue Nov 26 13:12:22 2019,dust,0.61,57.37,92.54,,normal,0.7,66.11,94.42
Tue Nov 26 13:12:23 2019,dust,0.63,59.19,92.94,,normal,0.69,65.6,94.41
Tue Nov 26 13:12:24 2019,dust,0.6,56.89,94.34,,normal,0.68,65.19,94.73
Tue Nov 26 13:12:25 2019,dust,0.61,57.54,92.89,,normal,0.68,64.38,94.35
Tue Nov 26 13:12:26 2019,dust,0.61,56.98,93.21,,normal,0.68,64.38,94.34
Tue Nov 26 13:12:27 2019,dust,0.6,56.07,93.19,,normal,0.66,63.1,94.62
Tue Nov 26 13:12:28 2019,dust,0.61,56.72,92.79,,normal,0.66,62.97,94.24
Tue Nov 26 13:12:29 2019,dust,0.59,55.03,92.4,,normal,0.66,62.65,94.2
Tue Nov 26 13:12:30 2019,dust,0.58,54.08,92.38,,normal,0.65,62.1,94.18
Tue Nov 26 13:12:31 2019,dust,0.59,54.99,92.7,,normal,0.65,61.42,94.11
Tue Nov 26 13:12:32 2019,dust,0.57,53.3,93.01,,normal,0.64,61.15,94.09
Tue Nov 26 13:12:33 2019,dust,0.58,53.99,93.03,,normal,0.65,61.51,93.72
Tue Nov 26 13:12:34 2019,dust,0.58,54.21,92.29,,normal,0.65,61.15,93.71
Tue Nov 26 13:12:35 2019,dust,0.58,53.82,92.66,,normal,0.65,61.78,93.76
Tue Nov 26 13:12:36 2019,dust,0.58,54.99,93.41,,normal,0.65,61.51,94.11
Tue Nov 26 13:12:37 2019,dust,0.57,53.95,93.42,,normal,0.64,60.88,94.45
Tue Nov 26 13:12:38 2019,dust,0.57,54.08,93.42,,normal,0.68,64.33,94.26
Tue Nov 26 13:12:39 2019,dust,0.58,55.12,93.46,,normal,0.65,62.1,94.8
Tue Nov 26 13:12:40 2019,dust,0.59,55.55,93.48,,normal,0.65,61.69,94.81
Tue Nov 26 13:12:41 2019,dust,0.58,54.77,93.46,,normal,0.64,60.83,94.77
Tue Nov 26 13:12:42 2019,dust,0.58,54.34,93.4,,normal,0.64,60.97,94.07
Tue Nov 26 13:12:43 2019,dust,0.57,53.95,93.35,,normal,0.62,59.2,93.98
Tue Nov 26 13:12:44 2019,dust,0.55,51.57,93.25,,normal,0.61,56.8,93.09
Tue Nov 26 13:12:45 2019,dust,0.49,46.46,93.29,,normal,0.6,55.99,92.98
Tue Nov 26 13:12:46 2019,dust,0.52,49.1,93.09,,normal,0.59,55.27,92.96
Tue Nov 26 13:12:47 2019,dust,0.55,51.31,92.79,,normal,0.6,56.76,93.72
Tue Nov 26 13:12:48 2019,dust,0.55,51.83,92.92,,normal,0.63,59.29,93.87
Tue Nov 26 13:12:49 2019,dust,0.57,53.69,92.66,,normal,0.64,61.42,94.71
Tue Nov 26 13:12:50 2019,dust,0.59,55.03,93.09,,normal,0.64,61.38,95.12
Tue Nov 26 13:12:51 2019,dust,0.63,59.32,93.23,,normal,0.66,61.97,92.69
Tue Nov 26 13:12:52 2019,dust,0.59,55.77,93.44,,normal,0.66,61.83,92.68
Tue Nov 26 13:12:53 2019,dust,0.59,55.38,93.45,,normal,0.65,61.92,94.78
Tue Nov 26 13:12:54 2019,dust,0.58,55.12,93.45,,normal,0.64,61.51,94.8
Tue Nov 26 13:12:55 2019,dust,0.6,55.77,91.96,,normal,0.64,61.38,95.14
Tue Nov 26 13:12:56 2019,dust,0.6,55.42,92.01,,normal,0.65,61.69,94.43
Tue Nov 26 13:12:57 2019,dust,0.63,58.54,92.52,,normal,0.64,61.29,94.43
Tue Nov 26 13:12:58 2019,dust,0.6,56.59,92.8,,normal,0.66,62.37,94.49