,Condition,Date/Time,current,power,voltage,,,current,power,voltage
0,normal,Tue Nov 26 12:20:43 2019,0.79,11.07,13.95,,,0.7,10.03,14.16
1,normal,Tue Nov 26 12:20:44 2019,0.81,11.32,13.93,,,0.7,10.03,14.16
2,normal,Tue Nov 26 12:20:45 2019,0.85,11.95,13.94,,,0.69,9.9,14.16
3,normal,Tue Nov 26 12:20:46 2019,0.85,11.95,13.93,,,0.7,10.03,14.16
4,normal,Tue Nov 26 12:20:47 2019,0.86,12.07,13.94,,,0.7,10.03,14.16
5,normal,Tue Nov 26 12:20:48 2019,0.85,11.95,13.93,,,0.71,10.16,14.15
6,normal,Tue Nov 26 12:20:49 2019,0.79,11.07,13.93,,,0.7,10.03,14.16
7,normal,Tue Nov 26 12:20:50 2019,0.86,12.06,13.94,,,0.7,10.03,14.16
8,normal,Tue Nov 26 12:20:51 2019,0.86,12.06,13.94,,,0.69,9.9,14.16
9,normal,Tue Nov 26 12:20:52 2019,0.86,12.07,13.95,,,0.7,10.03,14.17
10,normal,Tue Nov 26 12:20:53 2019,0.8,11.18,13.94,,,0.7,10.03,14.16
11,normal,Tue Nov 26 12:20:54 2019,0.86,12.07,13.95,,,0.7,9.9,14.15
12,normal,Tue Nov 26 12:20:55 2019,0.8,11.19,13.95,,,0.7,10.03,14.15
13,normal,Tue Nov 26 12:20:56 2019,0.8,11.19,13.95,,,0.71,10.17,14.16
14,normal,Tue Nov 26 12:20:57 2019,0.81,11.32,13.97,,,0.7,10.04,14.18
15,normal,Tue Nov 26 12:20:58 2019,0.87,12.2,13.94,,,0.7,10.04,14.16
16,normal,Tue Nov 26 12:20:59 2019,0.8,11.19,13.95,,,0.7,10.04,14.16
17,normal,Tue Nov 26 12:21:00 2019,0.8,11.19,13.95,,,0.71,10.16,14.17
18,normal,Tue Nov 26 12:21:01 2019,0.81,11.32,13.94,,,0.7,10.03,14.17
19,normal,Tue Nov 26 12:21:02 2019,0.86,12.07,13.94,,,0.7,10.03,14.16
20,normal,Tue Nov 26 12:21:03 2019,0.88,12.32,13.95,,,0.71,10.17,14.17
21,normal,Tue Nov 26 12:21:04 2019,0.86,12.07,13.94,,,0.71,10.16,14.17
22,normal,Tue Nov 26 12:21:05 2019,0.86,12.07,13.95,,,0.7,10.03,14.16
23,normal,Tue Nov 26 12:21:06 2019,0.8,11.19,13.94,,,0.7,10.04,14.16
24,normal,Tue Nov 26 12:21:07 2019,0.81,11.32,13.94,,,0.7,10.04,14.16
25,normal,Tue Nov 26 12:21:08 2019,0.82,11.57,13.95,,,0.7,10.03,14.15
26,normal,Tue Nov 26 12:21:09 2019,0.79,11.07,13.95,,,0.69,9.9,14.16
27,normal,Tue Nov 26 12:21:10 2019,0.84,11.82,13.94,,,0.69,9.9,14.16
28,normal,Tue Nov 26 12:21:11 2019,0.78,10.94,13.94,,,0.69,9.78,14.16
29,normal,Tue Nov 26 12:21:12 2019,0.79,11.07,13.94,,,0.69,9.9,14.16
30,normal,Tue Nov 26 12:21:13 2019,0.87,12.2,13.95,,,0.69,9.9,14.16
31,normal,Tue Nov 26 12:21:14 2019,0.79,11.07,13.95,,,0.7,10.03,14.16
32,normal,Tue Nov 26 12:21:15 2019,0.85,11.95,13.94,,,0.69,9.78,14.16
33,normal,Tue Nov 26 12:21:16 2019,0.76,10.69,13.91,,,0.68,9.66,14.15
34,normal,Tue Nov 26 12:21:17 2019,0.76,10.69,13.95,,,0.67,9.52,14.15
35,normal,Tue Nov 26 12:21:18 2019,0.78,10.94,13.94,,,0.66,9.39,14.15
36,normal,Tue Nov 26 12:21:19 2019,0.76,10.68,13.92,,,0.62,8.88,14.15
37,normal,Tue Nov 26 12:21:20 2019,0.73,10.3,13.93,,,0.6,8.62,14.15
38,normal,Tue Nov 26 12:21:21 2019,0.72,10.05,13.92,,,0.6,8.49,14.14
39,normal,Tue Nov 26 12:21:22 2019,0.7,9.81,13.98,,,0.59,8.36,14.14
40,normal,Tue Nov 26 12:21:23 2019,0.71,9.93,13.93,,,0.58,8.23,14.13
41,normal,Tue Nov 26 12:21:24 2019,0.71,9.93,13.92,,,0.57,8.1,14.11
42,normal,Tue Nov 26 12:21:25 2019,0.63,8.79,13.92,,,0.58,8.23,14.14
43,normal,Tue Nov 26 12:21:26 2019,0.69,9.67,13.91,,,0.57,8.1,14.12
44,normal,Tue Nov 26 12:21:27 2019,0.69,9.68,13.9,,,0.56,7.97,14.12
45,normal,Tue Nov 26 12:21:28 2019,0.67,9.42,13.91,,,0.55,7.84,14.1
46,normal,Tue Nov 26 12:21:29 2019,0.66,9.3,13.91,,,0.55,7.84,14.12
47,normal,Tue Nov 26 12:21:30 2019,0.6,8.42,13.9,,,0.54,7.72,14.1
48,normal,Tue Nov 26 12:21:31 2019,0.67,9.42,13.89,,,0.55,7.84,14.12
49,normal,Tue Nov 26 12:21:33 2019,0.59,8.29,13.9,,,0.54,7.71,14.09
50,normal,Tue Nov 26 12:21:34 2019,0.56,7.91,13.91,,,0.53,7.59,14.11
51,normal,Tue Nov 26 12:21:35 2019,0.55,7.66,13.9,,,0.52,7.33,14.09
52,normal,Tue Nov 26 12:21:36 2019,0.59,8.29,13.88,,,0.51,7.2,14.1
53,normal,Tue Nov 26 12:21:37 2019,0.58,8.17,13.88,,,0.49,6.94,14.1
54,normal,Tue Nov 26 12:21:38 2019,0.57,7.91,13.87,,,0.49,6.94,14.1
55,normal,Tue Nov 26 12:21:39 2019,0.51,7.16,13.88,,,0.46,6.55,14.07
56,normal,Tue Nov 26 12:21:40 2019,0.47,6.53,13.86,,,0.46,6.55,14.08
57,normal,Tue Nov 26 12:21:41 2019,0.53,7.41,13.88,,,0.44,6.29,14.08
58,normal,Tue Nov 26 12:21:42 2019,0.46,6.4,13.87,,,0.42,6.03,14.07
59,normal,Tue Nov 26 12:21:43 2019,0.46,6.4,13.87,,,0.43,6.16,14.06
60,normal,Tue Nov 26 12:21:44 2019,0.43,6.02,13.87,,,0.41,5.91,14.08
61,normal,Tue Nov 26 12:21:45 2019,0.41,5.77,13.85,,,0.42,5.91,14.06
62,normal,Tue Nov 26 12:21:46 2019,0.49,6.9,13.85,,,0.41,5.78,14.05
63,normal,Tue Nov 26 12:21:47 2019,0.49,6.9,13.87,,,0.41,5.78,14.07
64,normal,Tue Nov 26 12:21:48 2019,0.48,6.78,13.87,,,0.42,5.91,14.06
65,normal,Tue Nov 26 12:21:49 2019,0.44,6.15,13.86,,,0.42,5.91,14.06
66,normal,Tue Nov 26 12:21:50 2019,0.46,6.4,13.87,,,0.42,5.91,14.07
67,normal,Tue Nov 26 12:21:51 2019,0.45,6.27,13.85,,,0.42,6.03,14.06
68,normal,Tue Nov 26 12:21:52 2019,0.46,6.4,13.88,,,0.43,6.16,14.07
69,normal,Tue Nov 26 12:21:53 2019,0.48,6.77,13.85,,,0.46,6.55,14.09
70,normal,Tue Nov 26 12:21:54 2019,0.5,7.03,13.88,,,0.46,6.55,14.08
71,normal,Tue Nov 26 12:21:55 2019,0.58,8.16,13.87,,,0.48,6.81,14.1
72,normal,Tue Nov 26 12:21:56 2019,0.6,8.41,13.88,,,0.49,6.94,14.12
73,normal,Tue Nov 26 12:21:57 2019,0.58,8.16,13.88,,,0.48,6.81,14.1
74,normal,Tue Nov 26 12:21:58 2019,0.55,7.66,13.86,,,0.47,6.68,14.08
75,normal,Tue Nov 26 12:21:59 2019,0.53,7.41,13.86,,,0.45,6.42,14.06
76,normal,Tue Nov 26 12:22:00 2019,0.56,7.78,13.85,,,0.45,6.43,14.08
77,normal,Tue Nov 26 12:22:01 2019,0.59,8.28,13.89,,,0.49,6.93,14.11
78,normal,Tue Nov 26 12:22:02 2019,0.64,8.91,13.9,,,0.52,7.45,14.12
79,normal,Tue Nov 26 12:22:03 2019,0.67,9.42,13.91,,,0.54,7.71,14.1
80,normal,Tue Nov 26 12:22:04 2019,0.67,9.42,13.89,,,0.55,7.84,14.11
81,normal,Tue Nov 26 12:22:05 2019,0.67,9.42,13.9,,,0.55,7.84,14.12
82,normal,Tue Nov 26 12:22:06 2019,0.67,9.42,13.9,,,0.55,7.84,14.11
83,normal,Tue Nov 26 12:22:07 2019,0.67,9.42,13.91,,,0.57,8.1,14.11
84,normal,Tue Nov 26 12:22:08 2019,0.7,9.79,13.92,,,0.58,8.23,14.13
85,normal,Tue Nov 26 12:22:09 2019,0.73,10.3,13.93,,,0.6,8.48,14.12
86,normal,Tue Nov 26 12:22:10 2019,0.66,9.3,13.93,,,0.6,8.61,14.13
87,normal,Tue Nov 26 12:22:11 2019,0.68,9.55,13.92,,,0.61,8.74,14.12
88,normal,Tue Nov 26 12:22:12 2019,0.76,10.68,13.93,,,0.62,8.87,14.12
89,normal,Tue Nov 26 12:22:13 2019,0.74,10.43,13.92,,,0.62,8.87,14.15
90,normal,Tue Nov 26 12:22:14 2019,0.7,9.8,13.93,,,0.63,9,14.14
91,normal,Tue Nov 26 12:22:15 2019,0.74,10.43,13.93,,,0.62,8.87,14.15
92,normal,Tue Nov 26 12:22:16 2019,0.71,9.93,13.94,,,0.63,9,14.16
93,normal,Tue Nov 26 12:22:17 2019,0.68,9.55,13.92,,,0.62,8.88,14.14
94,normal,Tue Nov 26 12:22:18 2019,0.68,9.55,13.91,,,0.61,8.74,14.14
95,normal,Tue Nov 26 12:22:19 2019,0.66,9.3,13.89,,,0.6,8.61,14.13
96,normal,Tue Nov 26 12:22:20 2019,0.71,9.92,13.88,,,0.6,8.49,14.14
97,normal,Tue Nov 26 12:22:21 2019,0.64,8.92,13.91,,,0.59,8.35,14.12
98,normal,Tue Nov 26 12:22:22 2019,0.69,9.67,13.89,,,0.58,8.23,14.12
99,normal,Tue Nov 26 12:22:23 2019,0.63,8.79,13.91,,,0.57,8.1,14.13
100,normal,Tue Nov 26 12:22:24 2019,0.63,8.79,13.9,,,0.58,8.23,14.12
101,normal,Tue Nov 26 12:22:25 2019,0.64,8.92,13.93,,,0.58,8.23,14.13
102,normal,Tue Nov 26 12:22:26 2019,0.65,9.05,13.91,,,0.58,8.23,14.13
103,normal,Tue Nov 26 12:22:27 2019,0.7,9.8,13.92,,,0.58,8.23,14.13
104,normal,Tue Nov 26 12:22:28 2019,0.65,9.17,13.92,,,0.59,8.35,14.15
105,normal,Tue Nov 26 12:22:29 2019,0.65,9.17,13.93,,,0.6,8.49,14.14
106,normal,Tue Nov 26 12:22:30 2019,0.73,10.18,13.92,,,0.61,8.62,14.13
107,normal,Tue Nov 26 12:22:31 2019,0.74,10.3,13.92,,,0.6,8.61,14.13
108,normal,Tue Nov 26 12:22:32 2019,0.75,10.43,13.91,,,0.61,8.74,14.14
109,normal,Tue Nov 26 12:22:33 2019,0.74,10.42,13.92,,,0.61,8.75,14.12
110,normal,Tue Nov 26 12:22:34 2019,0.75,10.55,13.93,,,0.62,8.88,14.14
111,normal,Tue Nov 26 12:22:35 2019,0.7,9.8,13.93,,,0.62,8.88,14.14
112,normal,Tue Nov 26 12:22:36 2019,0.77,10.81,13.92,,,0.63,9,14.14
113,normal,Tue Nov 26 12:22:37 2019,0.77,10.81,13.92,,,0.64,9.13,14.14
114,normal,Tue Nov 26 12:22:38 2019,0.72,10.05,13.92,,,0.64,9.13,14.14
115,normal,Tue Nov 26 12:22:39 2019,0.7,9.8,13.92,,,0.64,9.13,14.14
116,normal,Tue Nov 26 12:22:40 2019,0.69,9.67,13.93,,,0.63,9,14.15
117,normal,Tue Nov 26 12:22:41 2019,0.71,9.93,13.93,,,0.63,9,14.16
118,normal,Tue Nov 26 12:22:42 2019,0.78,10.94,13.92,,,0.63,9,14.14
119,normal,Tue Nov 26 12:22:43 2019,0.77,10.81,13.93,,,0.63,9,14.14
120,normal,Tue Nov 26 12:22:44 2019,0.77,10.81,13.93,,,0.64,9.13,14.16
121,normal,Tue Nov 26 12:22:45 2019,0.76,10.68,13.93,,,0.64,9.13,14.15
122,normal,Tue Nov 26 12:22:46 2019,0.7,9.8,13.92,,,0.64,9.13,14.13
123,normal,Tue Nov 26 12:22:47 2019,0.77,10.81,13.94,,,0.64,9.13,14.14
124,normal,Tue Nov 26 12:22:48 2019,0.72,10.06,13.93,,,0.65,9.26,14.14
125,normal,Tue Nov 26 12:22:49 2019,0.78,10.93,13.93,,,0.63,9,14.15
126,normal,Tue Nov 26 12:22:50 2019,0.71,9.93,13.93,,,0.65,9.27,14.15
127,normal,Tue Nov 26 12:22:51 2019,0.78,10.93,13.93,,,0.63,9,14.15
128,normal,Tue Nov 26 12:22:52 2019,0.77,10.81,13.92,,,0.63,9,14.14
129,normal,Tue Nov 26 12:22:53 2019,0.76,10.68,13.92,,,0.63,9,14.15
130,normal,Tue Nov 26 12:22:54 2019,0.75,10.55,13.93,,,0.62,8.88,14.16
131,normal,Tue Nov 26 12:22:55 2019,0.75,10.55,13.92,,,0.62,8.88,14.15
132,normal,Tue Nov 26 12:22:56 2019,0.75,10.55,13.93,,,0.62,8.88,14.15
133,normal,Tue Nov 26 12:22:57 2019,0.75,10.56,13.91,,,0.61,8.75,14.14
134,normal,Tue Nov 26 12:22:58 2019,0.76,10.69,13.94,,,0.62,8.88,14.14
135,normal,Tue Nov 26 12:22:59 2019,0.77,10.81,13.93,,,0.64,9.13,14.15
136,normal,Tue Nov 26 12:23:00 2019,0.77,10.81,13.93,,,0.63,9,14.15
137,normal,Tue Nov 26 12:23:01 2019,0.79,11.06,13.91,,,0.64,9.13,14.15
138,normal,Tue Nov 26 12:23:02 2019,0.72,10.06,13.93,,,0.64,9.13,14.15
139,normal,Tue Nov 26 12:23:03 2019,0.77,10.81,13.93,,,0.64,9.13,14.15
140,normal,Tue Nov 26 12:23:04 2019,0.78,10.94,13.93,,,0.64,9.13,14.15
141,normal,Tue Nov 26 12:23:05 2019,0.78,10.94,13.93,,,0.65,9.26,14.15
142,normal,Tue Nov 26 12:23:06 2019,0.81,11.31,13.93,,,0.66,9.4,14.16
143,normal,Tue Nov 26 12:23:07 2019,0.74,10.31,13.91,,,0.67,9.52,14.16
144,normal,Tue Nov 26 12:23:08 2019,0.79,11.06,13.92,,,0.65,9.26,14.15
145,normal,Tue Nov 26 12:23:09 2019,0.73,10.3,13.93,,,0.65,9.27,14.15
146,normal,Tue Nov 26 12:23:10 2019,0.8,11.19,13.94,,,0.64,9.13,14.15
147,normal,Tue Nov 26 12:23:11 2019,0.79,11.06,13.93,,,0.65,9.27,14.15
148,normal,Tue Nov 26 12:23:12 2019,0.82,11.44,13.93,,,0.65,9.27,14.15
149,normal,Tue Nov 26 12:23:13 2019,0.81,11.32,13.93,,,0.67,9.53,14.16
150,normal,Tue Nov 26 12:23:15 2019,0.74,10.44,13.95,,,0.66,9.39,14.16
151,normal,Tue Nov 26 12:23:16 2019,0.82,11.57,13.95,,,0.67,9.53,14.16
152,normal,Tue Nov 26 12:23:17 2019,0.83,11.57,13.93,,,0.67,9.53,14.16
153,normal,Tue Nov 26 12:23:18 2019,0.82,11.44,13.93,,,0.67,9.53,14.16
154,normal,Tue Nov 26 12:23:19 2019,0.81,11.32,13.94,,,0.67,9.53,14.16
155,normal,Tue Nov 26 12:23:20 2019,0.81,11.32,13.94,,,0.66,9.4,14.16
156,normal,Tue Nov 26 12:23:21 2019,0.8,11.19,13.94,,,0.66,9.4,14.16
157,normal,Tue Nov 26 12:23:22 2019,0.81,11.31,13.94,,,0.66,9.4,14.14
158,normal,Tue Nov 26 12:23:23 2019,0.76,10.69,13.95,,,0.67,9.53,14.16
159,normal,Tue Nov 26 12:23:24 2019,0.83,11.57,13.94,,,0.68,9.66,14.16
160,normal,Tue Nov 26 12:23:25 2019,0.75,10.56,13.93,,,0.66,9.39,14.17
161,normal,Tue Nov 26 12:23:26 2019,0.81,11.32,13.93,,,0.67,9.52,14.16
162,normal,Tue Nov 26 12:23:27 2019,0.81,11.32,13.95,,,0.66,9.4,14.16
163,normal,Tue Nov 26 12:23:28 2019,0.75,10.56,13.93,,,0.66,9.4,14.15
164,normal,Tue Nov 26 12:23:29 2019,0.74,10.44,13.93,,,0.67,9.53,14.16
165,normal,Tue Nov 26 12:23:30 2019,0.74,10.44,13.93,,,0.66,9.39,14.16
166,normal,Tue Nov 26 12:23:31 2019,0.81,11.32,13.94,,,0.66,9.4,14.15
167,normal,Tue Nov 26 12:23:32 2019,0.75,10.56,13.94,,,0.66,9.4,14.16
168,normal,Tue Nov 26 12:23:33 2019,0.83,11.57,13.93,,,0.67,9.53,14.16
169,normal,Tue Nov 26 12:23:34 2019,0.74,10.44,13.93,,,0.67,9.53,14.16
170,normal,Tue Nov 26 12:23:35 2019,0.72,10.06,13.92,,,0.65,9.27,14.16
171,normal,Tue Nov 26 12:23:36 2019,0.77,10.81,13.93,,,0.64,9.13,14.16
172,normal,Tue Nov 26 12:23:37 2019,0.75,10.55,13.93,,,0.62,8.88,14.16
173,normal,Tue Nov 26 12:23:38 2019,0.67,9.43,13.92,,,0.61,8.62,14.14
174,normal,Tue Nov 26 12:23:39 2019,0.72,10.05,13.93,,,0.61,8.62,14.13
175,normal,Tue Nov 26 12:23:40 2019,0.66,9.3,13.92,,,0.6,8.5,14.14
176,normal,Tue Nov 26 12:23:41 2019,0.65,9.05,13.93,,,0.59,8.36,14.14
177,normal,Tue Nov 26 12:23:42 2019,0.72,10.06,13.93,,,0.59,8.37,14.14
178,normal,Tue Nov 26 12:23:43 2019,0.72,10.06,13.94,,,0.59,8.37,14.13
179,normal,Tue Nov 26 12:23:44 2019,0.64,9.05,13.93,,,0.59,8.36,14.13
180,normal,Tue Nov 26 12:23:45 2019,0.62,8.67,13.92,,,0.57,8.1,14.13
181,normal,Tue Nov 26 12:23:46 2019,0.61,8.54,13.91,,,0.55,7.85,14.12
182,normal,Tue Nov 26 12:23:47 2019,0.57,8.04,13.91,,,0.54,7.72,14.13
183,normal,Tue Nov 26 12:23:48 2019,0.64,8.92,13.9,,,0.52,7.46,14.12
184,normal,Tue Nov 26 12:23:49 2019,0.64,8.93,13.91,,,0.52,7.47,14.11
185,normal,Tue Nov 26 12:23:50 2019,0.65,9.17,13.92,,,0.53,7.59,14.12
186,normal,Tue Nov 26 12:23:51 2019,0.6,8.42,13.91,,,0.56,7.97,14.14
187,normal,Tue Nov 26 12:23:52 2019,0.7,9.8,13.92,,,0.58,8.23,14.16
188,normal,Tue Nov 26 12:23:53 2019,0.74,10.31,13.91,,,0.59,8.36,14.15
189,normal,Tue Nov 26 12:23:54 2019,0.71,9.93,13.93,,,0.61,8.62,14.14
190,normal,Tue Nov 26 12:23:55 2019,0.79,11.07,13.94,,,0.64,9.14,14.16
191,normal,Tue Nov 26 12:23:56 2019,0.77,10.81,13.94,,,0.67,9.53,14.15
192,normal,Tue Nov 26 12:23:57 2019,0.85,11.95,13.95,,,0.7,9.91,14.14
193,normal,Tue Nov 26 12:23:58 2019,0.81,11.32,13.95,,,0.7,10.04,14.17
194,normal,Tue Nov 26 12:23:59 2019,0.82,11.44,13.94,,,0.71,10.17,14.18
195,normal,Tue Nov 26 12:24:00 2019,0.82,11.57,13.96,,,0.72,10.3,14.16
196,normal,Tue Nov 26 12:24:01 2019,0.89,12.45,13.96,,,0.71,10.17,14.18
197,normal,Tue Nov 26 12:24:02 2019,0.82,11.57,13.95,,,0.73,10.43,14.18
198,normal,Tue Nov 26 12:24:03 2019,0.89,12.45,13.95,,,0.73,10.43,14.18
199,normal,Tue Nov 26 12:24:04 2019,0.91,12.71,13.96,,,0.73,10.43,14.18
200,normal,Tue Nov 26 12:24:05 2019,0.91,12.7,13.96,,,0.74,10.56,14.18
201,normal,Tue Nov 26 12:24:06 2019,0.85,11.95,13.96,,,0.73,10.44,14.19
202,normal,Tue Nov 26 12:24:07 2019,0.85,11.95,13.96,,,0.74,10.56,14.19
203,normal,Tue Nov 26 12:24:08 2019,0.92,12.96,13.95,,,0.74,10.56,14.18
204,normal,Tue Nov 26 12:24:09 2019,0.83,11.69,13.96,,,0.73,10.43,14.19
205,normal,Tue Nov 26 12:24:10 2019,0.85,11.96,13.96,,,0.73,10.43,14.2
206,normal,Tue Nov 26 12:24:11 2019,0.91,12.7,13.96,,,0.75,10.69,14.19
207,normal,Tue Nov 26 12:24:12 2019,0.84,11.82,13.95,,,0.73,10.43,14.19
208,normal,Tue Nov 26 12:24:13 2019,0.84,11.82,13.96,,,0.73,10.44,14.18
209,normal,Tue Nov 26 12:24:14 2019,0.91,12.84,13.96,,,0.73,10.44,14.18
210,normal,Tue Nov 26 12:24:15 2019,0.89,11.96,13.35,,,0.74,10.56,14.19
211,normal,Tue Nov 26 12:24:16 2019,0.95,12.84,13.39,,,0.74,10.56,14.19
212,normal,Tue Nov 26 12:24:17 2019,0.95,12.84,13.39,,,0.73,10.43,14.19
213,normal,Tue Nov 26 12:24:18 2019,0.96,12.96,13.4,,,0.73,10.44,14.18
214,normal,Tue Nov 26 12:24:19 2019,0.91,12.21,13.4,,,0.74,10.56,14.19
215,normal,Tue Nov 26 12:24:20 2019,0.89,11.96,13.4,,,0.74,10.56,14.19
216,normal,Tue Nov 26 12:24:21 2019,0.89,11.96,13.36,,,0.73,10.44,14.2
217,normal,Tue Nov 26 12:24:22 2019,0.89,11.96,13.41,,,0.73,10.44,14.21
218,normal,Tue Nov 26 12:24:23 2019,0.9,12.08,13.42,,,0.72,10.3,14.18
219,normal,Tue Nov 26 12:24:24 2019,0.88,11.83,13.38,,,0.72,10.31,14.19
220,normal,Tue Nov 26 12:24:25 2019,0.94,12.71,13.4,,,0.71,10.17,14.18
221,normal,Tue Nov 26 12:24:26 2019,0.88,11.83,13.4,,,0.72,10.31,14.18
222,normal,Tue Nov 26 12:24:27 2019,0.86,11.59,13.4,,,0.71,10.18,14.18
223,normal,Tue Nov 26 12:24:28 2019,0.94,12.59,13.39,,,0.7,10.04,14.17
224,normal,Tue Nov 26 12:24:29 2019,0.85,11.45,13.39,,,0.7,10.05,14.19
225,normal,Tue Nov 26 12:24:30 2019,0.83,11.2,13.41,,,0.69,9.91,14.17
226,normal,Tue Nov 26 12:24:31 2019,0.81,10.95,13.38,,,0.68,9.66,14.17
227,normal,Tue Nov 26 12:24:32 2019,0.81,10.95,13.4,,,0.64,9.14,14.16
228,normal,Tue Nov 26 12:24:33 2019,0.74,9.93,13.38,,,0.59,8.37,14.16
229,normal,Tue Nov 26 12:24:34 2019,0.62,8.68,13.94,,,0.51,7.33,14.13
230,normal,Tue Nov 26 12:24:35 2019,0.56,7.91,13.93,,,0.46,6.56,14.1
231,normal,Tue Nov 26 12:24:36 2019,0.49,6.91,13.89,,,0.45,6.43,14.1
232,normal,Tue Nov 26 12:24:37 2019,0.49,6.91,13.88,,,0.45,6.43,14.1
233,normal,Tue Nov 26 12:24:38 2019,0.57,7.92,13.89,,,0.45,6.43,14.11
234,normal,Tue Nov 26 12:24:39 2019,0.57,7.91,13.89,,,0.46,6.56,14.1
235,normal,Tue Nov 26 12:24:40 2019,0.59,8.29,13.91,,,0.48,6.82,14.1
236,normal,Tue Nov 26 12:24:41 2019,0.61,8.55,13.9,,,0.48,6.82,14.13
237,normal,Tue Nov 26 12:24:42 2019,0.57,8.04,13.91,,,0.51,7.2,14.12
238,normal,Tue Nov 26 12:24:43 2019,0.59,8.3,13.91,,,0.52,7.46,14.13
239,normal,Tue Nov 26 12:24:44 2019,0.62,8.68,13.92,,,0.54,7.72,14.14
240,normal,Tue Nov 26 12:24:45 2019,0.65,9.05,13.93,,,0.57,8.11,14.15
241,normal,Tue Nov 26 12:24:46 2019,0.67,9.43,13.93,,,0.59,8.37,14.16
242,normal,Tue Nov 26 12:24:47 2019,0.72,10.06,13.93,,,0.6,8.62,14.15
243,normal,Tue Nov 26 12:24:48 2019,0.78,10.94,13.93,,,0.63,9.01,14.15
244,normal,Tue Nov 26 12:24:49 2019,0.77,10.81,13.95,,,0.65,9.27,14.16
245,normal,Tue Nov 26 12:24:50 2019,0.84,11.82,13.95,,,0.68,9.66,14.16
246,normal,Tue Nov 26 12:24:51 2019,0.81,11.32,13.96,,,0.68,9.66,14.17
247,normal,Tue Nov 26 12:24:52 2019,0.88,12.33,13.96,,,0.69,9.79,14.18
248,normal,Tue Nov 26 12:24:53 2019,0.83,11.58,13.95,,,0.7,10.04,14.19
249,normal,Tue Nov 26 12:24:54 2019,0.82,11.45,13.95,,,0.7,10.05,14.18
250,normal,Tue Nov 26 12:24:55 2019,0.89,12.46,13.94,,,0.7,10.05,14.19
251,normal,Tue Nov 26 12:24:56 2019,0.84,11.83,13.96,,,0.7,10.05,14.19
252,normal,Tue Nov 26 12:24:57 2019,0.91,12.84,13.96,,,0.71,10.18,14.18
253,normal,Tue Nov 26 12:24:58 2019,0.85,11.96,13.97,,,0.71,10.18,14.18
254,normal,Tue Nov 26 12:24:59 2019,0.86,12.08,13.96,,,0.72,10.3,14.18
255,normal,Tue Nov 26 12:25:00 2019,0.93,13.09,13.94,,,0.74,10.56,14.19
256,normal,Tue Nov 26 12:25:01 2019,0.93,13.09,13.96,,,0.73,10.44,14.19
257,normal,Tue Nov 26 12:25:02 2019,0.94,13.21,13.97,,,0.74,10.56,14.19
258,normal,Tue Nov 26 12:25:04 2019,0.88,12.33,13.96,,,0.73,10.44,14.19
259,normal,Tue Nov 26 12:25:05 2019,0.88,12.34,13.99,,,0.74,10.56,14.19
260,normal,Tue Nov 26 12:25:06 2019,0.88,12.33,13.97,,,0.74,10.57,14.18
261,normal,Tue Nov 26 12:25:07 2019,0.89,12.46,13.97,,,0.73,10.44,14.19
262,normal,Tue Nov 26 12:25:08 2019,0.92,12.96,13.97,,,0.73,10.44,14.19
263,normal,Tue Nov 26 12:25:09 2019,0.94,13.21,13.97,,,0.73,10.44,14.18
264,normal,Tue Nov 26 12:25:10 2019,0.94,13.21,13.96,,,0.75,10.69,14.18
265,normal,Tue Nov 26 12:25:11 2019,0.87,12.21,13.97,,,0.73,10.44,14.2
266,normal,Tue Nov 26 12:25:12 2019,0.94,13.23,13.98,,,0.74,10.56,14.2
267,normal,Tue Nov 26 12:25:13 2019,0.94,13.23,13.96,,,0.74,10.56,14.19
268,normal,Tue Nov 26 12:25:14 2019,0.93,13.09,13.98,,,0.74,10.56,14.18
269,normal,Tue Nov 26 12:25:15 2019,0.87,12.22,13.96,,,0.73,10.44,14.19
270,normal,Tue Nov 26 12:25:16 2019,0.88,12.33,13.99,,,0.73,10.44,14.19
271,normal,Tue Nov 26 12:25:17 2019,0.93,13.1,13.97,,,0.73,10.44,14.22
272,normal,Tue Nov 26 12:25:18 2019,0.94,13.21,13.97,,,0.73,10.44,14.19
273,normal,Tue Nov 26 12:25:19 2019,0.88,12.33,13.97,,,0.74,10.56,14.18
274,normal,Tue Nov 26 12:25:20 2019,0.88,12.34,13.97,,,0.73,10.44,14.2
275,normal,Tue Nov 26 12:25:21 2019,0.88,12.34,13.96,,,0.74,10.56,14.2
276,normal,Tue Nov 26 12:25:22 2019,0.96,13.48,13.96,,,0.73,10.44,14.18
277,normal,Tue Nov 26 12:25:23 2019,0.88,12.34,13.96,,,0.73,10.44,14.21
278,normal,Tue Nov 26 12:25:24 2019,0.89,12.46,13.96,,,0.73,10.44,14.19
279,normal,Tue Nov 26 12:25:25 2019,0.89,12.47,13.97,,,0.73,10.44,14.19
280,normal,Tue Nov 26 12:25:26 2019,0.88,12.34,13.96,,,0.73,10.44,14.19
281,normal,Tue Nov 26 12:25:27 2019,0.89,12.47,13.96,,,0.73,10.44,14.19
282,normal,Tue Nov 26 12:25:28 2019,0.88,12.34,13.98,,,0.73,10.44,14.19
283,normal,Tue Nov 26 12:25:29 2019,0.9,12.6,13.96,,,0.73,10.44,14.19
284,normal,Tue Nov 26 12:25:30 2019,0.88,12.34,13.98,,,0.73,10.44,14.19
285,normal,Tue Nov 26 12:25:31 2019,0.95,13.35,13.96,,,0.72,10.31,14.19
286,normal,Tue Nov 26 12:25:32 2019,0.89,12.47,13.97,,,0.74,10.57,14.18
287,normal,Tue Nov 26 12:25:33 2019,0.89,12.47,13.99,,,0.73,10.44,14.19
288,normal,Tue Nov 26 12:25:34 2019,0.91,12.72,13.96,,,0.74,10.56,14.2
289,normal,Tue Nov 26 12:25:35 2019,0.96,13.47,13.99,,,0.74,10.57,14.2
290,normal,Tue Nov 26 12:25:36 2019,0.96,13.48,13.99,,,0.73,10.44,14.2
291,normal,Tue Nov 26 12:25:37 2019,0.95,13.35,13.98,,,0.74,10.56,14.18
292,normal,Tue Nov 26 12:25:38 2019,0.95,13.35,13.98,,,0.74,10.57,14.18
293,normal,Tue Nov 26 12:25:39 2019,0.89,12.47,13.95,,,0.74,10.57,14.19
294,normal,Tue Nov 26 12:25:40 2019,0.95,13.35,13.96,,,0.74,10.57,14.19
295,normal,Tue Nov 26 12:25:41 2019,0.91,12.72,13.97,,,0.73,10.44,14.19
296,normal,Tue Nov 26 12:25:42 2019,0.96,13.48,13.97,,,0.73,10.44,14.19
297,normal,Tue Nov 26 12:25:43 2019,1,13.48,13.35,,,0.72,10.31,14.19
298,normal,Tue Nov 26 12:25:44 2019,0.95,12.85,13.41,,,0.73,10.44,14.19
299,normal,Tue Nov 26 12:25:45 2019,1.01,13.6,13.4,,,0.74,10.57,14.19
300,normal,Tue Nov 26 12:25:46 2019,0.96,12.97,13.4,,,0.74,10.56,14.19
301,normal,Tue Nov 26 12:25:47 2019,1.02,13.73,13.4,,,0.74,10.57,14.21
302,normal,Tue Nov 26 12:25:48 2019,0.95,12.85,13.42,,,0.74,10.57,14.19
303,normal,Tue Nov 26 12:25:49 2019,0.96,12.97,13.42,,,0.74,10.57,14.2
304,normal,Tue Nov 26 12:25:50 2019,1.02,13.73,13.4,,,0.74,10.57,14.2
305,normal,Tue Nov 26 12:25:51 2019,1.03,13.87,13.41,,,0.73,10.44,14.19
306,normal,Tue Nov 26 12:25:52 2019,1.03,13.87,13.41,,,0.73,10.44,14.2
307,normal,Tue Nov 26 12:25:53 2019,1.02,13.74,13.41,,,0.72,10.32,14.19
308,normal,Tue Nov 26 12:25:54 2019,1,13.48,13.39,,,0.72,10.32,14.2
309,normal,Tue Nov 26 12:25:55 2019,1,13.49,13.42,,,0.7,10.05,14.19
310,normal,Tue Nov 26 12:25:56 2019,0.91,12.22,13.41,,,0.69,9.79,14.18
311,normal,Tue Nov 26 12:25:57 2019,0.94,12.72,13.42,,,0.69,9.8,14.19
312,normal,Tue Nov 26 12:25:58 2019,0.91,12.22,13.41,,,0.66,9.41,14.18
313,normal,Tue Nov 26 12:25:59 2019,0.91,12.22,13.4,,,0.65,9.28,14.18
314,normal,Tue Nov 26 12:26:00 2019,0.83,11.21,13.4,,,0.66,9.4,14.17
315,normal,Tue Nov 26 12:26:01 2019,0.91,12.22,13.4,,,0.65,9.28,14.19
316,normal,Tue Nov 26 12:26:02 2019,0.91,12.22,13.41,,,0.66,9.41,14.16
317,normal,Tue Nov 26 12:26:03 2019,0.94,12.6,13.39,,,0.68,9.66,14.18
318,normal,Tue Nov 26 12:26:04 2019,0.89,11.97,13.4,,,0.68,9.67,14.19
319,normal,Tue Nov 26 12:26:05 2019,0.9,12.09,13.43,,,0.69,9.79,14.18
320,normal,Tue Nov 26 12:26:06 2019,0.93,12.47,13.41,,,0.71,10.18,14.18
321,normal,Tue Nov 26 12:26:07 2019,0.94,12.73,13.42,,,0.72,10.32,14.19
322,normal,Tue Nov 26 12:26:08 2019,0.95,12.72,13.38,,,0.72,10.32,14.2
323,normal,Tue Nov 26 12:26:09 2019,0.97,12.97,13.36,,,0.73,10.44,14.19
324,normal,Tue Nov 26 12:26:10 2019,0.96,12.98,13.41,,,0.73,10.44,14.19
325,normal,Tue Nov 26 12:26:11 2019,1.04,13.99,13.42,,,0.73,10.44,14.21
326,normal,Tue Nov 26 12:26:12 2019,0.98,13.24,13.42,,,0.74,10.56,14.2
327,normal,Tue Nov 26 12:26:13 2019,0.97,13.11,13.39,,,0.73,10.44,14.21
328,normal,Tue Nov 26 12:26:14 2019,0.98,13.24,13.4,,,0.73,10.44,14.19
329,normal,Tue Nov 26 12:26:15 2019,0.99,13.35,13.42,,,0.72,10.31,14.2
330,normal,Tue Nov 26 12:26:16 2019,0.97,13.11,13.41,,,0.74,10.57,14.17
331,normal,Tue Nov 26 12:26:17 2019,1.05,14.12,13.42,,,0.74,10.57,14.2
332,normal,Tue Nov 26 12:26:18 2019,0.98,13.24,13.42,,,0.73,10.44,14.21
333,normal,Tue Nov 26 12:26:19 2019,1.05,14.12,13.41,,,0.74,10.57,14.2
334,normal,Tue Nov 26 12:26:20 2019,0.98,13.25,13.42,,,0.73,10.44,14.19
335,normal,Tue Nov 26 12:26:21 2019,1,13.49,13.4,,,0.73,10.44,14.19
336,normal,Tue Nov 26 12:26:22 2019,1.05,14.12,13.41,,,0.74,10.57,14.2
337,normal,Tue Nov 26 12:26:23 2019,0.98,13.24,13.4,,,0.73,10.44,14.2
338,normal,Tue Nov 26 12:26:24 2019,0.98,13.24,13.41,,,0.74,10.57,14.19
339,normal,Tue Nov 26 12:26:25 2019,1.06,14.24,13.4,,,0.74,10.57,14.2
340,normal,Tue Nov 26 12:26:26 2019,0.99,13.36,13.4,,,0.73,10.44,14.21
341,normal,Tue Nov 26 12:26:27 2019,0.99,13.36,13.43,,,0.74,10.57,14.2
342,normal,Tue Nov 26 12:26:28 2019,1.03,13.87,13.4,,,0.73,10.44,14.2
343,normal,Tue Nov 26 12:26:29 2019,1,13.49,13.41,,,0.74,10.57,14.2
344,normal,Tue Nov 26 12:26:30 2019,1.06,14.24,13.4,,,0.73,10.44,14.2
345,normal,Tue Nov 26 12:26:31 2019,1.05,14.12,13.42,,,0.73,10.44,14.21
346,normal,Tue Nov 26 12:26:32 2019,0.99,13.36,13.42,,,0.73,10.44,14.2
347,normal,Tue Nov 26 12:26:33 2019,1.07,14.37,13.42,,,0.74,10.57,14.2
348,normal,Tue Nov 26 12:26:34 2019,0.99,13.36,13.42,,,0.73,10.44,14.2
349,normal,Tue Nov 26 12:26:35 2019,0.99,13.36,13.42,,,0.73,10.44,14.21
350,normal,Tue Nov 26 12:26:36 2019,1.07,14.37,13.43,,,0.73,10.44,14.21
351,normal,Tue Nov 26 12:26:37 2019,1.07,14.38,13.42,,,0.72,10.32,14.2
352,normal,Tue Nov 26 12:26:38 2019,1.07,14.37,13.4,,,0.73,10.45,14.23
353,normal,Tue Nov 26 12:26:39 2019,0.99,13.37,13.4,,,0.73,10.44,14.2
354,normal,Tue Nov 26 12:26:40 2019,1.08,14.5,13.42,,,0.74,10.57,14.2
355,normal,Tue Nov 26 12:26:41 2019,1,13.49,13.46,,,0.73,10.45,14.19
356,normal,Tue Nov 26 12:26:42 2019,1.07,14.37,13.41,,,0.75,10.7,14.2
357,normal,Tue Nov 26 12:26:43 2019,1.01,13.61,13.4,,,0.73,10.44,14.2
358,normal,Tue Nov 26 12:26:44 2019,1.08,14.5,13.42,,,0.73,10.44,14.21
359,normal,Tue Nov 26 12:26:45 2019,1,13.49,13.42,,,0.74,10.57,14.2
360,normal,Tue Nov 26 12:26:46 2019,1.08,14.5,13.42,,,0.74,10.58,14.21
361,normal,Tue Nov 26 12:26:47 2019,1.08,14.5,13.41,,,0.73,10.44,14.21
362,normal,Tue Nov 26 12:26:48 2019,1.01,13.61,13.42,,,0.75,10.7,14.2
363,normal,Tue Nov 26 12:26:49 2019,1.08,14.51,13.4,,,0.73,10.45,14.2
364,normal,Tue Nov 26 12:26:51 2019,1.01,13.62,13.42,,,0.74,10.57,14.18
365,normal,Tue Nov 26 12:26:52 2019,1.07,14.37,13.42,,,0.73,10.44,14.19
366,normal,Tue Nov 26 12:26:53 2019,1.01,13.61,13.42,,,0.73,10.44,14.21
367,normal,Tue Nov 26 12:26:54 2019,1,13.49,13.42,,,0.73,10.44,14.2
368,normal,Tue Nov 26 12:26:55 2019,1.08,14.5,13.42,,,0.74,10.57,14.18
369,normal,Tue Nov 26 12:26:56 2019,1.01,13.61,13.43,,,0.74,10.58,14.2
370,normal,Tue Nov 26 12:26:57 2019,1.01,13.62,13.43,,,0.73,10.44,14.21
371,normal,Tue Nov 26 12:26:58 2019,1.08,14.5,13.42,,,0.74,10.57,14.2
372,normal,Tue Nov 26 12:26:59 2019,1.09,14.63,13.43,,,0.74,10.57,14.21
373,normal,Tue Nov 26 12:27:00 2019,1.09,14.76,13.43,,,0.73,10.44,14.21
374,normal,Tue Nov 26 12:27:01 2019,1.01,13.62,13.39,,,0.73,10.44,14.21
375,normal,Tue Nov 26 12:27:02 2019,1.09,14.63,13.39,,,0.73,10.44,14.21
376,normal,Tue Nov 26 12:27:03 2019,1.05,14.12,13.43,,,0.74,10.58,14.19
377,normal,Tue Nov 26 12:27:04 2019,1.09,14.63,13.42,,,0.73,10.44,14.19
378,normal,Tue Nov 26 12:27:05 2019,1.02,13.74,13.42,,,0.74,10.58,14.21
379,normal,Tue Nov 26 12:27:06 2019,1.03,13.88,13.43,,,0.74,10.58,14.21
380,normal,Tue Nov 26 12:27:07 2019,1.03,13.88,13.41,,,0.72,10.32,14.2
381,normal,Tue Nov 26 12:27:08 2019,1.02,13.75,13.42,,,0.73,10.45,14.21
382,normal,Tue Nov 26 12:27:09 2019,1.08,14.5,13.41,,,0.74,10.58,14.2
383,normal,Tue Nov 26 12:27:10 2019,1.02,13.74,13.42,,,0.73,10.44,14.19
384,normal,Tue Nov 26 12:27:11 2019,1.09,14.63,13.43,,,0.73,10.45,14.21
385,normal,Tue Nov 26 12:27:12 2019,1.1,14.76,13.41,,,0.74,10.58,14.2
386,normal,Tue Nov 26 12:27:13 2019,1.09,14.75,13.42,,,0.73,10.45,14.19
387,normal,Tue Nov 26 12:27:14 2019,1.03,13.88,13.42,,,0.74,10.58,14.21
388,normal,Tue Nov 26 12:27:15 2019,1.1,14.76,13.42,,,0.74,10.57,14.21
389,normal,Tue Nov 26 12:27:16 2019,1.1,14.76,13.42,,,0.73,10.45,14.2
390,normal,Tue Nov 26 12:27:17 2019,1.03,13.88,13.42,,,0.73,10.45,14.21
391,normal,Tue Nov 26 12:27:18 2019,1.1,14.89,13.42,,,0.73,10.45,14.21
392,normal,Tue Nov 26 12:27:19 2019,1.03,13.88,13.43,,,0.73,10.45,14.17
393,normal,Tue Nov 26 12:27:20 2019,1.03,13.88,13.43,,,0.74,10.58,14.21
394,normal,Tue Nov 26 12:27:21 2019,1.1,14.77,13.42,,,0.74,10.58,14.21
395,normal,Tue Nov 26 12:27:22 2019,1.02,13.75,13.42,,,0.73,10.45,14.2
396,normal,Tue Nov 26 12:27:23 2019,1.03,13.88,13.45,,,0.73,10.45,14.2
397,normal,Tue Nov 26 12:27:24 2019,1.03,13.88,13.36,,,0.73,10.45,14.2
398,normal,Tue Nov 26 12:27:25 2019,1.09,14.76,13.44,,,0.74,10.57,14.2
399,normal,Tue Nov 26 12:27:26 2019,1.1,14.89,13.44,,,0.74,10.58,14.2
400,normal,Tue Nov 26 12:27:27 2019,1.03,13.88,13.45,,,0.73,10.45,14.2
401,normal,Tue Nov 26 12:27:28 2019,1.04,14,13.43,,,0.73,10.45,14.22
402,normal,Tue Nov 26 12:27:29 2019,1.04,14,13.42,,,0.74,10.58,14.2
403,normal,Tue Nov 26 12:27:30 2019,1.05,14.14,13.42,,,0.74,10.58,14.21
404,normal,Tue Nov 26 12:27:31 2019,1.09,14.63,13.42,,,0.73,10.45,14.22
405,normal,Tue Nov 26 12:27:32 2019,1.1,14.89,13.44,,,0.73,10.45,14.24
406,normal,Tue Nov 26 12:27:33 2019,1.1,14.89,13.43,,,0.73,10.45,14.21
407,normal,Tue Nov 26 12:27:34 2019,1.04,14,13.43,,,0.73,10.44,14.2
408,normal,Tue Nov 26 12:27:35 2019,1.1,14.9,13.44,,,0.72,10.32,14.2
409,normal,Tue Nov 26 12:27:36 2019,1.04,14,13.45,,,0.74,10.58,14.23
410,normal,Tue Nov 26 12:27:37 2019,1.11,14.89,13.4,,,0.74,10.58,14.19
411,normal,Tue Nov 26 12:27:38 2019,1.1,14.9,13.44,,,0.73,10.45,14.21
412,normal,Tue Nov 26 12:27:39 2019,1.1,14.89,13.42,,,0.72,10.32,14.21
413,normal,Tue Nov 26 12:27:40 2019,1.1,14.89,13.43,,,0.73,10.46,14.19
414,normal,Tue Nov 26 12:27:41 2019,1.03,13.89,13.43,,,0.73,10.45,14.19
415,normal,Tue Nov 26 12:27:42 2019,1.04,14,13.43,,,0.74,10.58,14.21
416,normal,Tue Nov 26 12:27:43 2019,1.04,14,13.45,,,0.74,10.58,14.21
417,normal,Tue Nov 26 12:27:44 2019,1.05,14.13,13.42,,,0.74,10.58,14.2
418,normal,Tue Nov 26 12:27:45 2019,1.05,14.14,13.44,,,0.73,10.45,14.19
419,normal,Tue Nov 26 12:27:46 2019,1.1,14.77,13.42,,,0.74,10.58,14.21
420,normal,Tue Nov 26 12:27:47 2019,1.11,15.02,13.44,,,0.73,10.45,14.2
421,normal,Tue Nov 26 12:27:48 2019,1.11,15.02,13.43,,,0.73,10.45,14.21
422,normal,Tue Nov 26 12:27:49 2019,1.11,15.02,13.42,,,0.73,10.45,14.21
423,normal,Tue Nov 26 12:27:50 2019,1.03,14,13.47,,,0.73,10.45,14.22
424,normal,Tue Nov 26 12:27:51 2019,1.05,14.13,13.41,,,0.73,10.45,14.22
425,normal,Tue Nov 26 12:27:52 2019,1.06,14.27,13.42,,,0.74,10.58,14.23
426,normal,Tue Nov 26 12:27:53 2019,1.06,14.38,13.45,,,0.74,10.58,14.23
427,normal,Tue Nov 26 12:27:54 2019,1.05,14.13,13.41,,,0.73,10.45,14.21
428,normal,Tue Nov 26 12:27:55 2019,1.1,14.9,13.43,,,0.72,10.32,14.21
429,normal,Tue Nov 26 12:27:56 2019,1.04,14.01,13.43,,,0.73,10.45,14.21
430,normal,Tue Nov 26 12:27:57 2019,1.05,14.13,13.42,,,0.72,10.32,14.21
431,normal,Tue Nov 26 12:27:58 2019,1.04,14,13.44,,,0.73,10.44,14.2
432,normal,Tue Nov 26 12:27:59 2019,1.03,13.89,13.42,,,0.71,10.19,14.21
433,normal,Tue Nov 26 12:28:00 2019,1.1,14.77,13.43,,,0.71,10.19,14.22
434,normal,Tue Nov 26 12:28:01 2019,1.02,13.75,13.44,,,0.7,10.06,14.21
435,normal,Tue Nov 26 12:28:02 2019,1.09,14.76,13.46,,,0.71,10.19,14.2
436,normal,Tue Nov 26 12:28:03 2019,1.09,14.77,13.46,,,0.71,10.19,14.19
437,normal,Tue Nov 26 12:28:04 2019,1.02,13.75,13.43,,,0.69,9.94,14.21
438,normal,Tue Nov 26 12:28:05 2019,1.01,13.62,13.43,,,0.7,10.06,14.2
439,normal,Tue Nov 26 12:28:06 2019,1.06,14.38,13.45,,,0.7,10.06,14.19
440,normal,Tue Nov 26 12:28:07 2019,1.06,14.27,13.43,,,0.7,9.94,14.18
441,normal,Tue Nov 26 12:28:08 2019,0.97,13.12,13.42,,,0.69,9.81,14.17
442,normal,Tue Nov 26 12:28:09 2019,0.96,12.99,13.42,,,0.69,9.81,14.18
443,normal,Tue Nov 26 12:28:10 2019,1.02,13.75,13.43,,,0.67,9.55,14.18
444,normal,Tue Nov 26 12:28:11 2019,0.95,12.87,13.45,,,0.68,9.68,14.19
445,normal,Tue Nov 26 12:28:12 2019,1.04,14.01,13.43,,,0.68,9.67,14.19
446,normal,Tue Nov 26 12:28:13 2019,1.06,14.26,13.42,,,0.7,9.94,14.2
447,normal,Tue Nov 26 12:28:14 2019,1.01,13.62,13.45,,,0.7,9.94,14.2
448,normal,Tue Nov 26 12:28:15 2019,1.1,14.77,13.42,,,0.71,10.19,14.22
449,normal,Tue Nov 26 12:28:16 2019,1.04,14.01,13.42,,,0.72,10.32,14.19
450,normal,Tue Nov 26 12:28:17 2019,1.04,14.01,13.44,,,0.71,10.19,14.21
451,normal,Tue Nov 26 12:28:18 2019,1.11,15.01,13.44,,,0.72,10.32,14.21
452,normal,Tue Nov 26 12:28:19 2019,1.03,13.89,13.42,,,0.71,10.19,14.21
453,normal,Tue Nov 26 12:28:20 2019,1.02,13.75,13.43,,,0.7,10.06,14.19
454,normal,Tue Nov 26 12:28:21 2019,1.01,13.64,13.45,,,0.69,9.93,14.2
455,normal,Tue Nov 26 12:28:22 2019,1.07,14.39,13.44,,,0.7,9.94,14.2
456,normal,Tue Nov 26 12:28:23 2019,0.99,13.37,13.42,,,0.69,9.81,14.18
457,normal,Tue Nov 26 12:28:24 2019,0.99,13.37,13.45,,,0.69,9.81,14.2
458,normal,Tue Nov 26 12:28:25 2019,1.07,14.38,13.43,,,0.69,9.81,14.19
459,normal,Tue Nov 26 12:28:26 2019,1.08,14.52,13.44,,,0.69,9.81,14.18
460,normal,Tue Nov 26 12:28:27 2019,1.09,14.65,13.42,,,0.7,10.06,14.2
461,normal,Tue Nov 26 12:28:28 2019,1.01,13.62,13.41,,,0.69,9.94,14.21
462,normal,Tue Nov 26 12:28:29 2019,1.09,14.65,13.43,,,0.7,10.06,14.19
463,normal,Tue Nov 26 12:28:30 2019,1.08,14.65,13.45,,,0.7,10.06,14.21
464,normal,Tue Nov 26 12:28:31 2019,1.03,13.88,13.42,,,0.71,10.19,14.21
465,normal,Tue Nov 26 12:28:32 2019,1.04,14,13.45,,,0.7,10.06,14.21
466,normal,Tue Nov 26 12:28:33 2019,1.1,14.9,13.43,,,0.71,10.19,14.2
467,normal,Tue Nov 26 12:28:34 2019,1.06,14.27,13.44,,,0.71,10.19,14.19
468,normal,Tue Nov 26 12:28:35 2019,1.13,15.28,13.46,,,0.73,10.45,14.21
469,normal,Tue Nov 26 12:28:36 2019,1.06,14.27,13.43,,,0.73,10.46,14.22
470,normal,Tue Nov 26 12:28:37 2019,1.13,15.28,13.44,,,0.73,10.45,14.2
471,normal,Tue Nov 26 12:28:38 2019,1.07,14.39,13.45,,,0.73,10.45,14.21
472,normal,Tue Nov 26 12:28:39 2019,1.13,15.28,13.43,,,0.72,10.32,14.22
473,normal,Tue Nov 26 12:28:40 2019,1.07,14.52,13.45,,,0.74,10.58,14.21
474,normal,Tue Nov 26 12:28:42 2019,1.07,14.39,13.45,,,0.72,10.32,14.2
475,normal,Tue Nov 26 12:28:43 2019,1.06,14.27,13.45,,,0.72,10.32,14.21
476,normal,Tue Nov 26 12:28:44 2019,1.07,14.39,13.44,,,0.72,10.32,14.19
477,normal,Tue Nov 26 12:28:45 2019,1.07,14.39,13.45,,,0.73,10.45,14.21
478,normal,Tue Nov 26 12:28:46 2019,1.06,14.27,13.44,,,0.73,10.45,14.2
479,normal,Tue Nov 26 12:28:47 2019,1.06,14.27,13.45,,,0.72,10.32,14.21
480,normal,Tue Nov 26 12:28:48 2019,1.06,14.27,13.45,,,0.72,10.33,14.21
481,normal,Tue Nov 26 12:28:49 2019,1.13,15.28,13.43,,,0.72,10.33,14.22
482,normal,Tue Nov 26 12:28:50 2019,1.05,14.14,13.42,,,0.72,10.32,14.22
483,normal,Tue Nov 26 12:28:51 2019,1.13,15.28,13.44,,,0.72,10.32,14.22
484,normal,Tue Nov 26 12:28:52 2019,1.13,15.28,13.44,,,0.73,10.46,14.21
485,normal,Tue Nov 26 12:28:53 2019,1.12,15.15,13.43,,,0.72,10.32,14.21
486,normal,Tue Nov 26 12:28:54 2019,1.12,15.15,13.44,,,0.71,10.2,14.23
487,normal,Tue Nov 26 12:28:55 2019,1.13,15.28,13.43,,,0.71,10.19,14.2
488,normal,Tue Nov 26 12:28:56 2019,1.07,14.39,13.44,,,0.71,10.19,14.18
489,normal,Tue Nov 26 12:28:57 2019,1.06,14.27,13.42,,,0.72,10.33,14.21
490,normal,Tue Nov 26 12:28:58 2019,1.09,14.65,13.42,,,0.71,10.19,14.19
491,normal,Tue Nov 26 12:28:59 2019,1.12,15.15,13.43,,,0.71,10.19,14.2
492,normal,Tue Nov 26 12:29:00 2019,1.12,15.15,13.44,,,0.71,10.19,14.22
493,normal,Tue Nov 26 12:29:01 2019,1.07,14.39,13.43,,,0.71,10.19,14.23
494,normal,Tue Nov 26 12:29:02 2019,1.13,15.28,13.44,,,0.73,10.45,14.22
495,normal,Tue Nov 26 12:29:03 2019,1.07,14.52,13.46,,,0.72,10.33,14.21
496,normal,Tue Nov 26 12:29:04 2019,1.14,15.42,13.44,,,0.73,10.46,14.22
497,normal,Tue Nov 26 12:29:05 2019,1.08,14.52,13.43,,,0.72,10.32,14.22
498,normal,Tue Nov 26 12:29:06 2019,1.15,15.53,13.43,,,0.73,10.45,14.21
499,normal,Tue Nov 26 12:29:07 2019,1.15,15.53,13.45,,,0.73,10.45,14.21
500,normal,Tue Nov 26 12:29:08 2019,1.15,15.54,13.44,,,0.73,10.45,14.21
501,normal,Tue Nov 26 12:29:09 2019,1.09,14.65,13.44,,,0.72,10.33,14.21
502,normal,Tue Nov 26 12:29:10 2019,1.08,14.65,13.45,,,0.74,10.58,14.23
503,normal,Tue Nov 26 12:29:11 2019,1.09,14.77,13.45,,,0.73,10.46,14.22
504,normal,Tue Nov 26 12:29:12 2019,1.09,14.78,13.45,,,0.73,10.46,14.22
505,normal,Tue Nov 26 12:29:13 2019,1.09,14.77,13.45,,,0.73,10.46,14.21
506,normal,Tue Nov 26 12:29:14 2019,1.16,15.66,13.45,,,0.73,10.46,14.21
507,normal,Tue Nov 26 12:29:15 2019,1.15,15.53,13.44,,,0.73,10.46,14.22
508,normal,Tue Nov 26 12:29:16 2019,1.16,15.66,13.43,,,0.74,10.59,14.22
509,normal,Tue Nov 26 12:29:17 2019,1.16,15.66,13.44,,,0.72,10.33,14.22
510,normal,Tue Nov 26 12:29:18 2019,1.15,15.54,13.43,,,0.72,10.33,14.21
511,normal,Tue Nov 26 12:29:19 2019,1.16,15.66,13.44,,,0.73,10.46,14.23
512,normal,Tue Nov 26 12:29:20 2019,1.1,14.78,13.43,,,0.73,10.45,14.23
513,normal,Tue Nov 26 12:29:21 2019,1.15,15.54,13.44,,,0.73,10.45,14.21
514,normal,Tue Nov 26 12:29:22 2019,1.16,15.66,13.44,,,0.73,10.46,14.22
515,normal,Tue Nov 26 12:29:23 2019,1.16,15.66,13.45,,,0.73,10.46,14.21
516,normal,Tue Nov 26 12:29:24 2019,1.16,15.66,13.44,,,0.73,10.45,14.21
517,normal,Tue Nov 26 12:29:25 2019,1.09,14.78,13.45,,,0.73,10.46,14.21
518,normal,Tue Nov 26 12:29:26 2019,1.17,15.78,13.44,,,0.73,10.46,14.21
519,normal,Tue Nov 26 12:29:27 2019,1.16,15.67,13.44,,,0.74,10.59,14.19
520,normal,Tue Nov 26 12:29:28 2019,1.16,15.66,13.43,,,0.73,10.46,14.22
521,normal,Tue Nov 26 12:29:29 2019,1.16,15.67,13.44,,,0.74,10.59,14.21
522,normal,Tue Nov 26 12:29:30 2019,1.15,15.54,13.43,,,0.73,10.46,14.21
523,normal,Tue Nov 26 12:29:31 2019,1.1,14.78,13.44,,,0.74,10.59,14.21
524,normal,Tue Nov 26 12:29:32 2019,1.09,14.78,13.45,,,0.73,10.46,14.22
525,normal,Tue Nov 26 12:29:33 2019,1.17,15.78,13.43,,,0.73,10.46,14.22
526,normal,Tue Nov 26 12:29:34 2019,1.09,14.78,13.45,,,0.73,10.45,14.21
527,normal,Tue Nov 26 12:29:35 2019,1.09,14.66,13.42,,,0.73,10.46,14.2
528,normal,Tue Nov 26 12:29:36 2019,1.17,15.8,13.4,,,0.73,10.46,14.22
529,normal,Tue Nov 26 12:29:37 2019,1.11,14.91,13.43,,,0.72,10.33,14.21
530,normal,Tue Nov 26 12:29:38 2019,1.09,14.78,13.45,,,0.73,10.46,14.23
531,normal,Tue Nov 26 12:29:39 2019,1.17,15.8,13.44,,,0.73,10.46,14.22
532,normal,Tue Nov 26 12:29:40 2019,1.17,15.8,13.46,,,0.72,10.33,14.2
533,normal,Tue Nov 26 12:29:41 2019,1.17,15.8,13.47,,,0.73,10.46,14.22
534,normal,Tue Nov 26 12:29:42 2019,1.1,14.78,13.43,,,0.74,10.59,14.22
535,normal,Tue Nov 26 12:29:43 2019,1.09,14.78,13.46,,,0.73,10.46,14.23
536,normal,Tue Nov 26 12:29:44 2019,1.16,15.67,13.43,,,0.72,10.33,14.22
537,normal,Tue Nov 26 12:29:45 2019,1.17,15.8,13.46,,,0.74,10.59,14.23
538,normal,Tue Nov 26 12:29:46 2019,1.17,15.8,13.45,,,0.72,10.33,14.22
539,normal,Tue Nov 26 12:29:47 2019,1.11,14.91,13.43,,,0.74,10.59,14.22
540,normal,Tue Nov 26 12:29:48 2019,1.17,15.8,13.44,,,0.74,10.59,14.23
541,normal,Tue Nov 26 12:29:49 2019,1.1,14.91,13.44,,,0.73,10.46,14.22
542,normal,Tue Nov 26 12:29:50 2019,1.17,15.8,13.45,,,0.73,10.46,14.22
543,normal,Tue Nov 26 12:29:51 2019,1.17,15.8,13.45,,,0.74,10.59,14.21
544,normal,Tue Nov 26 12:29:52 2019,1.17,15.8,13.44,,,0.73,10.46,14.23
545,normal,Tue Nov 26 12:29:53 2019,1.1,14.78,13.44,,,0.72,10.33,14.22
546,normal,Tue Nov 26 12:29:54 2019,1.1,14.78,13.44,,,0.72,10.33,14.21
547,normal,Tue Nov 26 12:29:55 2019,1.17,15.8,13.44,,,0.73,10.46,14.23
548,normal,Tue Nov 26 12:29:56 2019,1.16,15.67,13.42,,,0.73,10.46,14.22
549,normal,Tue Nov 26 12:29:57 2019,1.17,15.8,13.44,,,0.74,10.59,14.23
550,normal,Tue Nov 26 12:29:58 2019,1.11,14.91,13.43,,,0.73,10.46,14.22
551,normal,Tue Nov 26 12:29:59 2019,1.11,14.91,13.43,,,0.73,10.46,14.2
552,normal,Tue Nov 26 12:30:00 2019,1.17,15.8,13.46,,,0.73,10.46,14.22
553,normal,Tue Nov 26 12:30:01 2019,1.17,15.8,13.42,,,0.74,10.59,14.23
554,normal,Tue Nov 26 12:30:02 2019,1.11,15.04,13.47,,,0.73,10.47,14.22
555,normal,Tue Nov 26 12:30:03 2019,1.1,14.91,13.44,,,0.73,10.46,14.22
556,normal,Tue Nov 26 12:30:04 2019,1.18,15.92,13.44,,,0.73,10.46,14.22
557,normal,Tue Nov 26 12:30:05 2019,1.1,14.91,13.44,,,0.72,10.33,14.22
558,normal,Tue Nov 26 12:30:06 2019,1.17,15.8,13.43,,,0.72,10.33,14.21
559,normal,Tue Nov 26 12:30:07 2019,1.18,15.92,13.43,,,0.72,10.34,14.21
560,normal,Tue Nov 26 12:30:08 2019,1.17,15.8,13.46,,,0.73,10.46,14.22
561,normal,Tue Nov 26 12:30:09 2019,1.11,15.04,13.44,,,0.73,10.46,14.22
562,normal,Tue Nov 26 12:30:10 2019,1.1,14.91,13.45,,,0.74,10.59,14.23
563,normal,Tue Nov 26 12:30:11 2019,1.18,15.92,13.42,,,0.73,10.46,14.22
564,normal,Tue Nov 26 12:30:12 2019,1.18,15.92,13.4,,,0.74,10.59,14.22
565,normal,Tue Nov 26 12:30:13 2019,1.12,15.04,13.43,,,0.73,10.46,14.23
566,normal,Tue Nov 26 12:30:14 2019,1.11,15.05,13.46,,,0.72,10.33,14.23
567,normal,Tue Nov 26 12:30:15 2019,1.18,15.92,13.45,,,0.73,10.46,14.22
568,normal,Tue Nov 26 12:30:16 2019,1.12,15.04,13.43,,,0.73,10.46,14.23
569,normal,Tue Nov 26 12:30:17 2019,1.11,15.04,13.45,,,0.72,10.33,14.21
570,normal,Tue Nov 26 12:30:18 2019,1.14,15.42,13.44,,,0.73,10.46,14.21
571,normal,Tue Nov 26 12:30:19 2019,1.12,15.16,13.43,,,0.74,10.59,14.22
572,normal,Tue Nov 26 12:30:20 2019,1.18,15.92,13.44,,,0.73,10.46,14.21
573,normal,Tue Nov 26 12:30:21 2019,1.18,15.92,13.44,,,0.73,10.46,14.23
574,normal,Tue Nov 26 12:30:22 2019,1.1,14.91,13.45,,,0.72,10.33,14.22
575,normal,Tue Nov 26 12:30:23 2019,1.11,15.04,13.45,,,0.72,10.33,14.21
576,normal,Tue Nov 26 12:30:24 2019,1.11,15.04,13.44,,,0.72,10.33,14.23
577,normal,Tue Nov 26 12:30:25 2019,1.18,15.92,13.47,,,0.73,10.47,14.22
578,normal,Tue Nov 26 12:30:27 2019,1.18,15.92,13.47,,,0.73,10.46,14.21
579,normal,Tue Nov 26 12:30:28 2019,1.12,15.04,13.43,,,0.73,10.46,14.21
580,normal,Tue Nov 26 12:30:29 2019,1.1,14.91,13.45,,,0.73,10.46,14.23
581,normal,Tue Nov 26 12:30:30 2019,1.18,15.92,13.45,,,0.72,10.33,14.22
582,normal,Tue Nov 26 12:30:31 2019,1.18,15.92,13.43,,,0.72,10.34,14.23
583,normal,Tue Nov 26 12:30:32 2019,1.18,15.92,13.45,,,0.73,10.46,14.21
584,normal,Tue Nov 26 12:30:33 2019,1.11,15.04,13.44,,,0.73,10.46,14.21
585,normal,Tue Nov 26 12:30:34 2019,1.12,15.04,13.43,,,0.73,10.46,14.23
586,normal,Tue Nov 26 12:30:35 2019,1.19,16.05,13.43,,,0.72,10.33,14.23
587,normal,Tue Nov 26 12:30:36 2019,1.18,15.92,13.45,,,0.74,10.59,14.21
588,normal,Tue Nov 26 12:30:37 2019,1.17,15.8,13.45,,,0.74,10.59,14.22
589,normal,Tue Nov 26 12:30:38 2019,1.12,15.05,13.43,,,0.72,10.33,14.22
590,normal,Tue Nov 26 12:30:39 2019,1.11,14.92,13.43,,,0.73,10.46,14.22
591,normal,Tue Nov 26 12:30:40 2019,1.14,15.42,13.44,,,0.73,10.46,14.22
592,normal,Tue Nov 26 12:30:41 2019,1.18,15.92,13.45,,,0.74,10.59,14.21
593,normal,Tue Nov 26 12:30:42 2019,1.19,16.05,13.47,,,0.73,10.46,14.23
594,normal,Tue Nov 26 12:30:43 2019,1.12,15.18,13.45,,,0.72,10.33,14.22
595,normal,Tue Nov 26 12:30:44 2019,1.12,15.16,13.45,,,0.73,10.46,14.22
596,normal,Tue Nov 26 12:30:45 2019,1.12,15.16,13.45,,,0.73,10.46,14.24
597,normal,Tue Nov 26 12:30:46 2019,1.12,15.18,13.44,,,0.73,10.46,14.23
598,normal,Tue Nov 26 12:30:47 2019,1.2,16.17,13.45,,,0.73,10.46,14.23
599,normal,Tue Nov 26 12:30:48 2019,1.12,15.16,13.48,,,0.72,10.33,14.23
600,normal,Tue Nov 26 12:30:49 2019,1.12,15.16,13.46,,,0.72,10.33,14.23
601,normal,Tue Nov 26 12:30:50 2019,1.12,15.18,13.45,,,0.74,10.59,14.22
602,normal,Tue Nov 26 12:30:51 2019,1.18,15.92,13.45,,,0.72,10.33,14.21
603,normal,Tue Nov 26 12:30:52 2019,1.11,15.05,13.46,,,0.73,10.46,14.23
604,normal,Tue Nov 26 12:30:53 2019,1.19,16.06,13.45,,,0.73,10.46,14.22
605,normal,Tue Nov 26 12:30:54 2019,1.12,15.18,13.44,,,0.72,10.33,14.23
606,normal,Tue Nov 26 12:30:55 2019,1.12,15.16,13.45,,,0.73,10.46,14.22
607,normal,Tue Nov 26 12:30:56 2019,1.18,15.92,13.44,,,0.72,10.34,14.22
608,normal,Tue Nov 26 12:30:57 2019,1.2,16.17,13.45,,,0.73,10.46,14.22
609,normal,Tue Nov 26 12:30:58 2019,1.12,15.16,13.45,,,0.73,10.46,14.24
610,normal,Tue Nov 26 12:30:59 2019,1.13,15.16,13.42,,,0.72,10.33,14.2
611,normal,Tue Nov 26 12:31:00 2019,1.11,15.04,13.46,,,0.73,10.46,14.22
612,normal,Tue Nov 26 12:31:01 2019,1.19,16.06,13.46,,,0.72,10.34,14.22
613,normal,Tue Nov 26 12:31:02 2019,1.12,15.16,13.45,,,0.73,10.46,14.23
614,normal,Tue Nov 26 12:31:03 2019,1.12,15.16,13.45,,,0.74,10.59,14.23
615,normal,Tue Nov 26 12:31:04 2019,1.12,15.05,13.43,,,0.72,10.33,14.22
616,normal,Tue Nov 26 12:31:05 2019,1.12,15.18,13.45,,,0.74,10.59,14.21
617,normal,Tue Nov 26 12:31:06 2019,1.12,15.16,13.46,,,0.72,10.33,14.24
618,normal,Tue Nov 26 12:31:07 2019,1.19,16.05,13.45,,,0.73,10.46,14.22
619,normal,Tue Nov 26 12:31:08 2019,1.2,16.17,13.45,,,0.73,10.47,14.21
620,normal,Tue Nov 26 12:31:09 2019,1.12,15.18,13.45,,,0.72,10.34,14.25
621,normal,Tue Nov 26 12:31:10 2019,1.2,16.19,13.45,,,0.74,10.59,14.24
622,normal,Tue Nov 26 12:31:11 2019,1.12,15.18,13.45,,,0.73,10.46,14.22
623,normal,Tue Nov 26 12:31:12 2019,1.19,16.05,13.45,,,0.73,10.47,14.23
624,normal,Tue Nov 26 12:31:13 2019,1.12,15.16,13.45,,,0.73,10.47,14.22
625,normal,Tue Nov 26 12:31:14 2019,1.13,15.3,13.44,,,0.73,10.46,14.23
626,normal,Tue Nov 26 12:31:15 2019,1.2,16.19,13.44,,,0.73,10.47,14.22
627,normal,Tue Nov 26 12:31:16 2019,1.21,16.3,13.45,,,0.73,10.46,14.22
628,normal,Tue Nov 26 12:31:17 2019,1.2,16.19,13.45,,,0.73,10.46,14.22
629,normal,Tue Nov 26 12:31:18 2019,1.2,16.19,13.43,,,0.72,10.33,14.21
630,normal,Tue Nov 26 12:31:19 2019,1.2,16.19,13.45,,,0.74,10.6,14.21
631,normal,Tue Nov 26 12:31:20 2019,1.13,15.3,13.47,,,0.74,10.6,14.22
632,normal,Tue Nov 26 12:31:21 2019,1.13,15.3,13.43,,,0.74,10.59,14.21
633,normal,Tue Nov 26 12:31:22 2019,1.2,16.17,13.47,,,0.73,10.46,14.23
634,normal,Tue Nov 26 12:31:23 2019,1.14,15.43,13.45,,,0.74,10.6,14.22
635,normal,Tue Nov 26 12:31:24 2019,1.2,16.19,13.45,,,0.72,10.34,14.23
636,normal,Tue Nov 26 12:31:25 2019,1.19,16.06,13.45,,,0.74,10.59,14.21
637,normal,Tue Nov 26 12:31:26 2019,1.13,15.3,13.45,,,0.74,10.6,14.22
638,normal,Tue Nov 26 12:31:27 2019,1.2,16.19,13.47,,,0.73,10.46,14.23
639,normal,Tue Nov 26 12:31:28 2019,1.2,16.17,13.44,,,0.73,10.46,14.23
640,normal,Tue Nov 26 12:31:29 2019,1.13,15.3,13.45,,,0.74,10.59,14.24
641,normal,Tue Nov 26 12:31:30 2019,1.13,15.3,13.44,,,0.74,10.6,14.22
642,normal,Tue Nov 26 12:31:31 2019,1.14,15.42,13.45,,,0.72,10.34,14.22
643,normal,Tue Nov 26 12:31:32 2019,1.13,15.3,13.44,,,0.73,10.47,14.22
644,normal,Tue Nov 26 12:31:33 2019,1.14,15.43,13.46,,,0.73,10.47,14.22
645,normal,Tue Nov 26 12:31:34 2019,1.13,15.3,13.45,,,0.74,10.6,14.22
646,normal,Tue Nov 26 12:31:35 2019,1.2,16.19,13.45,,,0.74,10.6,14.24
647,normal,Tue Nov 26 12:31:36 2019,1.2,16.19,13.45,,,0.73,10.47,14.23
648,normal,Tue Nov 26 12:31:37 2019,1.2,16.19,13.45,,,0.74,10.6,14.22
649,normal,Tue Nov 26 12:31:38 2019,1.17,15.81,13.46,,,0.73,10.47,14.24
650,normal,Tue Nov 26 12:31:39 2019,1.2,16.19,13.43,,,0.73,10.47,14.23
651,normal,Tue Nov 26 12:31:40 2019,1.2,16.19,13.46,,,0.74,10.6,14.23
652,normal,Tue Nov 26 12:31:41 2019,1.13,15.3,13.48,,,0.73,10.47,14.24
653,normal,Tue Nov 26 12:31:42 2019,1.13,15.3,13.46,,,0.74,10.6,14.22
654,normal,Tue Nov 26 12:31:43 2019,1.2,16.17,13.46,,,0.72,10.33,14.22
655,normal,Tue Nov 26 12:31:44 2019,1.14,15.43,13.46,,,0.72,10.33,14.23
656,normal,Tue Nov 26 12:31:45 2019,1.14,15.43,13.45,,,0.73,10.47,14.22
657,normal,Tue Nov 26 12:31:46 2019,1.13,15.3,13.44,,,0.73,10.46,14.22
658,normal,Tue Nov 26 12:31:47 2019,1.14,15.43,13.48,,,0.72,10.34,14.22
659,normal,Tue Nov 26 12:31:48 2019,1.15,15.55,13.45,,,0.74,10.6,14.22
660,normal,Tue Nov 26 12:31:49 2019,1.2,16.19,13.45,,,0.73,10.47,14.21
661,normal,Tue Nov 26 12:31:50 2019,1.14,15.43,13.51,,,0.73,10.47,14.22
662,normal,Tue Nov 26 12:31:51 2019,1.2,16.19,13.47,,,0.73,10.47,14.23
663,normal,Tue Nov 26 12:31:52 2019,1.13,15.3,13.47,,,0.73,10.47,14.23
664,normal,Tue Nov 26 12:31:53 2019,1.13,15.31,13.45,,,0.74,10.6,14.21
665,normal,Tue Nov 26 12:31:54 2019,1.13,15.3,13.46,,,0.73,10.47,14.23
666,normal,Tue Nov 26 12:31:55 2019,1.21,16.31,13.46,,,0.71,10.2,14.22
667,normal,Tue Nov 26 12:31:56 2019,1.21,16.31,13.43,,,0.72,10.34,14.22
668,normal,Tue Nov 26 12:31:57 2019,1.21,16.31,13.47,,,0.73,10.46,14.23
669,normal,Tue Nov 26 12:31:58 2019,1.21,16.31,13.46,,,0.72,10.33,14.23
670,normal,Tue Nov 26 12:31:59 2019,1.14,15.43,13.46,,,0.73,10.47,14.23
671,normal,Tue Nov 26 12:32:00 2019,1.14,15.43,13.47,,,0.72,10.33,14.22
672,normal,Tue Nov 26 12:32:01 2019,1.14,15.43,13.45,,,0.73,10.46,14.23
673,normal,Tue Nov 26 12:32:02 2019,1.2,16.19,13.47,,,0.73,10.47,14.23
674,normal,Tue Nov 26 12:32:03 2019,1.2,16.19,13.47,,,0.72,10.33,14.22
675,normal,Tue Nov 26 12:32:04 2019,1.14,15.44,13.46,,,0.73,10.46,14.23
676,normal,Tue Nov 26 12:32:05 2019,1.2,16.19,13.46,,,0.72,10.34,14.23
677,normal,Tue Nov 26 12:32:06 2019,1.14,15.43,13.46,,,0.72,10.33,14.22
678,normal,Tue Nov 26 12:32:07 2019,1.14,15.43,13.45,,,0.73,10.46,14.23
679,normal,Tue Nov 26 12:32:08 2019,1.21,16.31,13.45,,,0.72,10.34,14.23
680,normal,Tue Nov 26 12:32:10 2019,1.21,16.31,13.47,,,0.72,10.34,14.23
681,normal,Tue Nov 26 12:32:11 2019,1.2,16.19,13.47,,,0.73,10.47,14.21
682,normal,Tue Nov 26 12:32:12 2019,1.21,16.31,13.43,,,0.72,10.34,14.22
683,normal,Tue Nov 26 12:32:13 2019,1.13,15.31,13.44,,,0.73,10.47,14.23
684,normal,Tue Nov 26 12:32:14 2019,1.21,16.33,13.47,,,0.72,10.33,14.21
685,normal,Tue Nov 26 12:32:15 2019,1.14,15.43,13.46,,,0.73,10.47,14.19
686,normal,Tue Nov 26 12:32:16 2019,1.21,16.31,13.44,,,0.73,10.46,14.22
687,normal,Tue Nov 26 12:32:17 2019,1.21,16.31,13.44,,,0.72,10.34,14.22
688,normal,Tue Nov 26 12:32:18 2019,1.21,16.31,13.45,,,0.73,10.46,14.23
689,normal,Tue Nov 26 12:32:19 2019,1.21,16.31,13.44,,,0.73,10.47,14.21
690,normal,Tue Nov 26 12:32:20 2019,1.14,15.43,13.45,,,0.72,10.34,14.23
691,normal,Tue Nov 26 12:32:21 2019,1.22,16.45,13.47,,,0.72,10.34,14.23
692,normal,Tue Nov 26 12:32:22 2019,1.2,16.19,13.47,,,0.73,10.47,14.23
693,normal,Tue Nov 26 12:32:23 2019,1.21,16.31,13.45,,,0.72,10.34,14.23
694,normal,Tue Nov 26 12:32:24 2019,1.13,15.3,13.45,,,0.72,10.34,14.23
695,normal,Tue Nov 26 12:32:25 2019,1.14,15.43,13.45,,,0.73,10.47,14.22
696,normal,Tue Nov 26 12:32:26 2019,1.22,16.44,13.45,,,0.73,10.47,14.23
697,normal,Tue Nov 26 12:32:27 2019,1.21,16.31,13.45,,,0.72,10.34,14.23
698,normal,Tue Nov 26 12:32:28 2019,1.21,16.33,13.47,,,0.73,10.47,14.23
699,normal,Tue Nov 26 12:32:29 2019,1.13,15.3,13.45,,,0.72,10.34,14.22
700,normal,Tue Nov 26 12:32:30 2019,1.14,15.43,13.44,,,0.72,10.33,14.23
701,normal,Tue Nov 26 12:32:31 2019,1.21,16.33,13.47,,,0.73,10.46,14.22
702,normal,Tue Nov 26 12:32:32 2019,1.13,15.3,13.45,,,0.72,10.34,14.22
703,normal,Tue Nov 26 12:32:33 2019,1.21,16.31,13.47,,,0.72,10.34,14.23
704,normal,Tue Nov 26 12:32:34 2019,1.14,15.43,13.48,,,0.72,10.34,14.22
705,normal,Tue Nov 26 12:32:35 2019,1.14,15.44,13.45,,,0.72,10.34,14.23
706,normal,Tue Nov 26 12:32:36 2019,1.21,16.31,13.45,,,0.73,10.47,14.21
707,normal,Tue Nov 26 12:32:37 2019,1.14,15.43,13.47,,,0.73,10.47,14.22
708,normal,Tue Nov 26 12:32:38 2019,1.21,16.31,13.44,,,0.73,10.47,14.22
709,normal,Tue Nov 26 12:32:39 2019,1.21,16.31,13.48,,,0.73,10.47,14.23
710,normal,Tue Nov 26 12:32:40 2019,1.21,16.31,13.46,,,0.73,10.47,14.22
711,normal,Tue Nov 26 12:32:41 2019,1.13,15.3,13.44,,,0.73,10.47,14.22
712,normal,Tue Nov 26 12:32:42 2019,1.15,15.57,13.45,,,0.72,10.34,14.22
713,normal,Tue Nov 26 12:32:43 2019,1.22,16.45,13.44,,,0.71,10.21,14.21
714,normal,Tue Nov 26 12:32:44 2019,1.14,15.44,13.46,,,0.72,10.33,14.23
715,normal,Tue Nov 26 12:32:45 2019,1.21,16.31,13.45,,,0.73,10.47,14.22
716,normal,Tue Nov 26 12:32:46 2019,1.21,16.31,13.46,,,0.72,10.34,14.23
717,normal,Tue Nov 26 12:32:47 2019,1.14,15.43,13.46,,,0.73,10.47,14.23
718,normal,Tue Nov 26 12:32:48 2019,1.21,16.31,13.47,,,0.73,10.47,14.23
719,normal,Tue Nov 26 12:32:49 2019,1.15,15.55,13.44,,,0.73,10.47,14.22
720,normal,Tue Nov 26 12:32:50 2019,1.21,16.33,13.46,,,0.72,10.33,14.21
721,normal,Tue Nov 26 12:32:51 2019,1.14,15.43,13.48,,,0.73,10.47,14.21
722,normal,Tue Nov 26 12:32:52 2019,1.14,15.43,13.46,,,0.73,10.46,14.23
723,normal,Tue Nov 26 12:32:53 2019,1.14,15.43,13.47,,,0.73,10.47,14.22
724,normal,Tue Nov 26 12:32:54 2019,1.14,15.44,13.47,,,0.74,10.6,14.23
725,normal,Tue Nov 26 12:32:55 2019,1.13,15.3,13.46,,,0.72,10.34,14.23
726,normal,Tue Nov 26 12:32:56 2019,1.15,15.57,13.48,,,0.72,10.34,14.24
727,normal,Tue Nov 26 12:32:57 2019,1.14,15.43,13.45,,,0.73,10.47,14.23
728,normal,Tue Nov 26 12:32:58 2019,1.21,16.33,13.45,,,0.73,10.47,14.21
729,normal,Tue Nov 26 12:32:59 2019,1.14,15.44,13.46,,,0.72,10.34,14.22
730,normal,Tue Nov 26 12:33:00 2019,1.23,16.57,13.45,,,0.73,10.47,14.22
731,normal,Tue Nov 26 12:33:01 2019,1.22,16.45,13.45,,,0.74,10.6,14.22
732,normal,Tue Nov 26 12:33:02 2019,1.15,15.55,13.43,,,0.73,10.47,14.23
733,normal,Tue Nov 26 12:33:03 2019,1.21,16.33,13.47,,,0.73,10.47,14.23
734,normal,Tue Nov 26 12:33:04 2019,1.21,16.31,13.45,,,0.74,10.6,14.2
735,normal,Tue Nov 26 12:33:05 2019,1.15,15.57,13.46,,,0.73,10.47,14.23
736,normal,Tue Nov 26 12:33:06 2019,1.14,15.44,13.45,,,0.73,10.47,14.23
737,normal,Tue Nov 26 12:33:07 2019,1.22,16.45,13.45,,,0.72,10.34,14.21
738,normal,Tue Nov 26 12:33:08 2019,1.21,16.44,13.48,,,0.74,10.6,14.22
739,normal,Tue Nov 26 12:33:09 2019,1.21,16.33,13.47,,,0.73,10.47,14.22
740,normal,Tue Nov 26 12:33:10 2019,1.21,16.33,13.45,,,0.74,10.6,14.22
741,normal,Tue Nov 26 12:33:11 2019,1.2,16.19,13.43,,,0.72,10.34,14.22
742,normal,Tue Nov 26 12:33:12 2019,1.21,16.33,13.47,,,0.74,10.6,14.22
743,normal,Tue Nov 26 12:33:13 2019,1.15,15.57,13.47,,,0.72,10.34,14.22
744,normal,Tue Nov 26 12:33:14 2019,1.13,15.3,13.46,,,0.72,10.34,14.23
745,normal,Tue Nov 26 12:33:15 2019,1.14,15.44,13.47,,,0.74,10.6,14.21
746,normal,Tue Nov 26 12:33:16 2019,1.21,16.33,13.47,,,0.73,10.47,14.23
747,normal,Tue Nov 26 12:33:17 2019,1.14,15.44,13.47,,,0.73,10.47,14.23
748,normal,Tue Nov 26 12:33:18 2019,1.22,16.45,13.45,,,0.74,10.6,14.22
749,normal,Tue Nov 26 12:33:19 2019,1.22,16.45,13.44,,,0.73,10.47,14.23
750,normal,Tue Nov 26 12:33:20 2019,1.18,15.95,13.45,,,0.73,10.47,14.23
751,normal,Tue Nov 26 12:33:21 2019,1.21,16.33,13.46,,,0.73,10.47,14.23
752,normal,Tue Nov 26 12:33:22 2019,1.13,15.3,13.45,,,0.74,10.6,14.22
753,normal,Tue Nov 26 12:33:23 2019,1.21,16.33,13.46,,,0.73,10.47,14.22
754,normal,Tue Nov 26 12:33:24 2019,1.14,15.44,13.45,,,0.72,10.34,14.23
755,normal,Tue Nov 26 12:33:25 2019,1.22,16.44,13.43,,,0.73,10.47,14.23
756,normal,Tue Nov 26 12:33:26 2019,1.22,16.45,13.46,,,0.73,10.47,14.22
757,normal,Tue Nov 26 12:33:27 2019,1.21,16.33,13.49,,,0.72,10.34,14.23
758,normal,Tue Nov 26 12:33:28 2019,1.21,16.33,13.47,,,0.72,10.34,14.23
759,normal,Tue Nov 26 12:33:29 2019,1.22,16.45,13.45,,,0.72,10.34,14.23
760,normal,Tue Nov 26 12:33:30 2019,1.2,16.2,13.45,,,0.73,10.47,14.23
761,normal,Tue Nov 26 12:33:31 2019,1.15,15.57,13.45,,,0.72,10.34,14.23
762,normal,Tue Nov 26 12:33:32 2019,1.22,16.45,13.45,,,0.73,10.47,14.22
763,normal,Tue Nov 26 12:33:33 2019,1.22,16.45,13.48,,,0.73,10.47,14.22
764,normal,Tue Nov 26 12:33:34 2019,1.22,16.45,13.46,,,0.73,10.47,14.23
765,normal,Tue Nov 26 12:33:35 2019,1.21,16.33,13.47,,,0.73,10.47,14.23
766,normal,Tue Nov 26 12:33:36 2019,1.15,15.57,13.45,,,0.72,10.34,14.22
767,normal,Tue Nov 26 12:33:37 2019,1.14,15.44,13.47,,,0.73,10.47,14.24
768,normal,Tue Nov 26 12:33:38 2019,1.15,15.44,13.43,,,0.74,10.6,14.23
769,normal,Tue Nov 26 12:33:39 2019,1.22,16.45,13.48,,,0.73,10.47,14.23
770,normal,Tue Nov 26 12:33:40 2019,1.14,15.44,13.46,,,0.72,10.34,14.22
771,normal,Tue Nov 26 12:33:41 2019,1.21,16.33,13.44,,,0.72,10.34,14.21
772,normal,Tue Nov 26 12:33:42 2019,1.21,16.33,13.47,,,0.73,10.47,14.22
773,normal,Tue Nov 26 12:33:43 2019,1.21,16.31,13.46,,,0.73,10.47,14.22
774,normal,Tue Nov 26 12:33:44 2019,1.21,16.31,13.47,,,0.73,10.47,14.24
775,normal,Tue Nov 26 12:33:45 2019,1.14,15.44,13.47,,,0.73,10.47,14.2
776,normal,Tue Nov 26 12:33:46 2019,1.14,15.44,13.47,,,0.72,10.34,14.22
777,normal,Tue Nov 26 12:33:47 2019,1.22,16.45,13.43,,,0.72,10.34,14.23
778,normal,Tue Nov 26 12:33:48 2019,1.14,15.44,13.46,,,0.72,10.34,14.23
779,normal,Tue Nov 26 12:33:49 2019,1.13,15.31,13.47,,,0.72,10.34,14.24
780,normal,Tue Nov 26 12:33:50 2019,1.22,16.45,13.45,,,0.72,10.34,14.23
781,normal,Tue Nov 26 12:33:52 2019,1.14,15.44,13.48,,,0.73,10.47,14.23
782,normal,Tue Nov 26 12:33:53 2019,1.21,16.33,13.45,,,0.73,10.47,14.23
783,normal,Tue Nov 26 12:33:54 2019,1.21,16.33,13.47,,,0.73,10.47,14.24
784,normal,Tue Nov 26 12:33:55 2019,1.14,15.44,13.46,,,0.73,10.47,14.24
785,normal,Tue Nov 26 12:33:56 2019,1.14,15.44,13.45,,,0.73,10.48,14.23
786,normal,Tue Nov 26 12:33:57 2019,1.21,16.33,13.46,,,0.72,10.34,14.23
787,normal,Tue Nov 26 12:33:58 2019,1.13,15.31,13.47,,,0.71,10.21,14.25
788,normal,Tue Nov 26 12:33:59 2019,1.14,15.44,13.45,,,0.73,10.47,14.22
789,normal,Tue Nov 26 12:34:00 2019,1.14,15.43,13.45,,,0.73,10.47,14.23
790,normal,Tue Nov 26 12:34:01 2019,1.15,15.57,13.47,,,0.73,10.47,14.22
791,normal,Tue Nov 26 12:34:02 2019,1.21,16.33,13.46,,,0.73,10.47,14.23
792,normal,Tue Nov 26 12:34:03 2019,1.13,15.31,13.47,,,0.72,10.34,14.23
793,normal,Tue Nov 26 12:34:04 2019,1.21,16.33,13.46,,,0.73,10.48,14.23
794,normal,Tue Nov 26 12:34:05 2019,1.13,15.31,13.45,,,0.73,10.47,14.23
795,normal,Tue Nov 26 12:34:06 2019,1.21,16.33,13.47,,,0.73,10.47,14.23
796,normal,Tue Nov 26 12:34:07 2019,1.2,16.2,13.47,,,0.73,10.47,14.23
797,normal,Tue Nov 26 12:34:08 2019,1.15,15.57,13.46,,,0.72,10.35,14.23
798,normal,Tue Nov 26 12:34:09 2019,1.14,15.44,13.45,,,0.74,10.61,14.24
799,normal,Tue Nov 26 12:34:10 2019,1.15,15.57,13.45,,,0.73,10.47,14.22
800,normal,Tue Nov 26 12:34:11 2019,1.22,16.44,13.47,,,0.73,10.47,14.23
801,normal,Tue Nov 26 12:34:12 2019,1.21,16.33,13.46,,,0.73,10.47,14.23
802,normal,Tue Nov 26 12:34:13 2019,1.15,15.57,13.48,,,0.73,10.47,14.21
803,normal,Tue Nov 26 12:34:14 2019,1.21,16.33,13.46,,,0.72,10.34,14.22
804,normal,Tue Nov 26 12:34:15 2019,1.14,15.44,13.45,,,0.73,10.47,14.24
805,normal,Tue Nov 26 12:34:16 2019,1.18,15.95,13.47,,,0.73,10.48,14.23
806,normal,Tue Nov 26 12:34:17 2019,1.14,15.44,13.5,,,0.73,10.47,14.23
807,normal,Tue Nov 26 12:34:18 2019,1.14,15.44,13.45,,,0.73,10.47,14.21
808,normal,Tue Nov 26 12:34:19 2019,1.22,16.45,13.47,,,0.72,10.34,14.24
809,normal,Tue Nov 26 12:34:20 2019,1.21,16.31,13.46,,,0.73,10.47,14.23
810,normal,Tue Nov 26 12:34:21 2019,1.22,16.45,13.47,,,0.72,10.34,14.23
811,normal,Tue Nov 26 12:34:22 2019,1.21,16.33,13.46,,,0.73,10.47,14.23
812,normal,Tue Nov 26 12:34:23 2019,1.21,16.33,13.45,,,0.73,10.47,14.25
813,normal,Tue Nov 26 12:34:24 2019,1.22,16.45,13.46,,,0.74,10.6,14.23
814,normal,Tue Nov 26 12:34:25 2019,1.22,16.45,13.47,,,0.73,10.47,14.23
815,normal,Tue Nov 26 12:34:26 2019,1.14,15.44,13.46,,,0.73,10.47,14.24
816,normal,Tue Nov 26 12:34:27 2019,1.15,15.57,13.48,,,0.72,10.34,14.23
817,normal,Tue Nov 26 12:34:28 2019,1.14,15.44,13.47,,,0.73,10.47,14.24
818,normal,Tue Nov 26 12:34:29 2019,1.14,15.44,13.46,,,0.73,10.47,14.23
819,normal,Tue Nov 26 12:34:30 2019,1.13,15.31,13.46,,,0.73,10.48,14.23
820,normal,Tue Nov 26 12:34:31 2019,1.14,15.44,13.46,,,0.72,10.34,14.22
821,normal,Tue Nov 26 12:34:32 2019,1.15,15.57,13.47,,,0.73,10.47,14.23
822,normal,Tue Nov 26 12:34:33 2019,1.14,15.44,13.45,,,0.73,10.47,14.23
823,normal,Tue Nov 26 12:34:34 2019,1.2,16.2,13.47,,,0.72,10.34,14.23
824,normal,Tue Nov 26 12:34:35 2019,1.21,16.33,13.47,,,0.72,10.34,14.22
825,normal,Tue Nov 26 12:34:36 2019,1.22,16.45,13.44,,,0.73,10.47,14.25
826,normal,Tue Nov 26 12:34:37 2019,1.19,16.07,13.49,,,0.72,10.35,14.23
827,normal,Tue Nov 26 12:34:38 2019,1.22,16.45,13.47,,,0.74,10.6,14.24
828,normal,Tue Nov 26 12:34:39 2019,1.14,15.44,13.44,,,0.72,10.34,14.23
829,normal,Tue Nov 26 12:34:40 2019,1.14,15.44,13.47,,,0.73,10.47,14.21
830,normal,Tue Nov 26 12:34:41 2019,1.14,15.44,13.47,,,0.72,10.35,14.22
831,normal,Tue Nov 26 12:34:42 2019,1.14,15.44,13.47,,,0.73,10.47,14.23
832,normal,Tue Nov 26 12:34:43 2019,1.22,16.45,13.48,,,0.73,10.47,14.23
833,normal,Tue Nov 26 12:34:44 2019,1.15,15.57,13.43,,,0.72,10.34,14.23
834,normal,Tue Nov 26 12:34:45 2019,1.21,16.33,13.46,,,0.73,10.47,14.23
835,normal,Tue Nov 26 12:34:46 2019,1.15,15.57,13.45,,,0.73,10.47,14.23
836,normal,Tue Nov 26 12:34:47 2019,1.15,15.57,13.49,,,0.73,10.47,14.24
837,normal,Tue Nov 26 12:34:48 2019,1.15,15.57,13.45,,,0.72,10.35,14.23
838,normal,Tue Nov 26 12:34:49 2019,1.22,16.45,13.45,,,0.72,10.34,14.23
839,normal,Tue Nov 26 12:34:50 2019,1.13,15.31,13.45,,,0.73,10.48,14.23
840,normal,Tue Nov 26 12:34:51 2019,1.22,16.45,13.47,,,0.73,10.47,14.23
841,normal,Tue Nov 26 12:34:52 2019,1.21,16.33,13.47,,,0.72,10.34,14.23
842,normal,Tue Nov 26 12:34:53 2019,1.14,15.44,13.47,,,0.72,10.35,14.23
843,normal,Tue Nov 26 12:34:54 2019,1.14,15.44,13.45,,,0.72,10.34,14.23
844,normal,Tue Nov 26 12:34:55 2019,1.21,16.33,13.46,,,0.72,10.34,14.23
845,normal,Tue Nov 26 12:34:56 2019,1.13,15.31,13.47,,,0.72,10.34,14.23
846,normal,Tue Nov 26 12:34:57 2019,1.2,16.2,13.46,,,0.73,10.47,14.22
847,normal,Tue Nov 26 12:34:58 2019,1.14,15.44,13.48,,,0.72,10.35,14.23
848,normal,Tue Nov 26 12:34:59 2019,1.22,16.45,13.47,,,0.72,10.34,14.23
849,normal,Tue Nov 26 12:35:00 2019,1.14,15.44,13.47,,,0.72,10.35,14.24
850,normal,Tue Nov 26 12:35:01 2019,1.21,16.33,13.45,,,0.73,10.48,14.23
851,normal,Tue Nov 26 12:35:02 2019,1.2,16.2,13.49,,,0.73,10.47,14.23
852,normal,Tue Nov 26 12:35:03 2019,1.13,15.31,13.46,,,0.72,10.35,14.22
853,normal,Tue Nov 26 12:35:04 2019,1.13,15.31,13.45,,,0.73,10.48,14.23
854,normal,Tue Nov 26 12:35:05 2019,1.21,16.33,13.46,,,0.72,10.34,14.23
855,normal,Tue Nov 26 12:35:06 2019,1.21,16.33,13.48,,,0.73,10.48,14.24
856,normal,Tue Nov 26 12:35:07 2019,1.2,16.2,13.46,,,0.72,10.34,14.23
857,normal,Tue Nov 26 12:35:08 2019,1.14,15.44,13.5,,,0.73,10.48,14.25
858,normal,Tue Nov 26 12:35:09 2019,1.21,16.33,13.46,,,0.72,10.34,14.24
859,normal,Tue Nov 26 12:35:10 2019,1.14,15.44,13.46,,,0.73,10.48,14.23
860,normal,Tue Nov 26 12:35:11 2019,1.14,15.44,13.46,,,0.73,10.47,14.23
861,normal,Tue Nov 26 12:35:12 2019,1.15,15.57,13.48,,,0.72,10.34,14.24
862,normal,Tue Nov 26 12:35:13 2019,1.22,16.45,13.47,,,0.72,10.34,14.23
863,normal,Tue Nov 26 12:35:14 2019,1.22,16.45,13.47,,,0.73,10.48,14.24
864,normal,Tue Nov 26 12:35:15 2019,1.13,15.31,13.47,,,0.72,10.34,14.24
865,normal,Tue Nov 26 12:35:16 2019,1.15,15.57,13.45,,,0.73,10.48,14.23
866,normal,Tue Nov 26 12:35:17 2019,1.22,16.45,13.46,,,0.72,10.34,14.23
867,normal,Tue Nov 26 12:35:18 2019,1.18,15.95,13.48,,,0.73,10.47,14.24
868,normal,Tue Nov 26 12:35:19 2019,1.15,15.58,13.45,,,0.72,10.35,14.24
869,normal,Tue Nov 26 12:35:20 2019,1.21,16.33,13.44,,,0.73,10.48,14.23
870,normal,Tue Nov 26 12:35:21 2019,1.14,15.44,13.46,,,0.72,10.35,14.23
871,normal,Tue Nov 26 12:35:22 2019,1.14,15.44,13.47,,,0.72,10.35,14.24
872,normal,Tue Nov 26 12:35:23 2019,1.21,16.33,13.47,,,0.73,10.48,14.24
873,normal,Tue Nov 26 12:35:24 2019,1.14,15.44,13.46,,,0.73,10.47,14.25
874,normal,Tue Nov 26 12:35:25 2019,1.14,15.44,13.46,,,0.73,10.48,14.25
875,normal,Tue Nov 26 12:35:26 2019,1.16,15.69,13.45,,,0.73,10.48,14.23
876,normal,Tue Nov 26 12:35:27 2019,1.21,16.33,13.47,,,0.73,10.48,14.24
877,normal,Tue Nov 26 12:35:28 2019,1.21,16.33,13.48,,,0.72,10.34,14.23
878,normal,Tue Nov 26 12:35:29 2019,1.22,16.45,13.45,,,0.72,10.34,14.23
879,normal,Tue Nov 26 12:35:30 2019,1.2,16.2,13.44,,,0.72,10.34,14.23
880,normal,Tue Nov 26 12:35:31 2019,1.21,16.33,13.49,,,0.73,10.47,14.23
881,normal,Tue Nov 26 12:35:32 2019,1.23,16.58,13.47,,,0.72,10.35,14.23
882,normal,Tue Nov 26 12:35:33 2019,1.17,15.82,13.44,,,0.73,10.48,14.23
883,normal,Tue Nov 26 12:35:34 2019,1.13,15.31,13.51,,,0.73,10.47,14.23
884,normal,Tue Nov 26 12:35:35 2019,1.15,15.57,13.48,,,0.73,10.48,14.23
885,normal,Tue Nov 26 12:35:36 2019,1.22,16.45,13.46,,,0.73,10.48,14.22
886,normal,Tue Nov 26 12:35:37 2019,1.13,15.31,13.46,,,0.73,10.48,14.24
887,normal,Tue Nov 26 12:35:38 2019,1.21,16.33,13.44,,,0.73,10.47,14.23
888,normal,Tue Nov 26 12:35:40 2019,1.19,16.09,13.47,,,0.72,10.35,14.23
889,normal,Tue Nov 26 12:35:41 2019,1.15,15.57,13.46,,,0.72,10.34,14.21
890,normal,Tue Nov 26 12:35:42 2019,1.21,16.33,13.43,,,0.73,10.48,14.23
891,normal,Tue Nov 26 12:35:43 2019,1.2,16.2,13.47,,,0.73,10.47,14.23
892,normal,Tue Nov 26 12:35:44 2019,1.14,15.44,13.48,,,0.73,10.47,14.23
893,normal,Tue Nov 26 12:35:45 2019,1.21,16.33,13.46,,,0.73,10.48,14.25
894,normal,Tue Nov 26 12:35:46 2019,1.21,16.33,13.47,,,0.72,10.34,14.24
895,normal,Tue Nov 26 12:35:47 2019,1.22,16.45,13.47,,,0.72,10.35,14.23
896,normal,Tue Nov 26 12:35:48 2019,1.14,15.44,13.46,,,0.72,10.35,14.22
897,normal,Tue Nov 26 12:35:49 2019,1.15,15.57,13.49,,,0.72,10.35,14.22
898,normal,Tue Nov 26 12:35:50 2019,1.2,16.2,13.46,,,0.72,10.34,14.23
899,normal,Tue Nov 26 12:35:51 2019,1.2,16.2,13.47,,,0.73,10.48,14.23
900,normal,Tue Nov 26 12:35:52 2019,1.21,16.33,13.47,,,0.71,10.21,14.23
901,normal,Tue Nov 26 12:35:53 2019,1.14,15.44,13.46,,,0.73,10.48,14.22
902,normal,Tue Nov 26 12:35:54 2019,1.23,16.58,13.45,,,0.72,10.35,14.23
903,normal,Tue Nov 26 12:35:55 2019,1.22,16.45,13.48,,,0.73,10.48,14.23
904,normal,Tue Nov 26 12:35:56 2019,1.2,16.2,13.48,,,0.71,10.21,14.23
905,normal,Tue Nov 26 12:35:57 2019,1.21,16.33,13.47,,,0.73,10.48,14.23
906,normal,Tue Nov 26 12:35:58 2019,1.13,15.31,13.49,,,0.72,10.34,14.25
907,normal,Tue Nov 26 12:35:59 2019,1.14,15.44,13.49,,,0.72,10.35,14.23
908,normal,Tue Nov 26 12:36:00 2019,1.2,16.2,13.48,,,0.72,10.35,14.25
909,normal,Tue Nov 26 12:36:01 2019,1.13,15.31,13.49,,,0.73,10.48,14.22
910,normal,Tue Nov 26 12:36:02 2019,1.14,15.44,13.45,,,0.73,10.47,14.22
911,normal,Tue Nov 26 12:36:03 2019,1.21,16.34,13.47,,,0.73,10.48,14.23
912,normal,Tue Nov 26 12:36:04 2019,1.22,16.45,13.49,,,0.73,10.48,14.25
913,normal,Tue Nov 26 12:36:05 2019,1.15,15.57,13.44,,,0.72,10.35,14.23
914,normal,Tue Nov 26 12:36:06 2019,1.15,15.58,13.46,,,0.73,10.48,14.23
915,normal,Tue Nov 26 12:36:07 2019,1.21,16.33,13.46,,,0.73,10.48,14.23
916,normal,Tue Nov 26 12:36:08 2019,1.13,15.31,13.48,,,0.73,10.48,14.25
917,normal,Tue Nov 26 12:36:09 2019,1.14,15.44,13.47,,,0.73,10.48,14.24
918,normal,Tue Nov 26 12:36:10 2019,1.22,16.45,13.46,,,0.72,10.34,14.23
919,normal,Tue Nov 26 12:36:11 2019,1.14,15.44,13.46,,,0.72,10.35,14.23
920,normal,Tue Nov 26 12:36:12 2019,1.13,15.31,13.47,,,0.71,10.21,14.23
921,normal,Tue Nov 26 12:36:13 2019,1.2,16.2,13.46,,,0.72,10.34,14.23
922,normal,Tue Nov 26 12:36:14 2019,1.21,16.33,13.46,,,0.72,10.35,14.23
923,normal,Tue Nov 26 12:36:15 2019,1.13,15.31,13.45,,,0.72,10.34,14.21
924,normal,Tue Nov 26 12:36:16 2019,1.2,16.2,13.49,,,0.72,10.34,14.23
925,normal,Tue Nov 26 12:36:17 2019,1.14,15.44,13.45,,,0.72,10.35,14.25
926,normal,Tue Nov 26 12:36:18 2019,1.21,16.33,13.45,,,0.72,10.35,14.22
927,normal,Tue Nov 26 12:36:19 2019,1.14,15.44,13.45,,,0.73,10.48,14.23
928,normal,Tue Nov 26 12:36:20 2019,1.2,16.2,13.46,,,0.72,10.35,14.25
929,normal,Tue Nov 26 12:36:21 2019,1.15,15.57,13.47,,,0.72,10.35,14.24
930,normal,Tue Nov 26 12:36:22 2019,1.21,16.33,13.46,,,0.73,10.48,14.24
931,normal,Tue Nov 26 12:36:23 2019,1.2,16.2,13.47,,,0.72,10.35,14.23
932,normal,Tue Nov 26 12:36:24 2019,1.21,16.33,13.48,,,0.72,10.35,14.23
933,normal,Tue Nov 26 12:36:25 2019,1.21,16.33,13.47,,,0.72,10.35,14.22
934,normal,Tue Nov 26 12:36:26 2019,1.21,16.33,13.49,,,0.72,10.34,14.23
935,normal,Tue Nov 26 12:36:27 2019,1.22,16.45,13.48,,,0.72,10.35,14.23
936,normal,Tue Nov 26 12:36:28 2019,1.2,16.21,13.45,,,0.72,10.35,14.23
937,normal,Tue Nov 26 12:36:29 2019,1.15,15.58,13.49,,,0.72,10.35,14.23
938,normal,Tue Nov 26 12:36:30 2019,1.19,16.07,13.45,,,0.72,10.35,14.23
939,normal,Tue Nov 26 12:36:31 2019,1.21,16.34,13.47,,,0.72,10.35,14.23
940,normal,Tue Nov 26 12:36:32 2019,1.2,16.2,13.47,,,0.72,10.35,14.22
941,normal,Tue Nov 26 12:36:33 2019,1.15,15.57,13.47,,,0.71,10.22,14.23
942,normal,Tue Nov 26 12:36:34 2019,1.12,15.19,13.47,,,0.72,10.35,14.21
943,normal,Tue Nov 26 12:36:35 2019,1.13,15.31,13.49,,,0.73,10.48,14.24
944,normal,Tue Nov 26 12:36:36 2019,1.2,16.2,13.45,,,0.72,10.35,14.23
945,normal,Tue Nov 26 12:36:37 2019,1.21,16.33,13.46,,,0.73,10.47,14.22
946,normal,Tue Nov 26 12:36:38 2019,1.2,16.2,13.45,,,0.72,10.35,14.23
947,normal,Tue Nov 26 12:36:39 2019,1.14,15.44,13.49,,,0.72,10.34,14.24
948,normal,Tue Nov 26 12:36:40 2019,1.13,15.31,13.45,,,0.71,10.22,14.24
949,normal,Tue Nov 26 12:36:41 2019,1.21,16.33,13.45,,,0.73,10.48,14.23
950,normal,Tue Nov 26 12:36:42 2019,1.2,16.2,13.45,,,0.72,10.35,14.23
951,normal,Tue Nov 26 12:36:43 2019,1.15,15.57,13.47,,,0.73,10.47,14.24
952,normal,Tue Nov 26 12:36:44 2019,1.14,15.45,13.47,,,0.71,10.22,14.23
953,normal,Tue Nov 26 12:36:45 2019,1.13,15.31,13.47,,,0.71,10.22,14.24
954,normal,Tue Nov 26 12:36:46 2019,1.13,15.31,13.48,,,0.73,10.47,14.21
955,normal,Tue Nov 26 12:36:47 2019,1.22,16.47,13.49,,,0.72,10.35,14.22
956,normal,Tue Nov 26 12:36:48 2019,1.15,15.57,13.47,,,0.71,10.22,14.23
957,normal,Tue Nov 26 12:36:49 2019,1.12,15.19,13.47,,,0.72,10.35,14.23
958,normal,Tue Nov 26 12:36:50 2019,1.19,16.07,13.49,,,0.72,10.35,14.23
959,normal,Tue Nov 26 12:36:51 2019,1.21,16.33,13.46,,,0.72,10.34,14.23
960,normal,Tue Nov 26 12:36:52 2019,1.19,16.07,13.46,,,0.72,10.35,14.23
961,normal,Tue Nov 26 12:36:53 2019,1.21,16.33,13.45,,,0.73,10.48,14.23
962,normal,Tue Nov 26 12:36:54 2019,1.12,15.19,13.46,,,0.71,10.22,14.23
963,normal,Tue Nov 26 12:36:55 2019,1.21,16.34,13.48,,,0.72,10.35,14.24
964,normal,Tue Nov 26 12:36:56 2019,1.22,16.47,13.46,,,0.71,10.22,14.23
965,normal,Tue Nov 26 12:36:57 2019,1.2,16.21,13.47,,,0.72,10.35,14.23
966,normal,Tue Nov 26 12:36:58 2019,1.21,16.33,13.47,,,0.73,10.47,14.25
967,normal,Tue Nov 26 12:36:59 2019,1.13,15.31,13.45,,,0.73,10.48,14.21
968,normal,Tue Nov 26 12:37:00 2019,1.22,16.45,13.45,,,0.72,10.34,14.23
969,normal,Tue Nov 26 12:37:01 2019,1.13,15.31,13.46,,,0.72,10.35,14.22
970,normal,Tue Nov 26 12:37:02 2019,1.13,15.31,13.46,,,0.73,10.48,14.23
971,normal,Tue Nov 26 12:37:03 2019,1.13,15.33,13.47,,,0.71,10.21,14.23
972,normal,Tue Nov 26 12:37:04 2019,1.14,15.44,13.47,,,0.72,10.35,14.22
973,normal,Tue Nov 26 12:37:05 2019,1.14,15.44,13.47,,,0.72,10.35,14.24
974,normal,Tue Nov 26 12:37:06 2019,1.22,16.45,13.45,,,0.72,10.35,14.24
975,normal,Tue Nov 26 12:37:07 2019,1.13,15.31,13.45,,,0.71,10.22,14.23
976,normal,Tue Nov 26 12:37:08 2019,1.2,16.21,13.45,,,0.71,10.22,14.23
977,normal,Tue Nov 26 12:37:09 2019,1.2,16.2,13.48,,,0.72,10.34,14.22
978,normal,Tue Nov 26 12:37:10 2019,1.13,15.31,13.46,,,0.73,10.48,14.21
979,normal,Tue Nov 26 12:37:11 2019,1.19,16.09,13.48,,,0.72,10.35,14.23
980,normal,Tue Nov 26 12:37:12 2019,1.13,15.31,13.46,,,0.72,10.35,14.24
981,normal,Tue Nov 26 12:37:13 2019,1.19,16.07,13.49,,,0.72,10.35,14.23
982,normal,Tue Nov 26 12:37:14 2019,1.12,15.19,13.46,,,0.71,10.22,14.23
983,normal,Tue Nov 26 12:37:15 2019,1.2,16.2,13.47,,,0.71,10.22,14.24
984,normal,Tue Nov 26 12:37:16 2019,1.19,16.09,13.45,,,0.71,10.22,14.25
985,normal,Tue Nov 26 12:37:17 2019,1.14,15.44,13.45,,,0.72,10.35,14.24
986,normal,Tue Nov 26 12:37:18 2019,1.21,16.33,13.49,,,0.72,10.34,14.22
987,normal,Tue Nov 26 12:37:20 2019,1.14,15.44,13.48,,,0.72,10.35,14.24
988,normal,Tue Nov 26 12:37:21 2019,1.13,15.31,13.45,,,0.72,10.35,14.21
989,normal,Tue Nov 26 12:37:22 2019,1.19,16.07,13.49,,,0.71,10.22,14.25
990,normal,Tue Nov 26 12:37:23 2019,1.13,15.31,13.45,,,0.71,10.22,14.22
991,normal,Tue Nov 26 12:37:24 2019,1.15,15.57,13.47,,,0.72,10.35,14.23
992,normal,Tue Nov 26 12:37:25 2019,1.12,15.19,13.46,,,0.72,10.35,14.22
993,normal,Tue Nov 26 12:37:26 2019,1.13,15.31,13.47,,,0.72,10.35,14.23
994,normal,Tue Nov 26 12:37:27 2019,1.21,16.34,13.47,,,0.72,10.35,14.21
995,normal,Tue Nov 26 12:37:28 2019,1.14,15.44,13.45,,,0.71,10.22,14.23
996,normal,Tue Nov 26 12:37:29 2019,1.14,15.44,13.48,,,0.72,10.35,14.22
997,normal,Tue Nov 26 12:37:30 2019,1.15,15.57,13.43,,,0.72,10.36,14.23
998,normal,Tue Nov 26 12:37:31 2019,1.19,16.07,13.45,,,0.73,10.48,14.25
999,normal,Tue Nov 26 12:37:32 2019,1.19,16.07,13.48,,,0.72,10.35,14.23
1000,normal,Tue Nov 26 12:37:33 2019,1.12,15.19,13.47,,,0.72,10.35,14.25
1001,normal,Tue Nov 26 12:37:34 2019,1.2,16.2,13.44,,,0.72,10.35,14.24
1002,normal,Tue Nov 26 12:37:35 2019,1.13,15.33,13.47,,,0.72,10.35,14.23
1003,normal,Tue Nov 26 12:37:36 2019,1.2,16.2,13.45,,,0.72,10.36,14.24
1004,normal,Tue Nov 26 12:37:37 2019,1.13,15.33,13.46,,,0.72,10.34,14.23
1005,normal,Tue Nov 26 12:37:38 2019,1.12,15.19,13.45,,,0.72,10.35,14.23
1006,normal,Tue Nov 26 12:37:39 2019,1.21,16.34,13.46,,,0.72,10.35,14.22
1007,normal,Tue Nov 26 12:37:40 2019,1.17,15.82,13.47,,,0.72,10.35,14.23
1008,normal,Tue Nov 26 12:37:41 2019,1.2,16.2,13.48,,,0.71,10.22,14.21
1009,normal,Tue Nov 26 12:37:42 2019,1.21,16.33,13.47,,,0.72,10.35,14.23
1010,normal,Tue Nov 26 12:37:43 2019,1.19,16.09,13.49,,,0.73,10.48,14.23
1011,normal,Tue Nov 26 12:37:44 2019,1.2,16.2,13.48,,,0.73,10.48,14.23
1012,normal,Tue Nov 26 12:37:45 2019,1.13,15.33,13.45,,,0.71,10.23,14.24
1013,normal,Tue Nov 26 12:37:46 2019,1.14,15.45,13.47,,,0.72,10.35,14.24
1014,normal,Tue Nov 26 12:37:47 2019,1.12,15.19,13.46,,,0.73,10.48,14.24
1015,normal,Tue Nov 26 12:37:48 2019,1.21,16.33,13.46,,,0.72,10.35,14.24
1016,normal,Tue Nov 26 12:37:49 2019,1.2,16.21,13.48,,,0.72,10.35,14.2
1017,normal,Tue Nov 26 12:37:50 2019,1.13,15.31,13.47,,,0.72,10.35,14.21
1018,normal,Tue Nov 26 12:37:51 2019,1.2,16.2,13.47,,,0.72,10.35,14.23
1019,normal,Tue Nov 26 12:37:52 2019,1.19,16.09,13.48,,,0.72,10.35,14.23
1020,normal,Tue Nov 26 12:37:53 2019,1.19,16.09,13.48,,,0.72,10.35,14.23
1021,normal,Tue Nov 26 12:37:54 2019,1.12,15.19,13.46,,,0.72,10.35,14.22
1022,normal,Tue Nov 26 12:37:55 2019,1.14,15.44,13.45,,,0.72,10.35,14.23
1023,normal,Tue Nov 26 12:37:56 2019,1.15,15.58,13.47,,,0.72,10.35,14.24
1024,normal,Tue Nov 26 12:37:57 2019,1.13,15.31,13.47,,,0.71,10.22,14.24
1025,normal,Tue Nov 26 12:37:58 2019,1.14,15.45,13.47,,,0.71,10.22,14.24
1026,normal,Tue Nov 26 12:37:59 2019,1.13,15.33,13.47,,,0.72,10.35,14.23
1027,normal,Tue Nov 26 12:38:00 2019,1.13,15.31,13.48,,,0.72,10.35,14.24
1028,normal,Tue Nov 26 12:38:01 2019,1.19,16.07,13.46,,,0.72,10.35,14.23
1029,normal,Tue Nov 26 12:38:02 2019,1.21,16.33,13.47,,,0.71,10.22,14.23
1030,normal,Tue Nov 26 12:38:03 2019,1.19,16.09,13.47,,,0.71,10.22,14.23
1031,normal,Tue Nov 26 12:38:04 2019,1.21,16.34,13.45,,,0.72,10.35,14.24
1032,normal,Tue Nov 26 12:38:05 2019,1.14,15.45,13.45,,,0.72,10.36,14.25
1033,normal,Tue Nov 26 12:38:06 2019,1.19,16.07,13.47,,,0.71,10.22,14.23
1034,normal,Tue Nov 26 12:38:07 2019,1.21,16.34,13.45,,,0.72,10.35,14.24
1035,normal,Tue Nov 26 12:38:08 2019,1.17,15.82,13.47,,,0.72,10.35,14.24
1036,normal,Tue Nov 26 12:38:09 2019,1.22,16.47,13.47,,,0.73,10.48,14.24
1037,normal,Tue Nov 26 12:38:10 2019,1.2,16.21,13.47,,,0.72,10.35,14.24
1038,normal,Tue Nov 26 12:38:11 2019,1.21,16.33,13.43,,,0.72,10.35,14.23
1039,normal,Tue Nov 26 12:38:12 2019,1.21,16.34,13.48,,,0.72,10.35,14.23
1040,normal,Tue Nov 26 12:38:13 2019,1.2,16.21,13.49,,,0.72,10.35,14.23
1041,normal,Tue Nov 26 12:38:14 2019,1.19,16.07,13.45,,,0.72,10.36,14.23
1042,normal,Tue Nov 26 12:38:15 2019,1.14,15.44,13.45,,,0.72,10.35,14.24
1043,normal,Tue Nov 26 12:38:16 2019,1.14,15.44,13.49,,,0.72,10.36,14.23
1044,normal,Tue Nov 26 12:38:17 2019,1.13,15.33,13.48,,,0.71,10.22,14.23
1045,normal,Tue Nov 26 12:38:18 2019,1.14,15.45,13.46,,,0.73,10.48,14.23
1046,normal,Tue Nov 26 12:38:19 2019,1.15,15.57,13.47,,,0.73,10.48,14.24
1047,normal,Tue Nov 26 12:38:20 2019,1.23,16.59,13.46,,,0.72,10.35,14.23
1048,normal,Tue Nov 26 12:38:21 2019,1.19,16.09,13.48,,,0.72,10.35,14.24
1049,normal,Tue Nov 26 12:38:22 2019,1.2,16.2,13.47,,,0.72,10.35,14.24
1050,normal,Tue Nov 26 12:38:23 2019,1.14,15.44,13.46,,,0.72,10.35,14.23
1051,normal,Tue Nov 26 12:38:24 2019,1.21,16.34,13.49,,,0.72,10.35,14.23
1052,normal,Tue Nov 26 12:38:25 2019,1.19,16.09,13.51,,,0.71,10.23,14.23
1053,normal,Tue Nov 26 12:38:26 2019,1.15,15.57,13.46,,,0.73,10.48,14.25
1054,normal,Tue Nov 26 12:38:27 2019,1.13,15.33,13.47,,,0.73,10.48,14.23
1055,normal,Tue Nov 26 12:38:28 2019,1.13,15.33,13.48,,,0.72,10.35,14.24
1056,normal,Tue Nov 26 12:38:29 2019,1.2,16.21,13.45,,,0.72,10.35,14.25
1057,normal,Tue Nov 26 12:38:30 2019,1.2,16.33,13.5,,,0.72,10.35,14.23
1058,normal,Tue Nov 26 12:38:31 2019,1.19,16.09,13.46,,,0.72,10.35,14.23
1059,normal,Tue Nov 26 12:38:32 2019,1.19,16.09,13.47,,,0.72,10.35,14.25
1060,normal,Tue Nov 26 12:38:33 2019,1.12,15.2,13.49,,,0.72,10.36,14.23
1061,normal,Tue Nov 26 12:38:34 2019,1.13,15.33,13.45,,,0.72,10.35,14.23
1062,normal,Tue Nov 26 12:38:35 2019,1.2,16.2,13.47,,,0.71,10.22,14.23
1063,normal,Tue Nov 26 12:38:36 2019,1.2,16.21,13.46,,,0.71,10.23,14.23
1064,normal,Tue Nov 26 12:38:37 2019,1.15,15.58,13.47,,,0.71,10.22,14.23
1065,normal,Tue Nov 26 12:38:38 2019,1.12,15.2,13.49,,,0.71,10.23,14.23
1066,normal,Tue Nov 26 12:38:39 2019,1.19,16.09,13.47,,,0.72,10.36,14.23
1067,normal,Tue Nov 26 12:38:40 2019,1.19,16.09,13.49,,,0.72,10.35,14.24
1068,normal,Tue Nov 26 12:38:41 2019,1.11,15.07,13.5,,,0.7,10.1,14.23
1069,normal,Tue Nov 26 12:38:42 2019,1.12,15.2,13.47,,,0.71,10.22,14.23
1070,normal,Tue Nov 26 12:38:43 2019,1.12,15.2,13.48,,,0.71,10.22,14.23
1071,normal,Tue Nov 26 12:38:44 2019,1.18,15.96,13.48,,,0.71,10.22,14.23
1072,normal,Tue Nov 26 12:38:45 2019,1.14,15.44,13.46,,,0.71,10.22,14.24
1073,normal,Tue Nov 26 12:38:46 2019,1.1,14.93,13.47,,,0.71,10.22,14.24
1074,normal,Tue Nov 26 12:38:47 2019,1.1,14.95,13.47,,,0.71,10.09,14.21
1075,normal,Tue Nov 26 12:38:48 2019,1.1,14.93,13.46,,,0.7,10.09,14.23
1076,normal,Tue Nov 26 12:38:49 2019,1.12,15.19,13.5,,,0.71,10.22,14.21
1077,normal,Tue Nov 26 12:38:50 2019,1.11,15.06,13.47,,,0.7,10.09,14.24
1078,normal,Tue Nov 26 12:38:51 2019,1.09,14.81,13.48,,,0.71,10.22,14.24
1079,normal,Tue Nov 26 12:38:52 2019,1.17,15.83,13.49,,,0.7,10.09,14.23
1080,normal,Tue Nov 26 12:38:53 2019,1.17,15.83,13.48,,,0.7,10.1,14.25
1081,normal,Tue Nov 26 12:38:54 2019,1.1,14.93,13.46,,,0.7,10.09,14.24
1082,normal,Tue Nov 26 12:38:55 2019,1.18,15.96,13.45,,,0.7,10.09,14.23
1083,normal,Tue Nov 26 12:38:56 2019,1.18,15.96,13.47,,,0.7,10.09,14.23
1084,normal,Tue Nov 26 12:38:58 2019,1.1,14.81,13.45,,,0.7,10.1,14.23
1085,normal,Tue Nov 26 12:38:59 2019,1.09,14.68,13.47,,,0.7,10.09,14.23
1086,normal,Tue Nov 26 12:39:00 2019,1.15,15.57,13.49,,,0.7,10.09,14.23
1087,normal,Tue Nov 26 12:39:01 2019,1.15,15.57,13.47,,,0.7,10.09,14.23
1088,normal,Tue Nov 26 12:39:02 2019,1.16,15.69,13.47,,,0.7,9.96,14.22
1089,normal,Tue Nov 26 12:39:03 2019,1.16,15.69,13.47,,,0.7,9.96,14.23
1090,normal,Tue Nov 26 12:39:04 2019,1.15,15.57,13.47,,,0.7,9.96,14.22
1091,normal,Tue Nov 26 12:39:05 2019,1.14,15.44,13.47,,,0.69,9.95,14.24
1092,normal,Tue Nov 26 12:39:06 2019,1.08,14.55,13.48,,,0.7,9.96,14.22
1093,normal,Tue Nov 26 12:39:07 2019,1.08,14.57,13.47,,,0.69,9.83,14.23
1094,normal,Tue Nov 26 12:39:08 2019,1.15,15.58,13.45,,,0.69,9.96,14.25
1095,normal,Tue Nov 26 12:39:09 2019,1.14,15.45,13.47,,,0.7,9.96,14.22
1096,normal,Tue Nov 26 12:39:10 2019,1.09,14.69,13.43,,,0.69,9.83,14.22
1097,normal,Tue Nov 26 12:39:11 2019,1.15,15.57,13.47,,,0.69,9.83,14.23
1098,normal,Tue Nov 26 12:39:12 2019,1.06,14.3,13.47,,,0.7,9.96,14.23
1099,normal,Tue Nov 26 12:39:13 2019,1.08,14.68,13.48,,,0.7,9.96,14.23
1100,normal,Tue Nov 26 12:39:14 2019,1.07,14.43,13.45,,,0.7,9.96,14.22
1101,normal,Tue Nov 26 12:39:15 2019,1.09,14.68,13.46,,,0.7,9.96,14.22
1102,normal,Tue Nov 26 12:39:16 2019,1.15,15.57,13.46,,,0.69,9.95,14.23
1103,normal,Tue Nov 26 12:39:17 2019,1.06,14.3,13.48,,,0.69,9.83,14.23
1104,normal,Tue Nov 26 12:39:18 2019,1.06,14.3,13.47,,,0.69,9.82,14.23
1105,normal,Tue Nov 26 12:39:19 2019,1.15,15.57,13.48,,,0.7,9.96,14.21
1106,normal,Tue Nov 26 12:39:20 2019,1.07,14.43,13.46,,,0.69,9.83,14.23
1107,normal,Tue Nov 26 12:39:21 2019,1.15,15.57,13.47,,,0.7,9.96,14.23
1108,normal,Tue Nov 26 12:39:22 2019,1.1,14.82,13.47,,,0.69,9.96,14.24
1109,normal,Tue Nov 26 12:39:23 2019,1.15,15.57,13.46,,,0.7,9.96,14.23
1110,normal,Tue Nov 26 12:39:24 2019,1.15,15.57,13.48,,,0.7,10.09,14.24
1111,normal,Tue Nov 26 12:39:25 2019,1.14,15.44,13.47,,,0.7,9.96,14.23
1112,normal,Tue Nov 26 12:39:26 2019,1.15,15.58,13.47,,,0.7,9.96,14.23
1113,normal,Tue Nov 26 12:39:27 2019,1.11,14.93,13.45,,,0.69,9.84,14.23
1114,normal,Tue Nov 26 12:39:28 2019,1.1,14.81,13.45,,,0.71,10.09,14.21
1115,normal,Tue Nov 26 12:39:29 2019,1.09,14.81,13.48,,,0.7,10.09,14.25
1116,normal,Tue Nov 26 12:39:30 2019,1.1,14.93,13.47,,,0.7,9.96,14.23
1117,normal,Tue Nov 26 12:39:31 2019,1.1,14.95,13.49,,,0.7,9.95,14.21
1118,normal,Tue Nov 26 12:39:32 2019,1.09,14.81,13.48,,,0.7,10.09,14.23
1119,normal,Tue Nov 26 12:39:33 2019,1.16,15.71,13.47,,,0.7,10.1,14.25
1120,normal,Tue Nov 26 12:39:34 2019,1.1,14.95,13.47,,,0.7,10.09,14.23
1121,normal,Tue Nov 26 12:39:35 2019,1.1,14.93,13.47,,,0.7,10.09,14.23
1122,normal,Tue Nov 26 12:39:36 2019,1.09,14.82,13.48,,,0.7,10.09,14.22
1123,normal,Tue Nov 26 12:39:37 2019,1.11,15.06,13.48,,,0.71,10.22,14.23
1124,normal,Tue Nov 26 12:39:38 2019,1.16,15.71,13.47,,,0.71,10.22,14.23
1125,normal,Tue Nov 26 12:39:39 2019,1.19,16.07,13.47,,,0.71,10.22,14.25
1126,normal,Tue Nov 26 12:39:40 2019,1.11,15.07,13.47,,,0.71,10.22,14.24
1127,normal,Tue Nov 26 12:39:41 2019,1.12,15.06,13.45,,,0.7,10.1,14.23
1128,normal,Tue Nov 26 12:39:42 2019,1.17,15.82,13.47,,,0.71,10.22,14.25
1129,normal,Tue Nov 26 12:39:43 2019,1.13,15.33,13.47,,,0.7,10.09,14.23
1130,normal,Tue Nov 26 12:39:44 2019,1.1,14.82,13.47,,,0.71,10.22,14.23
1131,normal,Tue Nov 26 12:39:45 2019,1.12,15.2,13.47,,,0.71,10.22,14.24
1132,normal,Tue Nov 26 12:39:46 2019,1.12,15.07,13.46,,,0.7,10.09,14.24
1133,normal,Tue Nov 26 12:39:47 2019,1.1,14.95,13.47,,,0.7,10.09,14.22
1134,normal,Tue Nov 26 12:39:48 2019,1.18,15.95,13.45,,,0.71,10.22,14.24
1135,normal,Tue Nov 26 12:39:49 2019,1.19,16.09,13.48,,,0.71,10.23,14.25
1136,normal,Tue Nov 26 12:39:50 2019,1.13,15.31,13.49,,,0.7,10.1,14.24
1137,normal,Tue Nov 26 12:39:51 2019,1.11,15.06,13.49,,,0.72,10.35,14.24
1138,normal,Tue Nov 26 12:39:52 2019,1.12,15.19,13.45,,,0.7,10.09,14.23
1139,normal,Tue Nov 26 12:39:53 2019,1.13,15.33,13.48,,,0.71,10.22,14.25
1140,normal,Tue Nov 26 12:39:54 2019,1.12,15.2,13.49,,,0.7,10.08,14.24
1141,normal,Tue Nov 26 12:39:55 2019,1.2,16.21,13.47,,,0.71,10.23,14.25
1142,normal,Tue Nov 26 12:39:56 2019,1.12,15.2,13.49,,,0.72,10.35,14.23
1143,normal,Tue Nov 26 12:39:57 2019,1.14,15.44,13.48,,,0.72,10.35,14.25
1144,normal,Tue Nov 26 12:39:58 2019,1.14,15.45,13.51,,,0.72,10.35,14.23
1145,normal,Tue Nov 26 12:39:59 2019,1.2,16.21,13.48,,,0.72,10.35,14.23
1146,normal,Tue Nov 26 12:40:00 2019,1.21,16.34,13.47,,,0.71,10.22,14.24
1147,normal,Tue Nov 26 12:40:01 2019,1.2,16.21,13.47,,,0.71,10.22,14.23
1148,normal,Tue Nov 26 12:40:02 2019,1.16,15.71,13.48,,,0.72,10.36,14.24
1149,normal,Tue Nov 26 12:40:03 2019,1.22,16.47,13.48,,,0.72,10.36,14.24
1150,normal,Tue Nov 26 12:40:04 2019,1.19,16.09,13.48,,,0.73,10.48,14.23
1151,normal,Tue Nov 26 12:40:05 2019,1.2,16.21,13.49,,,0.72,10.36,14.25
1152,normal,Tue Nov 26 12:40:06 2019,1.13,15.31,13.49,,,0.72,10.35,14.24
1153,normal,Tue Nov 26 12:40:07 2019,1.16,15.71,13.47,,,0.72,10.35,14.23
1154,normal,Tue Nov 26 12:40:08 2019,1.12,15.19,13.47,,,0.73,10.48,14.23
1155,normal,Tue Nov 26 12:40:09 2019,1.2,16.21,13.49,,,0.72,10.36,14.25
1156,normal,Tue Nov 26 12:40:10 2019,1.2,16.21,13.47,,,0.72,10.36,14.23
1157,normal,Tue Nov 26 12:40:11 2019,1.22,16.47,13.5,,,0.71,10.23,14.25
1158,normal,Tue Nov 26 12:40:12 2019,1.21,16.33,13.47,,,0.72,10.36,14.23
1159,normal,Tue Nov 26 12:40:13 2019,1.13,15.33,13.49,,,0.72,10.35,14.24
1160,normal,Tue Nov 26 12:40:14 2019,1.2,16.21,13.47,,,0.72,10.36,14.24
1161,normal,Tue Nov 26 12:40:15 2019,1.13,15.31,13.47,,,0.72,10.35,14.24
1162,normal,Tue Nov 26 12:40:16 2019,1.21,16.34,13.47,,,0.72,10.36,14.23
1163,normal,Tue Nov 26 12:40:17 2019,1.14,15.45,13.47,,,0.72,10.35,14.2
1164,normal,Tue Nov 26 12:40:18 2019,1.13,15.33,13.49,,,0.72,10.35,14.24
1165,normal,Tue Nov 26 12:40:19 2019,1.2,16.2,13.48,,,0.72,10.36,14.22
1166,normal,Tue Nov 26 12:40:20 2019,1.15,15.57,13.48,,,0.73,10.48,14.24
1167,normal,Tue Nov 26 12:40:21 2019,1.2,16.21,13.47,,,0.72,10.36,14.25
1168,normal,Tue Nov 26 12:40:22 2019,1.14,15.45,13.47,,,0.71,10.23,14.24
1169,normal,Tue Nov 26 12:40:23 2019,1.19,16.09,13.47,,,0.72,10.35,14.23
1170,normal,Tue Nov 26 12:40:24 2019,1.13,15.33,13.46,,,0.73,10.48,14.23
1171,normal,Tue Nov 26 12:40:25 2019,1.19,16.09,13.47,,,0.72,10.35,14.23
1172,normal,Tue Nov 26 12:40:26 2019,1.11,15.07,13.47,,,0.72,10.36,14.24
1173,normal,Tue Nov 26 12:40:27 2019,1.19,16.09,13.47,,,0.72,10.36,14.23
1174,normal,Tue Nov 26 12:40:28 2019,1.21,16.33,13.49,,,0.72,10.36,14.25
1175,normal,Tue Nov 26 12:40:29 2019,1.15,15.58,13.49,,,0.72,10.35,14.25
1176,normal,Tue Nov 26 12:40:30 2019,1.22,16.47,13.5,,,0.72,10.36,14.25
1177,normal,Tue Nov 26 12:40:31 2019,1.2,16.21,13.49,,,0.73,10.48,14.23
1178,normal,Tue Nov 26 12:40:32 2019,1.13,15.33,13.47,,,0.72,10.36,14.23
1179,normal,Tue Nov 26 12:40:33 2019,1.2,16.21,13.48,,,0.71,10.23,14.24
1180,normal,Tue Nov 26 12:40:34 2019,1.14,15.45,13.5,,,0.72,10.36,14.24
1181,normal,Tue Nov 26 12:40:35 2019,1.19,16.09,13.47,,,0.72,10.35,14.24
1182,normal,Tue Nov 26 12:40:36 2019,1.19,16.09,13.46,,,0.72,10.36,14.25
1183,normal,Tue Nov 26 12:40:37 2019,1.2,16.21,13.47,,,0.73,10.48,14.24
1184,normal,Tue Nov 26 12:40:38 2019,1.2,16.21,13.45,,,0.72,10.36,14.23
1185,normal,Tue Nov 26 12:40:39 2019,1.12,15.2,13.47,,,0.72,10.36,14.24
1186,normal,Tue Nov 26 12:40:40 2019,1.14,15.45,13.48,,,0.72,10.36,14.22
1187,normal,Tue Nov 26 12:40:41 2019,1.2,16.21,13.49,,,0.72,10.36,14.24
1188,normal,Tue Nov 26 12:40:42 2019,1.11,15.07,13.48,,,0.72,10.36,14.24
1189,normal,Tue Nov 26 12:40:43 2019,1.13,15.2,13.45,,,0.71,10.22,14.24
1190,normal,Tue Nov 26 12:40:45 2019,1.2,16.21,13.49,,,0.72,10.36,14.25
1191,normal,Tue Nov 26 12:40:46 2019,1.22,16.47,13.49,,,0.73,10.48,14.24
1192,normal,Tue Nov 26 12:40:47 2019,1.21,16.34,13.49,,,0.72,10.36,14.24
1193,normal,Tue Nov 26 12:40:48 2019,1.14,15.33,13.44,,,0.72,10.35,14.23
1194,normal,Tue Nov 26 12:40:49 2019,1.13,15.33,13.49,,,0.73,10.48,14.24
1195,normal,Tue Nov 26 12:40:50 2019,1.16,15.71,13.47,,,0.72,10.36,14.25
1196,normal,Tue Nov 26 12:40:51 2019,1.2,16.21,13.48,,,0.72,10.36,14.24
1197,normal,Tue Nov 26 12:40:52 2019,1.14,15.45,13.47,,,0.72,10.36,14.25
1198,normal,Tue Nov 26 12:40:53 2019,1.12,15.2,13.47,,,0.72,10.36,14.25
1199,normal,Tue Nov 26 12:40:54 2019,1.21,16.34,13.49,,,0.72,10.36,14.24
1200,normal,Tue Nov 26 12:40:55 2019,1.13,15.33,13.47,,,0.73,10.48,14.24
1201,normal,Tue Nov 26 12:40:56 2019,1.17,15.83,13.48,,,0.71,10.22,14.25
1202,normal,Tue Nov 26 12:40:57 2019,1.15,15.58,13.51,,,0.71,10.23,14.23
1203,normal,Tue Nov 26 12:40:58 2019,1.12,15.2,13.46,,,0.72,10.36,14.24
1204,normal,Tue Nov 26 12:40:59 2019,1.12,15.2,13.48,,,0.72,10.35,14.23
1205,normal,Tue Nov 26 12:41:00 2019,1.14,15.45,13.47,,,0.72,10.35,14.24
1206,normal,Tue Nov 26 12:41:01 2019,1.21,16.34,13.49,,,0.72,10.36,14.25
1207,normal,Tue Nov 26 12:41:02 2019,1.19,16.09,13.48,,,0.72,10.35,14.24
1208,normal,Tue Nov 26 12:41:03 2019,1.21,16.47,13.51,,,0.71,10.22,14.25
1209,normal,Tue Nov 26 12:41:04 2019,1.17,15.83,13.49,,,0.72,10.35,14.25
1210,normal,Tue Nov 26 12:41:05 2019,1.22,16.47,13.47,,,0.72,10.36,14.24
1211,normal,Tue Nov 26 12:41:06 2019,1.19,16.09,13.49,,,0.72,10.36,14.24
1212,normal,Tue Nov 26 12:41:07 2019,1.13,15.33,13.51,,,0.72,10.36,14.25
1213,normal,Tue Nov 26 12:41:08 2019,1.2,16.21,13.47,,,0.72,10.36,14.24
1214,normal,Tue Nov 26 12:41:09 2019,1.23,16.59,13.46,,,0.72,10.36,14.23
1215,normal,Tue Nov 26 12:41:10 2019,1.19,16.09,13.49,,,0.72,10.35,14.23
1216,normal,Tue Nov 26 12:41:11 2019,1.21,16.34,13.47,,,0.72,10.36,14.24
1217,normal,Tue Nov 26 12:41:12 2019,1.14,15.45,13.47,,,0.72,10.36,14.25
1218,normal,Tue Nov 26 12:41:13 2019,1.14,15.45,13.49,,,0.72,10.36,14.25
1219,normal,Tue Nov 26 12:41:14 2019,1.2,16.21,13.45,,,0.72,10.36,14.24
1220,normal,Tue Nov 26 12:41:15 2019,1.14,15.45,13.48,,,0.72,10.36,14.24
1221,normal,Tue Nov 26 12:41:16 2019,1.12,15.2,13.46,,,0.72,10.36,14.24
1222,normal,Tue Nov 26 12:41:17 2019,1.19,16.09,13.44,,,0.72,10.36,14.25
1223,normal,Tue Nov 26 12:41:18 2019,1.2,16.21,13.47,,,0.72,10.36,14.25
1224,normal,Tue Nov 26 12:41:19 2019,1.21,16.34,13.47,,,0.72,10.35,14.24
1225,normal,Tue Nov 26 12:41:20 2019,1.19,16.09,13.51,,,0.72,10.36,14.23
1226,normal,Tue Nov 26 12:41:21 2019,1.13,15.33,13.47,,,0.72,10.36,14.25
1227,normal,Tue Nov 26 12:41:22 2019,1.13,15.33,13.45,,,0.72,10.35,14.24
1228,normal,Tue Nov 26 12:41:23 2019,1.13,15.33,13.49,,,0.72,10.36,14.24
1229,normal,Tue Nov 26 12:41:24 2019,1.13,15.33,13.47,,,0.73,10.48,14.25
1230,normal,Tue Nov 26 12:41:25 2019,1.13,15.33,13.47,,,0.73,10.48,14.25
1231,normal,Tue Nov 26 12:41:26 2019,1.12,15.2,13.48,,,0.72,10.36,14.24
1232,normal,Tue Nov 26 12:41:27 2019,1.13,15.33,13.48,,,0.72,10.35,14.24
1233,normal,Tue Nov 26 12:41:28 2019,1.11,15.07,13.51,,,0.72,10.36,14.24
1234,normal,Tue Nov 26 12:41:29 2019,1.11,15.07,13.47,,,0.72,10.36,14.25
1235,normal,Tue Nov 26 12:41:30 2019,1.19,16.09,13.49,,,0.73,10.48,14.23
1236,normal,Tue Nov 26 12:41:31 2019,1.13,15.33,13.48,,,0.72,10.35,14.24
1237,normal,Tue Nov 26 12:41:32 2019,1.2,16.21,13.47,,,0.72,10.36,14.25
1238,normal,Tue Nov 26 12:41:33 2019,1.12,15.2,13.48,,,0.72,10.36,14.24
1239,normal,Tue Nov 26 12:41:34 2019,1.2,16.21,13.47,,,0.72,10.36,14.24
1240,normal,Tue Nov 26 12:41:35 2019,1.21,16.34,13.48,,,0.72,10.36,14.26
1241,normal,Tue Nov 26 12:41:36 2019,1.19,16.09,13.48,,,0.72,10.36,14.24
1242,normal,Tue Nov 26 12:41:37 2019,1.17,15.83,13.46,,,0.72,10.36,14.25
1243,normal,Tue Nov 26 12:41:38 2019,1.15,15.58,13.49,,,0.72,10.36,14.23
1244,normal,Tue Nov 26 12:41:39 2019,1.14,15.45,13.47,,,0.72,10.36,14.24
1245,normal,Tue Nov 26 12:41:40 2019,1.13,15.33,13.49,,,0.72,10.36,14.25
1246,normal,Tue Nov 26 12:41:41 2019,1.12,15.2,13.48,,,0.72,10.36,14.24
1247,normal,Tue Nov 26 12:41:42 2019,1.13,15.33,13.46,,,0.72,10.35,14.24
1248,normal,Tue Nov 26 12:41:43 2019,1.21,16.34,13.48,,,0.72,10.36,14.24
1249,normal,Tue Nov 26 12:41:44 2019,1.22,16.47,13.46,,,0.71,10.23,14.25
1250,normal,Tue Nov 26 12:41:45 2019,1.12,15.2,13.46,,,0.72,10.36,14.24
1251,normal,Tue Nov 26 12:41:46 2019,1.15,15.58,13.46,,,0.72,10.36,14.25
1252,normal,Tue Nov 26 12:41:47 2019,1.17,15.83,13.48,,,0.72,10.36,14.26
1253,normal,Tue Nov 26 12:41:48 2019,1.13,15.34,13.47,,,0.71,10.23,14.23
1254,normal,Tue Nov 26 12:41:49 2019,1.19,16.09,13.48,,,0.72,10.35,14.25
1255,normal,Tue Nov 26 12:41:50 2019,1.18,15.96,13.47,,,0.71,10.23,14.25
1256,normal,Tue Nov 26 12:41:51 2019,1.18,15.96,13.47,,,0.73,10.48,14.25
1257,normal,Tue Nov 26 12:41:52 2019,1.12,15.2,13.47,,,0.72,10.36,14.25
1258,normal,Tue Nov 26 12:41:53 2019,1.15,15.58,13.46,,,0.71,10.23,14.23
1259,normal,Tue Nov 26 12:41:54 2019,1.2,16.21,13.51,,,0.72,10.36,14.23
1260,normal,Tue Nov 26 12:41:55 2019,1.13,15.33,13.47,,,0.72,10.36,14.25
1261,normal,Tue Nov 26 12:41:56 2019,1.12,15.07,13.45,,,0.71,10.23,14.25
1262,normal,Tue Nov 26 12:41:57 2019,1.21,16.34,13.48,,,0.72,10.36,14.25
1263,normal,Tue Nov 26 12:41:58 2019,1.21,16.34,13.47,,,0.72,10.36,14.24
1264,normal,Tue Nov 26 12:41:59 2019,1.12,15.2,13.46,,,0.72,10.36,14.24
1265,normal,Tue Nov 26 12:42:00 2019,1.16,15.71,13.49,,,0.73,10.48,14.25
1266,normal,Tue Nov 26 12:42:01 2019,1.15,15.58,13.47,,,0.72,10.36,14.23
1267,normal,Tue Nov 26 12:42:02 2019,1.21,16.35,13.48,,,0.72,10.36,14.23
1268,normal,Tue Nov 26 12:42:03 2019,1.14,15.45,13.47,,,0.72,10.36,14.25
1269,normal,Tue Nov 26 12:42:04 2019,1.13,15.33,13.46,,,0.71,10.23,14.25
1270,normal,Tue Nov 26 12:42:05 2019,1.2,16.21,13.48,,,0.72,10.36,14.25
1271,normal,Tue Nov 26 12:42:06 2019,1.13,15.33,13.48,,,0.73,10.48,14.25
1272,normal,Tue Nov 26 12:42:07 2019,1.12,15.2,13.49,,,0.72,10.36,14.24
1273,normal,Tue Nov 26 12:42:08 2019,1.21,16.34,13.48,,,0.71,10.23,14.25
1274,normal,Tue Nov 26 12:42:09 2019,1.19,16.1,13.49,,,0.72,10.36,14.25
1275,normal,Tue Nov 26 12:42:10 2019,1.11,15.07,13.47,,,0.72,10.36,14.23
1276,normal,Tue Nov 26 12:42:11 2019,1.11,15.07,13.47,,,0.71,10.23,14.23
1277,normal,Tue Nov 26 12:42:12 2019,1.14,15.45,13.48,,,0.71,10.23,14.23
1278,normal,Tue Nov 26 12:42:13 2019,1.1,14.95,13.47,,,0.71,10.23,14.23
1279,normal,Tue Nov 26 12:42:14 2019,1.18,15.96,13.48,,,0.72,10.36,14.25
1280,normal,Tue Nov 26 12:42:15 2019,1.19,16.09,13.47,,,0.72,10.36,14.25
1281,normal,Tue Nov 26 12:42:16 2019,1.12,15.2,13.47,,,0.71,10.23,14.23
1282,normal,Tue Nov 26 12:42:17 2019,1.13,15.2,13.45,,,0.71,10.23,14.23
1283,normal,Tue Nov 26 12:42:18 2019,1.2,16.23,13.48,,,0.72,10.36,14.23
1284,normal,Tue Nov 26 12:42:19 2019,1.13,15.33,13.47,,,0.71,10.23,14.27
1285,normal,Tue Nov 26 12:42:21 2019,1.1,14.95,13.48,,,0.71,10.23,14.25
1286,normal,Tue Nov 26 12:42:22 2019,1.18,15.96,13.52,,,0.71,10.22,14.23
1287,normal,Tue Nov 26 12:42:23 2019,1.14,15.45,13.48,,,0.72,10.36,14.25
1288,normal,Tue Nov 26 12:42:24 2019,1.13,15.33,13.49,,,0.72,10.36,14.25
1289,normal,Tue Nov 26 12:42:25 2019,1.19,16.09,13.47,,,0.71,10.23,14.23
1290,normal,Tue Nov 26 12:42:26 2019,1.12,15.2,13.49,,,0.72,10.36,14.23
1291,normal,Tue Nov 26 12:42:27 2019,1.19,16.09,13.49,,,0.71,10.23,14.22
1292,normal,Tue Nov 26 12:42:28 2019,1.12,15.2,13.5,,,0.72,10.36,14.25
1293,normal,Tue Nov 26 12:42:29 2019,1.19,16.09,13.48,,,0.72,10.36,14.23
1294,normal,Tue Nov 26 12:42:30 2019,1.19,16.09,13.48,,,0.71,10.23,14.23
1295,normal,Tue Nov 26 12:42:31 2019,1.2,16.21,13.47,,,0.72,10.36,14.25
1296,normal,Tue Nov 26 12:42:32 2019,1.16,15.71,13.49,,,0.72,10.36,14.23
1297,normal,Tue Nov 26 12:42:33 2019,1.14,15.45,13.46,,,0.72,10.36,14.25
1298,normal,Tue Nov 26 12:42:34 2019,1.21,16.34,13.47,,,0.72,10.36,14.26
1299,normal,Tue Nov 26 12:42:35 2019,1.19,16.1,13.48,,,0.72,10.36,14.26
1300,normal,Tue Nov 26 12:42:36 2019,1.21,16.34,13.47,,,0.72,10.36,14.25
1301,normal,Tue Nov 26 12:42:37 2019,1.19,16.1,13.49,,,0.72,10.36,14.24
1302,normal,Tue Nov 26 12:42:38 2019,1.12,15.2,13.47,,,0.72,10.36,14.23
1303,normal,Tue Nov 26 12:42:39 2019,1.14,15.45,13.48,,,0.71,10.23,14.24
1304,normal,Tue Nov 26 12:42:40 2019,1.14,15.45,13.48,,,0.71,10.23,14.25
1305,normal,Tue Nov 26 12:42:41 2019,1.19,16.09,13.48,,,0.71,10.23,14.24
1306,normal,Tue Nov 26 12:42:42 2019,1.2,16.21,13.48,,,0.72,10.36,14.23
1307,normal,Tue Nov 26 12:42:43 2019,1.17,15.83,13.47,,,0.71,10.23,14.24
1308,normal,Tue Nov 26 12:42:44 2019,1.11,15.07,13.47,,,0.71,10.23,14.24
1309,normal,Tue Nov 26 12:42:45 2019,1.14,15.45,13.48,,,0.71,10.23,14.26
1310,normal,Tue Nov 26 12:42:46 2019,1.18,15.97,13.47,,,0.71,10.23,14.25
1311,normal,Tue Nov 26 12:42:47 2019,1.14,15.45,13.49,,,0.71,10.23,14.24
1312,normal,Tue Nov 26 12:42:48 2019,1.11,14.95,13.45,,,0.71,10.23,14.24
1313,normal,Tue Nov 26 12:42:49 2019,1.2,16.21,13.46,,,0.71,10.23,14.24
1314,normal,Tue Nov 26 12:42:50 2019,1.18,15.96,13.48,,,0.72,10.36,14.25
1315,normal,Tue Nov 26 12:42:51 2019,1.11,15.07,13.49,,,0.72,10.36,14.23
1316,normal,Tue Nov 26 12:42:52 2019,1.17,15.83,13.47,,,0.71,10.23,14.23
1317,normal,Tue Nov 26 12:42:53 2019,1.12,15.2,13.49,,,0.71,10.23,14.23