,Condition,Date/Time,current,power,voltage
0,normal,Wed Nov  6 19:40:54 2019,0.19,2.8,14.47
1,normal,Wed Nov  6 19:40:55 2019,0.21,3.07,14.47
2,normal,Wed Nov  6 19:40:56 2019,0.18,2.67,14.45
3,normal,Wed Nov  6 19:40:57 2019,0.17,2.53,14.46
4,normal,Wed Nov  6 19:40:58 2019,0.21,3.07,14.45
5,normal,Wed Nov  6 19:40:59 2019,0.16,2.4,14.45
6,normal,Wed Nov  6 19:41:00 2019,0.2,2.93,14.45
7,normal,Wed Nov  6 19:41:01 2019,0.19,2.8,14.45
8,normal,Wed Nov  6 19:41:02 2019,0.18,2.67,14.45
9,normal,Wed Nov  6 19:41:03 2019,0.13,2.0,14.45
10,normal,Wed Nov  6 19:41:04 2019,0.16,2.4,14.46
11,normal,Wed Nov  6 19:41:05 2019,0.18,2.67,14.45
12,normal,Wed Nov  6 19:41:06 2019,0.21,3.07,14.47
13,normal,Wed Nov  6 19:41:07 2019,0.21,3.07,14.47
14,normal,Wed Nov  6 19:41:08 2019,0.19,2.8,14.47
15,normal,Wed Nov  6 19:41:09 2019,0.16,2.4,14.46
16,normal,Wed Nov  6 19:41:10 2019,0.17,2.53,14.47
17,normal,Wed Nov  6 19:41:11 2019,0.22,3.2,14.46
18,normal,Wed Nov  6 19:41:12 2019,0.21,3.07,14.47
19,normal,Wed Nov  6 19:41:13 2019,0.2,2.93,14.46
20,normal,Wed Nov  6 19:41:14 2019,0.2,2.93,14.43
21,normal,Wed Nov  6 19:41:15 2019,0.15,2.26,14.45
22,normal,Wed Nov  6 19:41:16 2019,0.18,2.67,14.45
23,normal,Wed Nov  6 19:41:17 2019,0.16,2.4,14.45
24,normal,Wed Nov  6 19:41:18 2019,0.19,2.8,14.45
25,normal,Wed Nov  6 19:41:19 2019,0.21,3.07,14.44
26,normal,Wed Nov  6 19:41:20 2019,0.17,2.53,14.46
27,normal,Wed Nov  6 19:41:21 2019,0.14,2.13,14.46
28,normal,Wed Nov  6 19:41:22 2019,0.2,2.93,14.47
29,normal,Wed Nov  6 19:41:23 2019,0.18,2.67,14.44
30,normal,Wed Nov  6 19:41:24 2019,0.17,2.53,14.45
31,normal,Wed Nov  6 19:41:25 2019,0.18,2.67,14.45
32,normal,Wed Nov  6 19:41:26 2019,0.21,3.07,14.45
33,normal,Wed Nov  6 19:41:27 2019,0.16,2.4,14.45
34,normal,Wed Nov  6 19:41:28 2019,0.2,2.93,14.46
35,normal,Wed Nov  6 19:41:29 2019,0.14,2.13,14.46
36,normal,Wed Nov  6 19:41:30 2019,0.22,3.2,14.46
37,normal,Wed Nov  6 19:41:31 2019,0.22,3.2,14.46
38,normal,Wed Nov  6 19:41:32 2019,0.17,2.53,14.45
39,normal,Wed Nov  6 19:41:33 2019,0.14,2.13,14.45
40,normal,Wed Nov  6 19:41:34 2019,0.19,2.8,14.45
41,normal,Wed Nov  6 19:41:35 2019,0.18,2.67,14.45
42,normal,Wed Nov  6 19:41:36 2019,0.14,2.13,14.45
43,normal,Wed Nov  6 19:41:37 2019,0.17,2.53,14.44
44,normal,Wed Nov  6 19:41:38 2019,0.18,2.67,14.45
45,normal,Wed Nov  6 19:41:39 2019,0.17,2.53,14.46
46,normal,Wed Nov  6 19:41:40 2019,0.22,3.2,14.46
47,normal,Wed Nov  6 19:41:41 2019,0.15,2.26,14.47
48,normal,Wed Nov  6 19:41:42 2019,0.16,2.4,14.44
49,normal,Wed Nov  6 19:41:43 2019,0.18,2.67,14.46
50,normal,Wed Nov  6 19:41:44 2019,0.19,2.8,14.45
51,normal,Wed Nov  6 19:41:45 2019,0.16,2.4,14.45
52,normal,Wed Nov  6 19:41:46 2019,0.16,2.4,14.47
53,normal,Wed Nov  6 19:41:47 2019,0.16,2.4,14.47
54,normal,Wed Nov  6 19:41:48 2019,0.18,2.67,14.46
55,normal,Wed Nov  6 19:41:49 2019,0.19,2.8,14.47
56,normal,Wed Nov  6 19:41:50 2019,0.17,2.53,14.47
57,normal,Wed Nov  6 19:41:51 2019,0.16,2.4,14.45
58,normal,Wed Nov  6 19:41:52 2019,0.18,2.67,14.45
59,normal,Wed Nov  6 19:41:53 2019,0.17,2.53,14.46
60,normal,Wed Nov  6 19:41:54 2019,0.17,2.53,14.44
61,normal,Wed Nov  6 19:41:55 2019,0.17,2.53,14.46
62,normal,Wed Nov  6 19:41:56 2019,0.2,2.93,14.45
63,normal,Wed Nov  6 19:41:57 2019,0.19,2.8,14.44
64,normal,Wed Nov  6 19:41:58 2019,0.17,2.53,14.45
65,normal,Wed Nov  6 19:41:59 2019,0.14,2.13,14.45
66,normal,Wed Nov  6 19:42:00 2019,0.18,2.66,14.44
67,normal,Wed Nov  6 19:42:01 2019,0.19,2.8,14.45
68,normal,Wed Nov  6 19:42:02 2019,0.13,2.0,14.44
69,normal,Wed Nov  6 19:42:03 2019,0.21,3.06,14.44
70,normal,Wed Nov  6 19:42:04 2019,0.16,2.4,14.44
71,normal,Wed Nov  6 19:42:05 2019,0.17,2.53,14.45
72,normal,Wed Nov  6 19:42:06 2019,0.15,2.26,14.47
73,normal,Wed Nov  6 19:42:07 2019,0.14,2.13,14.45
74,normal,Wed Nov  6 19:42:08 2019,0.21,3.06,14.45
75,normal,Wed Nov  6 19:42:09 2019,0.16,2.4,14.45
76,normal,Wed Nov  6 19:42:10 2019,0.19,2.8,14.44
77,normal,Wed Nov  6 19:42:11 2019,0.17,2.53,14.44
78,normal,Wed Nov  6 19:42:12 2019,0.18,2.66,14.44
79,normal,Wed Nov  6 19:42:13 2019,0.19,2.79,14.42
80,normal,Wed Nov  6 19:42:14 2019,0.17,2.53,14.44
81,normal,Wed Nov  6 19:42:15 2019,0.15,2.26,14.44
82,normal,Wed Nov  6 19:42:16 2019,0.12,1.86,14.43
83,normal,Wed Nov  6 19:42:17 2019,0.2,2.93,14.44
84,normal,Wed Nov  6 19:42:18 2019,0.2,2.93,14.46
85,normal,Wed Nov  6 19:42:19 2019,0.18,2.66,14.45
86,normal,Wed Nov  6 19:42:20 2019,0.21,3.07,14.45
87,normal,Wed Nov  6 19:42:21 2019,0.16,2.4,14.47
88,normal,Wed Nov  6 19:42:23 2019,0.18,2.66,14.45
89,normal,Wed Nov  6 19:42:24 2019,0.15,2.26,14.45
90,normal,Wed Nov  6 19:42:25 2019,0.15,2.26,14.44
91,normal,Wed Nov  6 19:42:26 2019,0.13,2.0,14.45
92,normal,Wed Nov  6 19:42:27 2019,0.16,2.4,14.45
93,normal,Wed Nov  6 19:42:28 2019,0.2,2.93,14.43
94,normal,Wed Nov  6 19:42:29 2019,0.18,2.66,14.44
95,normal,Wed Nov  6 19:42:30 2019,0.13,1.99,14.43
96,normal,Wed Nov  6 19:42:31 2019,0.13,2.0,14.44
97,normal,Wed Nov  6 19:42:32 2019,0.18,2.66,14.44
98,normal,Wed Nov  6 19:42:33 2019,0.19,2.8,14.44
99,normal,Wed Nov  6 19:42:34 2019,0.14,2.13,14.44
100,normal,Wed Nov  6 19:42:35 2019,0.15,2.26,14.44
101,normal,Wed Nov  6 19:42:36 2019,0.13,2.0,14.44
102,normal,Wed Nov  6 19:42:37 2019,0.16,2.4,14.44
103,normal,Wed Nov  6 19:42:38 2019,0.17,2.53,14.43
104,normal,Wed Nov  6 19:42:39 2019,0.14,2.13,14.44
105,normal,Wed Nov  6 19:42:40 2019,0.15,2.26,14.46
106,normal,Wed Nov  6 19:42:41 2019,0.17,2.53,14.42
107,normal,Wed Nov  6 19:42:42 2019,0.19,2.79,14.42
108,normal,Wed Nov  6 19:42:43 2019,0.13,2.0,14.45
109,normal,Wed Nov  6 19:42:44 2019,0.13,2.0,14.44
110,normal,Wed Nov  6 19:42:45 2019,0.19,2.79,14.43
111,normal,Wed Nov  6 19:42:46 2019,0.18,2.66,14.42
112,normal,Wed Nov  6 19:42:47 2019,0.16,2.4,14.43
113,normal,Wed Nov  6 19:42:48 2019,0.14,2.13,14.43
114,normal,Wed Nov  6 19:42:49 2019,0.13,1.99,14.42
115,normal,Wed Nov  6 19:42:50 2019,0.16,2.4,14.45
116,normal,Wed Nov  6 19:42:51 2019,0.15,2.26,14.42
117,normal,Wed Nov  6 19:42:52 2019,0.2,2.93,14.42
118,normal,Wed Nov  6 19:42:53 2019,0.2,2.93,14.44
119,normal,Wed Nov  6 19:42:54 2019,0.19,2.8,14.44
120,normal,Wed Nov  6 19:42:55 2019,0.14,2.13,14.44
121,normal,Wed Nov  6 19:42:56 2019,0.18,2.66,14.44
122,normal,Wed Nov  6 19:42:57 2019,0.14,2.13,14.47
123,normal,Wed Nov  6 19:42:58 2019,0.19,2.79,14.43
124,normal,Wed Nov  6 19:42:59 2019,0.14,2.13,14.44
125,normal,Wed Nov  6 19:43:00 2019,0.16,2.39,14.43
126,normal,Wed Nov  6 19:43:01 2019,0.2,2.93,14.44
127,normal,Wed Nov  6 19:43:02 2019,0.16,2.39,14.43
128,normal,Wed Nov  6 19:43:03 2019,0.17,2.53,14.43
129,normal,Wed Nov  6 19:43:04 2019,0.16,2.39,14.44
130,normal,Wed Nov  6 19:43:05 2019,0.16,2.39,14.44
131,normal,Wed Nov  6 19:43:06 2019,0.19,2.79,14.44
132,normal,Wed Nov  6 19:43:07 2019,0.16,2.39,14.43
133,normal,Wed Nov  6 19:43:08 2019,0.17,2.53,14.42
134,normal,Wed Nov  6 19:43:09 2019,0.18,2.66,14.44
135,normal,Wed Nov  6 19:43:10 2019,0.18,2.66,14.43
136,normal,Wed Nov  6 19:43:11 2019,0.12,1.86,14.43
137,normal,Wed Nov  6 19:43:12 2019,0.16,2.39,14.42
138,normal,Wed Nov  6 19:43:13 2019,0.19,2.79,14.43
139,normal,Wed Nov  6 19:43:14 2019,0.16,2.39,14.43
140,normal,Wed Nov  6 19:43:15 2019,0.14,2.13,14.43
141,normal,Wed Nov  6 19:43:16 2019,0.17,2.53,14.43
142,normal,Wed Nov  6 19:43:17 2019,0.15,2.26,14.44
143,normal,Wed Nov  6 19:43:18 2019,0.17,2.53,14.44
144,normal,Wed Nov  6 19:43:19 2019,0.2,2.93,14.43
145,normal,Wed Nov  6 19:43:20 2019,0.18,2.66,14.43
146,normal,Wed Nov  6 19:43:21 2019,0.16,2.39,14.43
147,normal,Wed Nov  6 19:43:22 2019,0.17,2.53,14.44
148,normal,Wed Nov  6 19:43:23 2019,0.13,1.99,14.42
149,normal,Wed Nov  6 19:43:24 2019,0.19,2.79,14.42
150,normal,Wed Nov  6 19:43:25 2019,0.19,2.79,14.42
151,normal,Wed Nov  6 19:43:26 2019,0.14,2.13,14.4
152,normal,Wed Nov  6 19:43:27 2019,0.16,2.39,14.42
153,normal,Wed Nov  6 19:43:28 2019,0.19,2.79,14.43
154,normal,Wed Nov  6 19:43:29 2019,0.2,2.93,14.43
155,normal,Wed Nov  6 19:43:30 2019,0.13,1.99,14.42
156,normal,Wed Nov  6 19:43:31 2019,0.13,1.99,14.42
157,normal,Wed Nov  6 19:43:32 2019,0.16,2.39,14.44
158,normal,Wed Nov  6 19:43:33 2019,0.2,2.93,14.44
159,normal,Wed Nov  6 19:43:34 2019,0.2,2.93,14.43
160,normal,Wed Nov  6 19:43:35 2019,0.13,1.99,14.42
161,normal,Wed Nov  6 19:43:36 2019,0.15,2.26,14.43
162,normal,Wed Nov  6 19:43:37 2019,0.14,2.13,14.42
163,normal,Wed Nov  6 19:43:38 2019,0.15,2.26,14.44
164,normal,Wed Nov  6 19:43:39 2019,0.2,2.93,14.43
165,normal,Wed Nov  6 19:43:40 2019,0.14,2.13,14.44
166,normal,Wed Nov  6 19:43:41 2019,0.2,2.93,14.43
167,normal,Wed Nov  6 19:43:42 2019,0.18,2.66,14.42
168,normal,Wed Nov  6 19:43:43 2019,0.2,2.93,14.43
169,normal,Wed Nov  6 19:43:44 2019,0.21,3.06,14.44
170,normal,Wed Nov  6 19:43:45 2019,0.15,2.26,14.43
171,normal,Wed Nov  6 19:43:46 2019,0.16,2.39,14.42
172,normal,Wed Nov  6 19:43:47 2019,0.21,3.06,14.42
173,normal,Wed Nov  6 19:43:48 2019,0.2,2.93,14.42
174,normal,Wed Nov  6 19:43:49 2019,0.21,3.06,14.43
175,normal,Wed Nov  6 19:43:50 2019,0.11,1.59,14.36
176,normal,Wed Nov  6 19:43:51 2019,0.13,1.99,14.43
177,normal,Wed Nov  6 19:43:52 2019,0.14,2.13,14.43
178,normal,Wed Nov  6 19:43:53 2019,0.17,2.53,14.43
179,normal,Wed Nov  6 19:43:54 2019,0.13,1.99,14.43
180,normal,Wed Nov  6 19:43:55 2019,0.14,2.13,14.42
181,normal,Wed Nov  6 19:43:56 2019,0.21,3.06,14.42
182,normal,Wed Nov  6 19:43:57 2019,0.21,3.06,14.43
183,normal,Wed Nov  6 19:43:58 2019,0.22,3.19,14.43
184,normal,Wed Nov  6 19:43:59 2019,0.19,2.79,14.43
185,normal,Wed Nov  6 19:44:00 2019,0.15,2.26,14.42
186,normal,Wed Nov  6 19:44:01 2019,0.2,2.93,14.44
187,normal,Wed Nov  6 19:44:02 2019,0.16,2.39,14.44
188,normal,Wed Nov  6 19:44:03 2019,0.15,2.26,14.42
189,normal,Wed Nov  6 19:44:04 2019,0.19,2.79,14.41
190,normal,Wed Nov  6 19:44:05 2019,0.19,2.79,14.42
191,normal,Wed Nov  6 19:44:06 2019,0.16,2.39,14.43
192,normal,Wed Nov  6 19:44:07 2019,0.19,2.79,14.43
193,normal,Wed Nov  6 19:44:08 2019,0.2,2.93,14.43
194,normal,Wed Nov  6 19:44:09 2019,0.17,2.53,14.43
195,normal,Wed Nov  6 19:44:10 2019,0.2,2.93,14.42
196,normal,Wed Nov  6 19:44:12 2019,0.2,2.93,14.43
197,normal,Wed Nov  6 19:44:13 2019,0.19,2.79,14.42
198,normal,Wed Nov  6 19:44:14 2019,0.16,2.39,14.41
199,normal,Wed Nov  6 19:44:15 2019,0.16,2.39,14.43
200,normal,Wed Nov  6 19:44:16 2019,0.2,2.93,14.42
201,normal,Wed Nov  6 19:44:17 2019,0.15,2.26,14.45
202,normal,Wed Nov  6 19:44:18 2019,0.14,2.13,14.44
203,normal,Wed Nov  6 19:44:19 2019,0.14,2.13,14.42
204,normal,Wed Nov  6 19:44:20 2019,0.2,2.93,14.41
205,normal,Wed Nov  6 19:44:21 2019,0.19,2.79,14.42
206,normal,Wed Nov  6 19:44:22 2019,0.14,2.13,14.42
207,normal,Wed Nov  6 19:44:23 2019,0.2,2.93,14.43
208,normal,Wed Nov  6 19:44:24 2019,0.15,2.26,14.42
209,normal,Wed Nov  6 19:44:25 2019,0.17,2.53,14.42
210,normal,Wed Nov  6 19:44:26 2019,0.18,2.66,14.41
211,normal,Wed Nov  6 19:44:27 2019,0.18,2.66,14.43
212,normal,Wed Nov  6 19:44:28 2019,0.18,2.66,14.44
213,normal,Wed Nov  6 19:44:29 2019,0.17,2.53,14.42
214,normal,Wed Nov  6 19:44:30 2019,0.2,2.93,14.42
215,normal,Wed Nov  6 19:44:31 2019,0.15,2.26,14.41
216,normal,Wed Nov  6 19:44:32 2019,0.15,2.26,14.41
217,normal,Wed Nov  6 19:44:33 2019,0.17,2.53,14.42
218,normal,Wed Nov  6 19:44:34 2019,0.12,1.86,14.41
219,normal,Wed Nov  6 19:44:35 2019,0.17,2.53,14.42
220,normal,Wed Nov  6 19:44:36 2019,0.14,2.13,14.41
221,normal,Wed Nov  6 19:44:37 2019,0.14,2.13,14.42
222,normal,Wed Nov  6 19:44:38 2019,0.16,2.39,14.41
223,normal,Wed Nov  6 19:44:39 2019,0.12,1.86,14.41
224,normal,Wed Nov  6 19:44:40 2019,0.16,2.39,14.42
225,normal,Wed Nov  6 19:44:41 2019,0.18,2.66,14.42
226,normal,Wed Nov  6 19:44:42 2019,0.2,2.93,14.42
227,normal,Wed Nov  6 19:44:43 2019,0.13,1.99,14.41
228,normal,Wed Nov  6 19:44:44 2019,0.16,2.39,14.4
229,normal,Wed Nov  6 19:44:45 2019,0.14,2.13,14.42
230,normal,Wed Nov  6 19:44:46 2019,0.15,2.26,14.39
231,normal,Wed Nov  6 19:44:47 2019,0.17,2.53,14.41
232,normal,Wed Nov  6 19:44:48 2019,0.12,1.86,14.41
233,normal,Wed Nov  6 19:44:49 2019,0.15,2.26,14.41
234,normal,Wed Nov  6 19:44:50 2019,0.16,2.39,14.43
235,normal,Wed Nov  6 19:44:51 2019,0.13,1.99,14.41
236,normal,Wed Nov  6 19:44:52 2019,0.13,1.99,14.41
237,normal,Wed Nov  6 19:44:53 2019,0.13,1.99,14.4
238,normal,Wed Nov  6 19:44:54 2019,0.16,2.39,14.4
239,normal,Wed Nov  6 19:44:55 2019,0.12,1.86,14.41
240,normal,Wed Nov  6 19:44:56 2019,0.16,2.39,14.4
241,normal,Wed Nov  6 19:44:57 2019,0.14,2.13,14.39
242,normal,Wed Nov  6 19:44:58 2019,0.15,2.26,14.42
243,normal,Wed Nov  6 19:44:59 2019,0.17,2.53,14.42
244,normal,Wed Nov  6 19:45:00 2019,0.12,1.86,14.41
245,normal,Wed Nov  6 19:45:01 2019,0.17,2.52,14.4
246,normal,Wed Nov  6 19:45:02 2019,0.19,2.79,14.39
247,normal,Wed Nov  6 19:45:03 2019,0.15,2.26,14.4
248,normal,Wed Nov  6 19:45:04 2019,0.16,2.39,14.41
249,normal,Wed Nov  6 19:45:05 2019,0.15,2.26,14.41
250,normal,Wed Nov  6 19:45:06 2019,0.17,2.52,14.42
251,normal,Wed Nov  6 19:45:07 2019,0.16,2.39,14.4
252,normal,Wed Nov  6 19:45:08 2019,0.13,1.99,14.4
253,normal,Wed Nov  6 19:45:09 2019,0.14,2.12,14.4
254,normal,Wed Nov  6 19:45:10 2019,0.16,2.39,14.42
255,normal,Wed Nov  6 19:45:11 2019,0.14,2.13,14.4
256,normal,Wed Nov  6 19:45:12 2019,0.18,2.66,14.4
257,normal,Wed Nov  6 19:45:13 2019,0.14,2.12,14.4
258,normal,Wed Nov  6 19:45:14 2019,0.12,1.73,14.4
259,normal,Wed Nov  6 19:45:15 2019,0.14,2.12,14.38
260,normal,Wed Nov  6 19:45:16 2019,0.13,1.99,14.38
261,normal,Wed Nov  6 19:45:17 2019,0.12,1.73,14.39
262,normal,Wed Nov  6 19:45:18 2019,0.13,1.99,14.38
263,normal,Wed Nov  6 19:45:19 2019,0.12,1.73,14.39
264,normal,Wed Nov  6 19:45:20 2019,0.14,2.12,14.41
265,normal,Wed Nov  6 19:45:21 2019,0.17,2.52,14.38
266,normal,Wed Nov  6 19:45:22 2019,0.17,2.52,14.4
267,normal,Wed Nov  6 19:45:23 2019,0.18,2.66,14.4
268,normal,Wed Nov  6 19:45:24 2019,0.13,1.99,14.38
269,normal,Wed Nov  6 19:45:25 2019,0.14,2.12,14.39
270,normal,Wed Nov  6 19:45:26 2019,0.14,2.12,14.4
271,normal,Wed Nov  6 19:45:27 2019,0.12,1.73,14.38
272,normal,Wed Nov  6 19:45:28 2019,0.12,1.73,14.41
273,normal,Wed Nov  6 19:45:29 2019,0.14,2.13,14.38
274,normal,Wed Nov  6 19:45:30 2019,0.13,1.99,14.4
275,normal,Wed Nov  6 19:45:31 2019,0.13,1.99,14.37
276,normal,Wed Nov  6 19:45:32 2019,0.17,2.52,14.39
277,normal,Wed Nov  6 19:45:33 2019,0.12,1.86,14.38
278,normal,Wed Nov  6 19:45:34 2019,0.14,2.12,14.38
279,normal,Wed Nov  6 19:45:35 2019,0.12,1.86,14.36
280,normal,Wed Nov  6 19:45:36 2019,0.14,2.12,14.38
281,normal,Wed Nov  6 19:45:37 2019,0.12,1.86,14.38
282,normal,Wed Nov  6 19:45:38 2019,0.13,1.99,14.4
283,normal,Wed Nov  6 19:45:39 2019,0.15,2.26,14.38
284,normal,Wed Nov  6 19:45:40 2019,0.12,1.86,14.4
285,normal,Wed Nov  6 19:45:41 2019,0.16,2.39,14.38
286,normal,Wed Nov  6 19:45:42 2019,0.12,1.86,14.4
287,normal,Wed Nov  6 19:45:43 2019,0.14,2.12,14.42
288,normal,Wed Nov  6 19:45:44 2019,0.14,2.12,14.39
289,normal,Wed Nov  6 19:45:45 2019,0.15,2.26,14.36
290,normal,Wed Nov  6 19:45:46 2019,0.12,1.72,14.39
291,normal,Wed Nov  6 19:45:47 2019,0.15,2.26,14.39
292,normal,Wed Nov  6 19:45:48 2019,0.12,1.73,14.41
293,normal,Wed Nov  6 19:45:49 2019,0.12,1.86,14.39
294,normal,Wed Nov  6 19:45:50 2019,0.14,2.12,14.38
295,normal,Wed Nov  6 19:45:51 2019,0.13,1.99,14.38
296,normal,Wed Nov  6 19:45:52 2019,0.13,1.99,14.4
297,normal,Wed Nov  6 19:45:53 2019,0.12,1.72,14.38
298,normal,Wed Nov  6 19:45:54 2019,0.14,2.12,14.4
299,normal,Wed Nov  6 19:45:55 2019,0.14,2.12,14.38
300,normal,Wed Nov  6 19:45:56 2019,0.13,1.99,14.38
301,normal,Wed Nov  6 19:45:57 2019,0.12,1.72,14.38
302,normal,Wed Nov  6 19:45:59 2019,0.12,1.86,14.37
303,normal,Wed Nov  6 19:46:00 2019,0.14,2.12,14.36
304,normal,Wed Nov  6 19:46:01 2019,0.12,1.86,14.38
305,normal,Wed Nov  6 19:46:02 2019,0.12,1.86,14.35
306,normal,Wed Nov  6 19:46:03 2019,0.13,1.99,14.38
307,normal,Wed Nov  6 19:46:04 2019,0.13,1.99,14.37
308,normal,Wed Nov  6 19:46:05 2019,0.11,1.59,14.38
309,normal,Wed Nov  6 19:46:06 2019,0.13,1.99,14.38
310,normal,Wed Nov  6 19:46:07 2019,0.14,2.12,14.36
311,normal,Wed Nov  6 19:46:08 2019,0.13,1.99,14.38
312,normal,Wed Nov  6 19:46:09 2019,0.12,1.86,14.37
313,normal,Wed Nov  6 19:46:10 2019,0.1,1.46,14.38
314,normal,Wed Nov  6 19:46:11 2019,0.12,1.86,14.37
315,normal,Wed Nov  6 19:46:12 2019,0.12,1.72,14.37
316,normal,Wed Nov  6 19:46:13 2019,0.12,1.86,14.36
317,normal,Wed Nov  6 19:46:14 2019,0.14,2.12,14.37
318,normal,Wed Nov  6 19:46:15 2019,0.1,1.46,14.36
319,normal,Wed Nov  6 19:46:16 2019,0.1,1.46,14.37
320,normal,Wed Nov  6 19:46:17 2019,0.12,1.72,14.34
321,normal,Wed Nov  6 19:46:18 2019,0.12,1.86,14.35
322,normal,Wed Nov  6 19:46:19 2019,0.11,1.59,14.37
323,normal,Wed Nov  6 19:46:20 2019,0.11,1.59,14.38
324,normal,Wed Nov  6 19:46:21 2019,0.11,1.59,14.38
325,normal,Wed Nov  6 19:46:22 2019,0.12,1.72,14.36
326,normal,Wed Nov  6 19:46:23 2019,0.1,1.46,14.36
327,normal,Wed Nov  6 19:46:24 2019,0.12,1.86,14.36
328,normal,Wed Nov  6 19:46:25 2019,0.12,1.86,14.35
329,normal,Wed Nov  6 19:46:26 2019,0.12,1.86,14.36
330,normal,Wed Nov  6 19:46:27 2019,0.1,1.46,14.36
331,normal,Wed Nov  6 19:46:28 2019,0.1,1.46,14.35
332,normal,Wed Nov  6 19:46:29 2019,0.12,1.72,14.35
333,normal,Wed Nov  6 19:46:30 2019,0.13,1.99,14.36
334,normal,Wed Nov  6 19:46:31 2019,0.11,1.59,14.36
335,normal,Wed Nov  6 19:46:32 2019,0.09,1.32,14.36
336,normal,Wed Nov  6 19:46:33 2019,0.11,1.59,14.35
337,normal,Wed Nov  6 19:46:34 2019,0.08,1.19,14.37
338,normal,Wed Nov  6 19:46:35 2019,0.1,1.46,14.34
339,normal,Wed Nov  6 19:46:36 2019,0.13,1.99,14.36
340,normal,Wed Nov  6 19:46:37 2019,0.12,1.72,14.34
341,normal,Wed Nov  6 19:46:38 2019,0.13,1.99,14.36
342,normal,Wed Nov  6 19:46:39 2019,0.1,1.46,14.35
343,normal,Wed Nov  6 19:46:40 2019,0.1,1.46,14.36
344,normal,Wed Nov  6 19:46:41 2019,0.1,1.46,14.35
345,normal,Wed Nov  6 19:46:42 2019,0.09,1.32,14.35
346,normal,Wed Nov  6 19:46:43 2019,0.09,1.32,14.32
347,normal,Wed Nov  6 19:46:44 2019,0.12,1.72,14.35
348,normal,Wed Nov  6 19:46:45 2019,0.1,1.46,14.34
349,normal,Wed Nov  6 19:46:46 2019,0.12,1.72,14.35
350,normal,Wed Nov  6 19:46:47 2019,0.12,1.72,14.34
351,normal,Wed Nov  6 19:46:48 2019,0.1,1.46,14.34
352,normal,Wed Nov  6 19:46:49 2019,0.11,1.59,14.33
353,normal,Wed Nov  6 19:46:50 2019,0.09,1.32,14.32
354,normal,Wed Nov  6 19:46:51 2019,0.1,1.46,14.34
355,normal,Wed Nov  6 19:46:52 2019,0.09,1.32,14.34
356,normal,Wed Nov  6 19:46:53 2019,0.1,1.46,14.34
357,normal,Wed Nov  6 19:46:54 2019,0.11,1.59,14.34
358,normal,Wed Nov  6 19:46:55 2019,0.09,1.32,14.33
359,normal,Wed Nov  6 19:46:56 2019,0.11,1.59,14.35
360,normal,Wed Nov  6 19:46:57 2019,0.11,1.59,14.34
361,normal,Wed Nov  6 19:46:58 2019,0.09,1.32,14.38
362,normal,Wed Nov  6 19:46:59 2019,0.1,1.46,14.33
363,normal,Wed Nov  6 19:47:00 2019,0.12,1.72,14.35
364,normal,Wed Nov  6 19:47:01 2019,0.08,1.19,14.35
365,normal,Wed Nov  6 19:47:02 2019,0.12,1.72,14.34
366,normal,Wed Nov  6 19:47:03 2019,0.12,1.72,14.33
367,normal,Wed Nov  6 19:47:04 2019,0.11,1.59,14.34
368,normal,Wed Nov  6 19:47:05 2019,0.12,1.72,14.34
369,normal,Wed Nov  6 19:47:06 2019,0.11,1.59,14.33
370,normal,Wed Nov  6 19:47:07 2019,0.11,1.59,14.35
371,normal,Wed Nov  6 19:47:08 2019,0.1,1.46,14.32
372,normal,Wed Nov  6 19:47:09 2019,0.08,1.19,14.32
373,normal,Wed Nov  6 19:47:10 2019,0.12,1.72,14.34
374,normal,Wed Nov  6 19:47:11 2019,0.1,1.46,14.33
375,normal,Wed Nov  6 19:47:12 2019,0.12,1.72,14.35
376,normal,Wed Nov  6 19:47:13 2019,0.12,1.72,14.33
377,normal,Wed Nov  6 19:47:14 2019,0.1,1.46,14.34
378,normal,Wed Nov  6 19:47:15 2019,0.11,1.59,14.33
379,normal,Wed Nov  6 19:47:16 2019,0.08,1.19,14.34
380,normal,Wed Nov  6 19:47:17 2019,0.11,1.59,14.31
381,normal,Wed Nov  6 19:47:18 2019,0.1,1.46,14.34
382,normal,Wed Nov  6 19:47:19 2019,0.1,1.46,14.33
383,normal,Wed Nov  6 19:47:20 2019,0.1,1.46,14.34
384,normal,Wed Nov  6 19:47:21 2019,0.08,1.19,14.32
385,normal,Wed Nov  6 19:47:22 2019,0.11,1.59,14.34
386,normal,Wed Nov  6 19:47:23 2019,0.12,1.72,14.33
387,normal,Wed Nov  6 19:47:24 2019,0.09,1.32,14.33
388,normal,Wed Nov  6 19:47:25 2019,0.08,1.19,14.32
389,normal,Wed Nov  6 19:47:26 2019,0.08,1.19,14.32
390,normal,Wed Nov  6 19:47:27 2019,0.07,1.06,14.33
391,normal,Wed Nov  6 19:47:28 2019,0.11,1.59,14.33
392,normal,Wed Nov  6 19:47:29 2019,0.1,1.46,14.33
393,normal,Wed Nov  6 19:47:30 2019,0.09,1.32,14.32
394,normal,Wed Nov  6 19:47:31 2019,0.11,1.59,14.33
395,normal,Wed Nov  6 19:47:32 2019,0.1,1.46,14.34
396,normal,Wed Nov  6 19:47:33 2019,0.1,1.46,14.33
397,normal,Wed Nov  6 19:47:34 2019,0.09,1.32,14.32
398,normal,Wed Nov  6 19:47:35 2019,0.08,1.19,14.32
399,normal,Wed Nov  6 19:47:36 2019,0.1,1.45,14.32
400,normal,Wed Nov  6 19:47:37 2019,0.1,1.45,14.32
401,normal,Wed Nov  6 19:47:38 2019,0.1,1.46,14.31
402,normal,Wed Nov  6 19:47:39 2019,0.1,1.45,14.32
403,normal,Wed Nov  6 19:47:40 2019,0.09,1.32,14.32
404,normal,Wed Nov  6 19:47:41 2019,0.09,1.32,14.32
405,normal,Wed Nov  6 19:47:42 2019,0.1,1.45,14.32
406,normal,Wed Nov  6 19:47:43 2019,0.08,1.19,14.33
407,normal,Wed Nov  6 19:47:44 2019,0.09,1.32,14.32
408,normal,Wed Nov  6 19:47:45 2019,0.08,1.19,14.32
409,normal,Wed Nov  6 19:47:46 2019,0.07,1.06,14.32
410,normal,Wed Nov  6 19:47:47 2019,0.1,1.45,14.33
411,normal,Wed Nov  6 19:47:48 2019,0.09,1.32,14.33
412,normal,Wed Nov  6 19:47:50 2019,0.07,1.06,14.32
413,normal,Wed Nov  6 19:47:51 2019,0.08,1.19,14.32
414,normal,Wed Nov  6 19:47:52 2019,0.08,1.19,14.33
415,normal,Wed Nov  6 19:47:53 2019,0.1,1.46,14.32
416,normal,Wed Nov  6 19:47:54 2019,0.08,1.19,14.31
417,normal,Wed Nov  6 19:47:55 2019,0.1,1.45,14.32
418,normal,Wed Nov  6 19:47:56 2019,0.12,1.72,14.34
419,normal,Wed Nov  6 19:47:57 2019,0.1,1.45,14.33
420,normal,Wed Nov  6 19:47:58 2019,0.11,1.59,14.33
421,normal,Wed Nov  6 19:47:59 2019,0.11,1.59,14.32
422,normal,Wed Nov  6 19:48:00 2019,0.09,1.32,14.32
423,normal,Wed Nov  6 19:48:01 2019,0.09,1.32,14.31
424,normal,Wed Nov  6 19:48:02 2019,0.08,1.19,14.33
425,normal,Wed Nov  6 19:48:03 2019,0.11,1.59,14.31
426,normal,Wed Nov  6 19:48:04 2019,0.09,1.32,14.32
427,normal,Wed Nov  6 19:48:05 2019,0.11,1.59,14.32
428,normal,Wed Nov  6 19:48:06 2019,0.09,1.32,14.31
429,normal,Wed Nov  6 19:48:07 2019,0.08,1.19,14.32
430,normal,Wed Nov  6 19:48:08 2019,0.11,1.59,14.32
431,normal,Wed Nov  6 19:48:09 2019,0.11,1.59,14.31
432,normal,Wed Nov  6 19:48:10 2019,0.07,1.06,14.31
433,normal,Wed Nov  6 19:48:11 2019,0.09,1.32,14.32
434,normal,Wed Nov  6 19:48:12 2019,0.09,1.32,14.32
435,normal,Wed Nov  6 19:48:13 2019,0.08,1.19,14.32
436,normal,Wed Nov  6 19:48:14 2019,0.09,1.32,14.29
437,normal,Wed Nov  6 19:48:15 2019,0.09,1.32,14.32
438,normal,Wed Nov  6 19:48:16 2019,0.08,1.19,14.33
439,normal,Wed Nov  6 19:48:17 2019,0.08,1.19,14.32
440,normal,Wed Nov  6 19:48:18 2019,0.11,1.59,14.32
441,normal,Wed Nov  6 19:48:19 2019,0.1,1.45,14.33
442,normal,Wed Nov  6 19:48:20 2019,0.11,1.59,14.32
443,normal,Wed Nov  6 19:48:21 2019,0.1,1.45,14.32
444,normal,Wed Nov  6 19:48:22 2019,0.1,1.45,14.32
445,normal,Wed Nov  6 19:48:23 2019,0.1,1.45,14.32
446,normal,Wed Nov  6 19:48:24 2019,0.11,1.59,14.32
447,normal,Wed Nov  6 19:48:25 2019,0.1,1.45,14.33
448,normal,Wed Nov  6 19:48:26 2019,0.09,1.32,14.31
449,normal,Wed Nov  6 19:48:27 2019,0.1,1.45,14.32
450,normal,Wed Nov  6 19:48:28 2019,0.11,1.59,14.31
451,normal,Wed Nov  6 19:48:29 2019,0.1,1.45,14.32
452,normal,Wed Nov  6 19:48:30 2019,0.09,1.32,14.31
453,normal,Wed Nov  6 19:48:31 2019,0.09,1.32,14.29
454,normal,Wed Nov  6 19:48:32 2019,0.1,1.45,14.32
455,normal,Wed Nov  6 19:48:33 2019,0.11,1.59,14.31
456,normal,Wed Nov  6 19:48:34 2019,0.11,1.59,14.32
457,normal,Wed Nov  6 19:48:35 2019,0.1,1.45,14.32
458,normal,Wed Nov  6 19:48:36 2019,0.11,1.59,14.32
459,normal,Wed Nov  6 19:48:37 2019,0.08,1.19,14.32
460,normal,Wed Nov  6 19:48:38 2019,0.09,1.32,14.32
461,normal,Wed Nov  6 19:48:39 2019,0.11,1.59,14.33
462,normal,Wed Nov  6 19:48:40 2019,0.12,1.72,14.33
463,normal,Wed Nov  6 19:48:41 2019,0.08,1.19,14.32
464,normal,Wed Nov  6 19:48:42 2019,0.09,1.32,14.32
465,normal,Wed Nov  6 19:48:43 2019,0.09,1.32,14.34
466,normal,Wed Nov  6 19:48:44 2019,0.09,1.32,14.31
467,normal,Wed Nov  6 19:48:45 2019,0.1,1.45,14.32
468,normal,Wed Nov  6 19:48:46 2019,0.1,1.45,14.32
469,normal,Wed Nov  6 19:48:47 2019,0.1,1.45,14.31
470,normal,Wed Nov  6 19:48:48 2019,0.09,1.32,14.31
471,normal,Wed Nov  6 19:48:49 2019,0.12,1.72,14.31
472,normal,Wed Nov  6 19:48:50 2019,0.1,1.45,14.31
473,normal,Wed Nov  6 19:48:51 2019,0.1,1.45,14.32
474,normal,Wed Nov  6 19:48:52 2019,0.08,1.19,14.32
475,normal,Wed Nov  6 19:48:53 2019,0.1,1.45,14.31
476,normal,Wed Nov  6 19:48:54 2019,0.09,1.32,14.31
477,normal,Wed Nov  6 19:48:55 2019,0.12,1.72,14.31
478,normal,Wed Nov  6 19:48:56 2019,0.1,1.45,14.32
479,normal,Wed Nov  6 19:48:57 2019,0.08,1.19,14.31
480,normal,Wed Nov  6 19:48:58 2019,0.12,1.72,14.32
481,normal,Wed Nov  6 19:48:59 2019,0.09,1.32,14.29
482,normal,Wed Nov  6 19:49:00 2019,0.1,1.45,14.31
483,normal,Wed Nov  6 19:49:01 2019,0.08,1.19,14.32
484,normal,Wed Nov  6 19:49:02 2019,0.11,1.59,14.3
485,normal,Wed Nov  6 19:49:03 2019,0.12,1.85,14.34
486,normal,Wed Nov  6 19:49:04 2019,0.09,1.32,14.32
487,normal,Wed Nov  6 19:49:05 2019,0.09,1.32,14.31
488,normal,Wed Nov  6 19:49:06 2019,0.12,1.72,14.31
489,normal,Wed Nov  6 19:49:07 2019,0.1,1.45,14.31
490,normal,Wed Nov  6 19:49:08 2019,0.1,1.45,14.31
491,normal,Wed Nov  6 19:49:09 2019,0.12,1.72,14.31
492,normal,Wed Nov  6 19:49:10 2019,0.1,1.45,14.31
493,normal,Wed Nov  6 19:49:11 2019,0.11,1.59,14.33
494,normal,Wed Nov  6 19:49:12 2019,0.12,1.85,14.33
495,normal,Wed Nov  6 19:49:13 2019,0.11,1.59,14.32
496,normal,Wed Nov  6 19:49:14 2019,0.1,1.45,14.31
497,normal,Wed Nov  6 19:49:15 2019,0.1,1.45,14.32
498,normal,Wed Nov  6 19:49:16 2019,0.1,1.45,14.31
499,normal,Wed Nov  6 19:49:17 2019,0.11,1.59,14.31
500,normal,Wed Nov  6 19:49:18 2019,0.11,1.59,14.32
501,normal,Wed Nov  6 19:49:19 2019,0.1,1.45,14.33
502,normal,Wed Nov  6 19:49:20 2019,0.12,1.72,14.34
503,normal,Wed Nov  6 19:49:21 2019,0.12,1.72,14.33
504,normal,Wed Nov  6 19:49:22 2019,0.12,1.72,14.33
505,normal,Wed Nov  6 19:49:23 2019,0.1,1.45,14.33
506,normal,Wed Nov  6 19:49:24 2019,0.11,1.59,14.31
507,normal,Wed Nov  6 19:49:25 2019,0.12,1.72,14.32
508,normal,Wed Nov  6 19:49:26 2019,0.12,1.85,14.34
509,normal,Wed Nov  6 19:49:27 2019,0.12,1.72,14.32
510,normal,Wed Nov  6 19:49:28 2019,0.12,1.72,14.33
511,normal,Wed Nov  6 19:49:29 2019,0.11,1.59,14.32
512,normal,Wed Nov  6 19:49:30 2019,0.11,1.59,14.32
513,normal,Wed Nov  6 19:49:31 2019,0.1,1.45,14.33
514,normal,Wed Nov  6 19:49:32 2019,0.11,1.59,14.29
515,normal,Wed Nov  6 19:49:33 2019,0.12,1.72,14.32
516,normal,Wed Nov  6 19:49:34 2019,0.12,1.72,14.32
517,normal,Wed Nov  6 19:49:36 2019,0.13,1.98,14.32
518,normal,Wed Nov  6 19:49:37 2019,0.12,1.85,14.34
519,normal,Wed Nov  6 19:49:38 2019,0.12,1.72,14.31
520,normal,Wed Nov  6 19:49:39 2019,0.11,1.59,14.32
521,normal,Wed Nov  6 19:49:40 2019,0.11,1.59,14.31
522,normal,Wed Nov  6 19:49:41 2019,0.11,1.59,14.33
523,normal,Wed Nov  6 19:49:42 2019,0.11,1.59,14.31
524,normal,Wed Nov  6 19:49:43 2019,0.12,1.85,14.34
525,normal,Wed Nov  6 19:49:44 2019,0.12,1.85,14.34
526,normal,Wed Nov  6 19:49:45 2019,0.12,1.72,14.33
527,normal,Wed Nov  6 19:49:46 2019,0.12,1.72,14.32
528,normal,Wed Nov  6 19:49:47 2019,0.12,1.72,14.33
529,normal,Wed Nov  6 19:49:48 2019,0.12,1.85,14.31
530,normal,Wed Nov  6 19:49:49 2019,0.12,1.72,14.29
531,normal,Wed Nov  6 19:49:50 2019,0.12,1.72,14.3
532,normal,Wed Nov  6 19:49:51 2019,0.12,1.85,14.34
533,normal,Wed Nov  6 19:49:52 2019,0.11,1.59,14.34
534,normal,Wed Nov  6 19:49:53 2019,0.13,1.98,14.32
535,normal,Wed Nov  6 19:49:54 2019,0.12,1.72,14.33
536,normal,Wed Nov  6 19:49:55 2019,0.12,1.72,14.32
537,normal,Wed Nov  6 19:49:56 2019,0.12,1.72,14.33
538,normal,Wed Nov  6 19:49:57 2019,0.12,1.72,14.32
539,normal,Wed Nov  6 19:49:58 2019,0.12,1.72,14.35
540,normal,Wed Nov  6 19:49:59 2019,0.12,1.85,14.33
541,normal,Wed Nov  6 19:50:00 2019,0.12,1.72,14.32
542,normal,Wed Nov  6 19:50:01 2019,0.12,1.85,14.33
543,normal,Wed Nov  6 19:50:02 2019,0.12,1.85,14.32
544,normal,Wed Nov  6 19:50:03 2019,0.12,1.72,14.34
545,normal,Wed Nov  6 19:50:04 2019,0.12,1.85,14.32
546,normal,Wed Nov  6 19:50:05 2019,0.13,1.98,14.34
547,normal,Wed Nov  6 19:50:06 2019,0.12,1.85,14.33
548,normal,Wed Nov  6 19:50:07 2019,0.13,1.98,14.35
549,normal,Wed Nov  6 19:50:08 2019,0.12,1.72,14.32
550,normal,Wed Nov  6 19:50:09 2019,0.12,1.72,14.32
551,normal,Wed Nov  6 19:50:10 2019,0.12,1.85,14.34
552,normal,Wed Nov  6 19:50:11 2019,0.12,1.85,14.33
553,normal,Wed Nov  6 19:50:12 2019,0.13,1.98,14.33
554,normal,Wed Nov  6 19:50:13 2019,0.12,1.85,14.33
555,normal,Wed Nov  6 19:50:14 2019,0.13,1.98,14.34
556,normal,Wed Nov  6 19:50:15 2019,0.12,1.85,14.34
557,normal,Wed Nov  6 19:50:16 2019,0.13,1.98,14.34
558,normal,Wed Nov  6 19:50:17 2019,0.12,1.72,14.34
559,normal,Wed Nov  6 19:50:18 2019,0.13,1.98,14.32
560,normal,Wed Nov  6 19:50:19 2019,0.13,1.98,14.33
561,normal,Wed Nov  6 19:50:20 2019,0.12,1.72,14.35
562,normal,Wed Nov  6 19:50:21 2019,0.12,1.85,14.33
563,normal,Wed Nov  6 19:50:22 2019,0.12,1.72,14.35
564,normal,Wed Nov  6 19:50:23 2019,0.12,1.85,14.33
565,normal,Wed Nov  6 19:50:24 2019,0.12,1.72,14.31
566,normal,Wed Nov  6 19:50:25 2019,0.12,1.85,14.33
567,normal,Wed Nov  6 19:50:26 2019,0.12,1.85,14.33
568,normal,Wed Nov  6 19:50:27 2019,0.13,1.98,14.34
569,normal,Wed Nov  6 19:50:28 2019,0.12,1.85,14.33
570,normal,Wed Nov  6 19:50:29 2019,0.14,2.12,14.34
571,normal,Wed Nov  6 19:50:30 2019,0.12,1.85,14.36
572,normal,Wed Nov  6 19:50:31 2019,0.13,1.98,14.34
573,normal,Wed Nov  6 19:50:32 2019,0.14,2.12,14.32
574,normal,Wed Nov  6 19:50:33 2019,0.12,1.85,14.33
575,normal,Wed Nov  6 19:50:34 2019,0.12,1.72,14.33
576,normal,Wed Nov  6 19:50:35 2019,0.12,1.72,14.33
577,normal,Wed Nov  6 19:50:36 2019,0.13,1.98,14.32
578,normal,Wed Nov  6 19:50:37 2019,0.13,1.98,14.34
579,normal,Wed Nov  6 19:50:38 2019,0.13,1.98,14.32
580,normal,Wed Nov  6 19:50:39 2019,0.12,1.85,14.34
581,normal,Wed Nov  6 19:50:40 2019,0.12,1.85,14.33
582,normal,Wed Nov  6 19:50:41 2019,0.13,1.98,14.32
583,normal,Wed Nov  6 19:50:42 2019,0.12,1.85,14.31
584,normal,Wed Nov  6 19:50:43 2019,0.13,1.98,14.31
585,normal,Wed Nov  6 19:50:44 2019,0.13,1.98,14.33
586,normal,Wed Nov  6 19:50:45 2019,0.13,1.98,14.34
587,normal,Wed Nov  6 19:50:46 2019,0.12,1.85,14.33
588,normal,Wed Nov  6 19:50:47 2019,0.12,1.85,14.32
589,normal,Wed Nov  6 19:50:48 2019,0.12,1.85,14.35
590,normal,Wed Nov  6 19:50:49 2019,0.12,1.85,14.34
591,normal,Wed Nov  6 19:50:50 2019,0.13,1.98,14.32
592,normal,Wed Nov  6 19:50:51 2019,0.12,1.85,14.33
593,normal,Wed Nov  6 19:50:52 2019,0.13,1.98,14.32
594,normal,Wed Nov  6 19:50:53 2019,0.12,1.85,14.36
595,normal,Wed Nov  6 19:50:54 2019,0.12,1.72,14.32
596,normal,Wed Nov  6 19:50:55 2019,0.12,1.72,14.32
597,normal,Wed Nov  6 19:50:56 2019,0.12,1.85,14.33
598,normal,Wed Nov  6 19:50:57 2019,0.12,1.72,14.34
599,normal,Wed Nov  6 19:50:58 2019,0.12,1.85,14.32
